Admission No,Student Name,Mobile No,Course,Subject,Admission Date,Father Name,Mother Name,Father Occupation,DOB,Gender,Category,Subcast,Permanent Address,Present Address,District,State,Domicile,Email,Aadhaar No,Subject 4,Subject 5,Subject 6,Last Exam,Last Exam Year,Last Subject,Last Roll No,Last Enroll No,Board,Total Marks,Obtain Marks,Division,Percentage,Remark
980/55125,JATIN KIBE,8646331403,M.A. (Previous),ARTS,14-01-2026,MAANAV BEHL,MEGHA CHERIAN,ENGINEER,15-03-2008,Male,GEN,,"23/62, NORI NAGAR, SASARAM-437463","15/427, CHANDRAN CIRCLE, SHIMLA 674712",JANJGIR-CHAMPA,C.G.,NO,jasongokhale@example.net,364493870821,,,,GRADUATION,2021,ARTS,33213379,744970813,CBSE,500,377,FIRST,75.4,
228/81779,ALKA DHAWAN,8216321484,B.Sc. Computer Science,COMPUTER,26-02-2026,EKALINGA JAGGI,UCCHAL SARMA,ARTIST,05-04-2003,Female,ST,,"19, CHEEMA PATH, JUNAGADH-397083","64/78, SANGHVI CHOWK, SAHARSA-283727",MAHASAMUND,C.G.,NO,devika81@example.org,269731268344,,,,12TH,2020,SCIENCE,71212274,074382658,HEMCHAND YADAV UNIVERSITY,500,442,FIRST,88.4,
816/79373,TANVI KRISH,4222393149,M.Sc. (Chemistry - Final),CHEMISTRY,20-01-2026,JACKSON GOUR,ISHANI MUTTI,ARTIST,22-10-2008,Female,OBC,,"H.NO. 94, TATA STREET, BIJAPUR 466729","873, AGATE STREET, BULANDSHAHR 429040",SUKMA,C.G.,YES,dwali@example.com,562969557730,,,,GRADUATION,2024,SCIENCE,91198407,368534064,CBSE,500,472,FIRST,94.4,
908/16802,NACHIKET SRINIVASAN,5322927803,M.Sc. (Botany - Previous),BOTANY,21-02-2026,AMOL BHARGAVA,YASHODHARA CHAR,DOCTOR,15-02-2001,Male,GEN,,"28/448, DHAR ROAD, MEDININAGAR 706474","115, SETHI PATH, JORHAT 801310",RAIGARH,C.G.,YES,manicharan@example.org,026363007324,,,,GRADUATION,2022,SCIENCE,14954794,255056630,STATE BOARD,500,341,FIRST,68.2,
204/34076,AMARA DUGAR,0552960537,M.Sc. (Botany - Previous),BOTANY,01-02-2026,BALJIWAN DASS,IJAYA MAJUMDAR,GOVT EMPLOYEE,01-06-2004,Female,OBC,,"42/00, SULE STREET, MEERUT 156832","H.NO. 82, MOHAN CIRCLE, BOKARO 329726",KONDAGAON,C.G.,YES,vanyajha@example.net,515776691329,,,,GRADUATION,2020,SCIENCE,77439650,613459565,CBSE,500,353,FIRST,70.6,
120/70404,KALA DEEP,3208127293,B.Sc. (Biology),BIOLOGY,19-03-2026,EKAPAD MANDER,KASHVI PARMAR,MECHANIC,24-08-2006,Female,OBC,,"52/797, COMAR STREET, GAYA-963042","H.NO. 951, SAGAR CIRCLE, SURENDRANAGAR DUDHREJ-441469",NARAYANPUR,C.G.,YES,rsrinivas@example.org,966974173394,,,,12TH,2024,SCIENCE,80841466,504515427,HEMCHAND YADAV UNIVERSITY,500,318,FIRST,63.6,
852/59932,KAI NAGAR,6668912795,M.Sc. (Mathematics - Final),MATHEMATICS,17-01-2026,SIMON VERMA,DEVIKA TAILOR,NURSE,28-02-2008,Male,GEN,,"72, DASGUPTA PATH, UJJAIN-560270","H.NO. 132, RAI PATH, BHOPAL 272411",BEMETARA,C.G.,NO,ahujadaksha@example.com,685140840369,,,,GRADUATION,2022,SCIENCE,77240463,318655687,CBSE,500,477,FIRST,95.4,
838/99106,JEET MURTY,6167056915,B.Sc. (Biology),BIOLOGY,25-02-2026,YATAN DESHMUKH,YASHAWINI MUKHERJEE,GOVT EMPLOYEE,01-01-2003,Male,SC,,"H.NO. 95, RAMAKRISHNAN ZILA, KOLKATA 382015","00/996, DUTTA STREET, CUTTACK 173858",KONDAGAON,C.G.,YES,pradhanatharv@example.com,242017046300,,,,12TH,2025,SCIENCE,85296331,793583704,STATE BOARD,500,440,FIRST,88.0,
935/65725,POOJA SHANKER,7730591757,BAJMC (Bachelor of Arts in Journalism & Mass Communication),COMMERCE,13-03-2026,QASIM DHAR,IKSHITA DUGAR,CARPENTER,04-10-2005,Female,ST,,"61/261, KHARE, GIRIDIH-235357","H.NO. 50, MADAN ROAD, BARASAT 145244",KOREA,C.G.,NO,wsandal@example.net,402576843664,,,,12TH,2020,ARTS,52198375,518888332,CBSE,500,437,FIRST,87.4,
907/44257,ARYA BAVA,8396066973,M.Sc. (Physics - Previous),PHYSICS,13-02-2026,ANIRUDH KALA,ALKA LOYAL,PLUMBER,18-02-2008,Female,SC,,"24/49, MUKHERJEE ROAD, SINGRAULI 502260","H.NO. 661, RAJA NAGAR, SIRSA 326183",BALOD,C.G.,NO,bordevinaya@example.org,558566582838,,,,GRADUATION,2022,SCIENCE,68918530,553366597,CBSE,500,451,FIRST,90.2,
273/19015,DIVYA NAYAR,5321172899,M.Sc. (Zoology - Previous),ZOOLOGY,04-03-2026,NAKSH GANESH,NIHARIKA KALITA,SELF EMPLOYED,19-07-2005,Female,ST,,"48/639, MISRA ZILA, BHOPAL-988154","37, PRABHU GANJ, BETTIAH-124267",GARIABAND,C.G.,NO,daniel91@example.com,897455544103,,,,GRADUATION,2022,SCIENCE,85658149,453584595,STATE BOARD,500,376,FIRST,75.2,
980/10800,NOAH PILLAI,1563047487,M.A. (Previous),ARTS,10-02-2026,WRIDDHISH SURA,MEERA PATIL,PLUMBER,10-01-2004,Male,ST,,"47/13, CHANDRAN STREET, GOPALPUR-224075","H.NO. 122, SHANKAR CHOWK, MYSORE 787284",JASHPUR,C.G.,NO,pushti53@example.net,682857714603,,,,GRADUATION,2020,ARTS,59341556,534454198,STATE BOARD,500,219,THIRD,43.8,
171/31478,MITALI BALAN,8142645489,BCA (Bachelor of Computer Applications),COMPUTER,18-02-2026,NOAH DUGAR,EKANI GODA,ENGINEER,24-08-2005,Female,GEN,,"H.NO. 65, BUCH CHOWK, RAMPUR 156059","16, BARMAN ROAD, DEHRADUN-003737",BIJAPUR,C.G.,YES,nigamtristan@example.net,293618151671,,,,12TH,2023,ARTS,71885617,543646179,HEMCHAND YADAV UNIVERSITY,500,242,SECOND,48.4,
483/26903,RUDRA BASSI,0765010253,M.Sc. (Physics - Previous),PHYSICS,10-02-2026,SAKSHAM SHROFF,HEMA NAGAR,SHOPKEEPER,14-07-2003,Male,GEN,,"63, VISWANATHAN PATH, VIJAYANAGARAM 280137","H.NO. 382, GERA, BULANDSHAHR 034232",RAJNANDGAON,C.G.,NO,qpuri@example.com,628041147604,,,,GRADUATION,2023,SCIENCE,90884404,049104979,STATE BOARD,500,407,FIRST,81.4,
316/65346,POOJA KAR,7599112658,BAJMC (Bachelor of Arts in Journalism & Mass Communication),COMMERCE,06-03-2026,MOHAMMED GHOSH,NITARA MUKHOPADHYAY,DRIVER,29-12-2007,Female,GEN,,"524, BUTALA CHOWK, BELLARY-956357","H.NO. 943, SAINI PATH, BANGALORE 939023",SURGUJA,C.G.,YES,tatatanmayi@example.org,223847697410,,,,12TH,2023,ARTS,99589498,206201511,CBSE,500,418,FIRST,83.6,
719/10116,GAGAN CHAUDHARY,7267489218,M.Com. (Previous),COMMERCE,19-03-2026,WYATT THAKKAR,CHANDANI HORA,PRIVATE JOB,09-09-2004,Male,SC,,"H.NO. 14, SESHADRI MARG, JAMSHEDPUR-624572","61/75, NAGARAJAN NAGAR, KHARAGPUR-881497",BASTAR,C.G.,NO,owen51@example.com,455614853322,,,,GRADUATION,2025,COMMERCE,76437840,690442731,CBSE,500,438,FIRST,87.6,
828/36089,CALEB PALLA,7317446228,B.Sc. (Mathematics),MATHEMATICS,18-03-2026,AADI MITTAL,DEVIKA SHUKLA,BUSINESS,22-12-2006,Male,ST,,"H.NO. 903, JAGGI CIRCLE, JALGAON 002173","71, BHAT GANJ, NOIDA-869263",RAJNANDGAON,C.G.,YES,qushi08@example.org,874355942988,,,,12TH,2022,SCIENCE,50586610,513234755,HEMCHAND YADAV UNIVERSITY,500,469,FIRST,93.8,
309/55587,XITI PANDYA,2899052277,PGDCA (Post Graduate Diploma in Computer Applications),COMPUTER,16-03-2026,ISHAAN BALAN,ANYA KHALSA,CARPENTER,19-01-2005,Female,OBC,,"277, ROY MARG, MADHYAMGRAM 379065","475, PARSA MARG, ADONI 413585",DHAMTARI,C.G.,NO,eeshadugal@example.com,206026461797,,,,GRADUATION,2021,ARTS,77877656,479139635,STATE BOARD,500,329,FIRST,65.8,
969/12537,KAI JOSHI,3238158058,M.Sc. (Physics - Previous),PHYSICS,08-02-2026,ROHAN KASHYAP,MITALI SACHAR,NURSE,16-02-2002,Male,OBC,,"12, KHOSLA GANJ, ALAPPUZHA 122179","87/485, NADKARNI CHOWK, AJMER-884351",BIJAPUR,C.G.,YES,munshifaras@example.net,503067100065,,,,GRADUATION,2020,SCIENCE,80513507,349876643,HEMCHAND YADAV UNIVERSITY,500,400,FIRST,80.0,
335/76577,VYANJANA SHAH,5207446727,M.Sc. (Computer Science - Previous),COMPUTER,16-03-2026,EKBAL PALLA,AARINI MITTAL,FREELANCER,03-04-2008,Female,GEN,,"68, MINHAS NAGAR, BELLARY-651970","H.NO. 12, SARNA MARG, SAHARANPUR-873399",SURGUJA,C.G.,NO,girish60@example.net,456906772725,,,,GRADUATION,2023,SCIENCE,62355048,643502066,HEMCHAND YADAV UNIVERSITY,500,262,SECOND,52.4,
940/30904,KEVIN NANDA,6601876925,B.Lib (Bachelor of Library Science),LIBRARY SCIENCE,12-03-2026,GAURAV KALE,ZANSI TANEJA,SHOPKEEPER,07-03-2002,Male,OBC,,"59/23, LALLA, TIRUNELVELI 318453","H.NO. 224, NARULA ROAD, GANDHINAGAR-213262",MAHASAMUND,C.G.,YES,madhavkibe@example.com,648610993015,,,,12TH,2023,ARTS,43172816,152509890,HEMCHAND YADAV UNIVERSITY,500,378,FIRST,75.6,
698/84480,AMOL RATTA,9994663524,M.Sc. (Biotechnology - Final),-,31-01-2026,HRITIK NARANG,YASHODA BIR,MECHANIC,29-11-2001,Male,SC,,"H.NO. 819, NAZARETH ROAD, PUNE 268806","H.NO. 426, MANI CIRCLE, CUTTACK 032155",BALRAMPUR,C.G.,NO,owenvarkey@example.org,574310570162,,,,GRADUATION,2023,SCIENCE,14985978,840236379,CBSE,500,444,FIRST,88.8,
173/25657,CHARVI SHAH,0758450836,B.Com.,COMMERCE,15-02-2026,REYANSH BAJWA,AISHANI SETH,SHOPKEEPER,24-05-2006,Female,SC,,"61/837, MITAL ZILA, JALGAON-520054","45/93, CHANA, ALWAR-986842",MAHASAMUND,C.G.,YES,egoswami@example.com,811453889688,,,,12TH,2021,COMMERCE,57170818,566922632,HEMCHAND YADAV UNIVERSITY,500,291,SECOND,58.2,
314/90681,VAMAKSHI BRAHMBHATT,6924064761,M.Sc. (Physics - Final),PHYSICS,10-03-2026,THOMAS DAS,VINAYA SURESH,STUDENT,15-05-2001,Female,GEN,,"H.NO. 454, DUBE STREET, PIMPRI-CHINCHWAD-341922","H.NO. 63, MOHANTY ROAD, OZHUKARAI-586051",GARIABAND,C.G.,YES,aishanipathak@example.org,736377894803,,,,GRADUATION,2020,SCIENCE,51842301,886545144,HEMCHAND YADAV UNIVERSITY,500,281,SECOND,56.2,
603/11905,LEENA BAJAJ,4929168781,B.Sc. (Biology),BIOLOGY,14-01-2026,AAYUSH MUTTI,TAMANNA KHATRI,SELF EMPLOYED,13-11-2008,Female,SC,,"H.NO. 54, WARRIOR CHOWK, HAPUR 129625","15/90, CHAUDHRY CHOWK, RAICHUR 710003",BALOD,C.G.,NO,qadimvala@example.org,614682437822,,,,12TH,2024,SCIENCE,53244033,078693016,CBSE,500,284,SECOND,56.8,
702/12283,ZAID CHHABRA,9036593970,M.Sc. (Physics - Final),PHYSICS,31-01-2026,DALBIR MOHAN,VASUDHA CHAUDHARY,STUDENT,27-12-2006,Male,SC,,"46/002, MANN GANJ, BHIWANDI-695997","529, GODA ROAD, TUMKUR-525303",BALOD,C.G.,YES,zlanka@example.com,995847485229,,,,GRADUATION,2021,SCIENCE,59146936,943939333,HEMCHAND YADAV UNIVERSITY,500,411,FIRST,82.2,
188/11597,VASATIKA THAKER,3354406625,B.Lib (Bachelor of Library Science),LIBRARY SCIENCE,05-03-2026,AARNAV DUGAL,ETA MENON,RETIRED,10-04-2007,Female,OBC,,"84, DUGAL CIRCLE, BILASPUR 286503","479, SANDHU ZILA, KHANDWA-910361",BALODA BAZAR,C.G.,NO,dbandi@example.net,250967125349,,,,12TH,2021,ARTS,87010643,517866697,STATE BOARD,500,239,SECOND,47.8,
609/20806,IKSHITA MAMMEN,1572598876,M.Com. (Final),COMMERCE,13-01-2026,QABIL LAD,AMARA NADIG,NURSE,10-02-2004,Female,SC,,"62/308, CHAR ROAD, ROURKELA-808218","36/01, BATRA ZILA, DAVANAGERE-422921",BILASPUR,C.G.,YES,karanjayaraman@example.net,110114047777,,,,GRADUATION,2022,COMMERCE,77522734,522259767,HEMCHAND YADAV UNIVERSITY,500,221,THIRD,44.2,
164/50404,CALEB MINHAS,2528783627,M.Sc. (Mathematics - Final),MATHEMATICS,12-03-2026,ANAY KALLA,AVNI BALA,CONSULTANT,10-03-2004,Male,SC,,"96/704, CHANA, WARANGAL-966111","H.NO. 899, MADAN STREET, RAJAHMUNDRY 669109",JANJGIR-CHAMPA,C.G.,NO,indrajitwalia@example.org,983245636828,,,,GRADUATION,2021,SCIENCE,95493823,756946321,CBSE,500,494,FIRST,98.8,
929/15601,XALAK BANERJEE,6870009164,M.Sc. (Physics - Final),PHYSICS,22-02-2026,RANVEER CHAKRABORTY,EKTA PUROHIT,POLICE,02-04-2002,Female,GEN,,"07/81, KUMER MARG, ORAI 234092","H.NO. 438, NAGI GANJ, BIKANER 392426",JASHPUR,C.G.,NO,dominic78@example.com,595257283009,,,,GRADUATION,2023,SCIENCE,65301409,216985207,HEMCHAND YADAV UNIVERSITY,500,200,THIRD,40.0,
551/57971,WAKEETA MUKHERJEE,0458610196,M.Sc. (Chemistry - Previous),CHEMISTRY,12-02-2026,JAGDISH NARAIN,NISHA HAYRE,ELECTRICIAN,29-02-2004,Female,SC,,"886, TAK ROAD, GIRIDIH 258188","40/87, KURIAN CIRCLE, PIMPRI-CHINCHWAD 267342",GARIABAND,C.G.,YES,zayyan45@example.org,706599381136,,,,GRADUATION,2022,SCIENCE,97638859,309875286,HEMCHAND YADAV UNIVERSITY,500,480,FIRST,96.0,
353/23749,SHRAVYA BERA,7814010720,M.Sc. (Biotechnology - Final),-,15-01-2026,UDARSH DAVE,NETRA BHASIN,ARMY PERSONNEL,12-03-2007,Female,OBC,,"832, SINHA, MAHESHTALA-332736","H.NO. 025, PATIL PATH, MUMBAI 171679",GARIABAND,C.G.,YES,anamika67@example.org,794548340987,,,,GRADUATION,2022,SCIENCE,48750887,777058268,STATE BOARD,500,380,FIRST,76.0,
749/52879,LABAN MANNAN,6349475903,B.Com.,COMMERCE,10-02-2026,GIRISH GANESAN,INDALI GALA,SELF EMPLOYED,27-02-2008,Male,SC,,"H.NO. 33, KOTA, BELLARY-659234","39/406, MALL CHOWK, ETAWAH-593818",BALODA BAZAR,C.G.,YES,gargandrew@example.net,380470233358,,,,12TH,2020,COMMERCE,16702715,484150108,CBSE,500,267,SECOND,53.4,
390/80094,VASANA KADE,7886606370,B.Sc. Electronics,-,13-02-2026,ATHARV SOLANKI,LADLI PAI,NURSE,02-03-2001,Female,GEN,,"90/622, HORA PATH, DANAPUR-998247","79, WARRIOR MARG, BHIWANI-407389",KOREA,C.G.,NO,bkrishnamurthy@example.com,250761307384,,,,12TH,2020,SCIENCE,22528376,102690186,CBSE,500,296,SECOND,59.2,
401/67740,ADITYA BORA,8443440430,B.Lib (Bachelor of Library Science),LIBRARY SCIENCE,14-03-2026,ARYAN BRAHMBHATT,SUHANI GARA,FREELANCER,27-12-2007,Male,GEN,,"95/75, THAKER GANJ, SAHARSA 051191","31/65, NARAIN GANJ, KARNAL-946866",BASTAR,C.G.,NO,damyanti89@example.org,329186139212,,,,12TH,2025,ARTS,26726860,943445794,CBSE,500,416,FIRST,83.2,
655/21386,UNNI DUBE,4539563776,B.Com.,COMMERCE,23-01-2026,HRITIK DUBE,BHANUMATI MAMMEN,ACCOUNTANT,29-06-2002,Female,OBC,,"595, SARRAF ZILA, TADIPATRI-383609","H.NO. 886, HEGDE, PIMPRI-CHINCHWAD 948626",KONDAGAON,C.G.,YES,edhithabrahmbhatt@example.net,024248309418,,,,12TH,2024,COMMERCE,07586163,640874318,CBSE,500,416,FIRST,83.2,
223/76751,RUSHIL KUMAR,3769632244,M.Sc. (Biotechnology - Previous),-,18-03-2026,ADVIK GOUR,DIYA NORI,TEACHER,13-07-2003,Male,GEN,,"15/567, NAGI CIRCLE, VIJAYANAGARAM-749930","H.NO. 62, GUPTA CIRCLE, BHIMAVARAM-751628",GARIABAND,C.G.,NO,eiravatiraja@example.net,051076661285,,,,GRADUATION,2022,SCIENCE,40870015,320436683,STATE BOARD,500,308,FIRST,61.6,
345/52593,ONKAR BORA,1321998542,B.Sc. Biotechnology,-,17-01-2026,SHIVANSH CHERIAN,CHAMELI PAL,DRIVER,30-07-2004,Male,ST,,"690, CHOPRA GANJ, SAMBHAL 489162","52, KAR, JUNAGADH-663835",DURG,C.G.,YES,chanderbimala@example.net,317263347665,,,,12TH,2024,SCIENCE,26431953,525181265,STATE BOARD,500,309,FIRST,61.8,
341/15024,AADHYA KALE,5941249778,B.A.,ARTS,17-03-2026,ABHIMANYU SINGHAL,ARUNIMA KARA,ARTIST,17-04-2004,Female,OBC,,"78/58, PANDEY STREET, THOOTHUKUDI 891075","58, LATA NAGAR, MUZAFFARPUR 977229",RAIGARH,C.G.,NO,dominic08@example.org,765015867090,,,,12TH,2021,ARTS,67816970,775076130,HEMCHAND YADAV UNIVERSITY,500,386,FIRST,77.2,
789/80831,AMRITA SHAH,1349195780,M.Sc. (Biotechnology - Final),-,13-03-2026,QUINCY BUCH,UBIKA SEKHON,GOVT EMPLOYEE,02-11-2003,Female,SC,,"H.NO. 436, KRISHNAMURTHY, RAIPUR 450548","411, CHAUDHARY NAGAR, SALEM-326367",DURG,C.G.,NO,lipikaravel@example.com,102587022736,,,,GRADUATION,2020,SCIENCE,22584208,363865898,STATE BOARD,500,293,SECOND,58.6,
995/66406,SAMESH CHANDER,7975211346,BCA (Bachelor of Computer Applications),COMPUTER,03-02-2026,GABRIEL SHAN,VEDHIKA RAMASWAMY,RETIRED,09-03-2005,Male,SC,,"H.NO. 38, OOMMEN CIRCLE, ETAWAH-603589","85, KAKAR ROAD, BANGALORE-719577",DHAMTARI,C.G.,NO,yashoda63@example.org,409748842580,,,,12TH,2023,ARTS,65045761,964675766,CBSE,500,268,SECOND,53.6,
315/28600,LOGAN CHANDRA,3485369116,B.Sc. (Biology),BIOLOGY,07-02-2026,XAVIER KALA,OMAJA DASGUPTA,CLERK,17-04-2004,Male,SC,,"701, SANGHVI ROAD, BHARATPUR-403294","70, CHACKO STREET, HOWRAH-443304",BILASPUR,C.G.,YES,amairakhosla@example.org,833561305357,,,,12TH,2021,SCIENCE,11511683,360203319,HEMCHAND YADAV UNIVERSITY,500,294,SECOND,58.8,
338/79299,PAHAL IYENGAR,5207874897,B.Lib (Bachelor of Library Science),LIBRARY SCIENCE,07-02-2026,VICTOR DIVAN,MUGDHA MALL,POLICE,25-02-2007,Female,ST,,"652, CHAUDHARY ROAD, TADIPATRI 002526","H.NO. 215, BORA ROAD, KARNAL 524524",BILASPUR,C.G.,YES,magarhredhaan@example.net,615033017168,,,,12TH,2021,ARTS,19045297,915817051,STATE BOARD,500,310,FIRST,62.0,
845/91383,DAMINI DUTTA,7049411215,M.Sc. (Botany - Final),BOTANY,04-03-2026,IMARAN SHETTY,AMARA MODI,LABOUR,12-10-2002,Female,SC,,"12/755, NATH CIRCLE, TIRUVOTTIYUR 460472","735, BEDI GANJ, ALWAR-406934",KORBA,C.G.,YES,zayan13@example.org,141528695200,,,,GRADUATION,2025,SCIENCE,89349594,965652322,CBSE,500,274,SECOND,54.8,
148/51858,ROHAN KALA,9634296857,M.Sc. (Computer Science - Final),COMPUTER,09-03-2026,RUSHIL NARANG,RACHANA NARAYAN,CARPENTER,12-04-2004,Male,OBC,,"86/17, TARA MARG, SRI GANGANAGAR-705433","04/63, VARGHESE CIRCLE, BOKARO-521295",MAHASAMUND,C.G.,YES,chauhanbalhaar@example.net,736798071967,,,,GRADUATION,2021,SCIENCE,01066944,537819461,STATE BOARD,500,459,FIRST,91.8,
802/12726,VASANA PALAN,3926412543,B.Sc. Computer Science,COMPUTER,23-01-2026,FREDERICK MANE,OMYA MITAL,SELF EMPLOYED,21-08-2001,Female,ST,,"67/515, KARA, HUBLI–DHARWAD-147479","98, KARPE CIRCLE, BHILAI-304674",RAIPUR,C.G.,YES,alexandernadig@example.com,394723141978,,,,12TH,2024,SCIENCE,19718493,850971949,CBSE,500,298,SECOND,59.6,
271/23350,ANIKA NADKARNI,8046567886,M.Com. (Final),COMMERCE,05-03-2026,AMOL BOSE,KASHVI GUPTA,SELF EMPLOYED,23-11-2008,Female,OBC,,"12, ZACHARIAH STREET, MADURAI 648675","H.NO. 192, NATH STREET, BERHAMPUR 020710",KANKER,C.G.,YES,jpradhan@example.com,889525174695,,,,GRADUATION,2021,COMMERCE,28559601,220897452,CBSE,500,262,SECOND,52.4,
724/55033,RACHITA SHUKLA,1323931019,BBA (Bachelor of Business Administration),MANAGEMENT,20-02-2026,LABAN VOHRA,LOPA ANAND,STUDENT,18-05-2005,Female,SC,,"897, GARA GANJ, ANAND-903275","447, TELLA NAGAR, NIZAMABAD 834258",RAJNANDGAON,C.G.,YES,triptisrinivas@example.net,551466521180,,,,12TH,2022,ARTS,72700353,762316477,STATE BOARD,500,392,FIRST,78.4,
393/61670,VANSHA COMAR,8625541987,B.Sc. Computer Science,COMPUTER,30-01-2026,FARHAN ANDRA,DEVIKA PRASAD,FREELANCER,29-11-2004,Female,ST,,"65, NARULA MARG, ETAWAH-328871","76, SARNA MARG, AMBATTUR 034799",SUKMA,C.G.,NO,simon92@example.org,579472809977,,,,12TH,2020,SCIENCE,47397671,352837595,CBSE,500,266,SECOND,53.2,
794/86138,SAMARTH TRIPATHI,5815807460,M.Com. (Final),COMMERCE,11-02-2026,CHAKRADHAR THAKKAR,VANYA NARANG,POLICE,01-03-2003,Male,OBC,,"H.NO. 56, CHAUDHARY, ANAND-074503","623, ZACHARIAH NAGAR, RAJKOT 192268",GARIABAND,C.G.,NO,obakshi@example.com,938990800050,,,,GRADUATION,2025,COMMERCE,43984053,783050906,CBSE,500,449,FIRST,89.8,
152/32986,QUSHI GABA,0436657767,B.Lib (Bachelor of Library Science),LIBRARY SCIENCE,21-01-2026,BAKHSHI BOSE,BHAVNA PALLA,RETIRED,14-10-2006,Female,SC,,"90, BOSE PATH, BALLY-523892","H.NO. 425, RAU CIRCLE, NELLORE 702417",RAIPUR,C.G.,NO,ayushman65@example.com,576238786934,,,,12TH,2023,ARTS,92639407,698095813,CBSE,500,252,SECOND,50.4,
272/97554,JAGVI VARMA,6593655990,B.A.,ARTS,24-02-2026,GUNBIR KALITA,TRIYA DATE,CLERK,23-11-2003,Female,ST,,"876, MODI NAGAR, ASANSOL 414281","400, KAUR ZILA, PUNE 783278",BEMETARA,C.G.,YES,aamble@example.com,373261097536,,,,12TH,2020,ARTS,04794127,359201935,HEMCHAND YADAV UNIVERSITY,500,487,FIRST,97.4,
922/23836,KASHVI DHAR,0099647184,M.A. (Previous),ARTS,24-02-2026,VEDANT KUMER,CHANDANI KADAKIA,SHOPKEEPER,01-08-2004,Female,ST,,"55/37, MUKHERJEE MARG, THIRUVANANTHAPURAM-063034","04/26, GABA ROAD, AMBATTUR 277570",SUKMA,C.G.,NO,umangraman@example.org,556368850110,,,,GRADUATION,2022,ARTS,01632164,015480810,HEMCHAND YADAV UNIVERSITY,500,376,FIRST,75.2,
915/20978,NAKSH SANDHU,0366493446,M.Sc. (Zoology - Previous),ZOOLOGY,01-01-2026,GAURAV KHOSLA,TRIVENI RAMASWAMY,SELF EMPLOYED,19-04-2005,Male,ST,,"12, JAGGI ZILA, BHARATPUR-357499","43/09, REDDY CIRCLE, NANDYAL-887468",KOREA,C.G.,YES,chandran07@example.org,411185482924,,,,GRADUATION,2021,SCIENCE,86558778,861407684,CBSE,500,370,FIRST,74.0,
841/81086,JAGVI PALLA,1244826491,M.Sc. (Computer Science - Final),COMPUTER,29-01-2026,JACKSON KURUVILLA,HAMSINI CHAUDHRY,NURSE,18-10-2000,Female,GEN,,"20, SHANKER STREET, MORBI 483695","47, SETTY, MUZAFFARNAGAR 662879",KANKER,C.G.,NO,tamannabutala@example.org,314548545021,,,,GRADUATION,2022,SCIENCE,66133293,020833235,STATE BOARD,500,422,FIRST,84.4,
457/51787,ISHA MAND,3252987664,B.Sc. Biotechnology,-,17-02-2026,JEREMIAH KAR,SANAYA OOMMEN,SELF EMPLOYED,17-02-2009,Female,OBC,,"04, RATTAN PATH, BHIWANI-364120","H.NO. 593, VARTY GANJ, AVADI 257139",RAIGARH,C.G.,YES,harshilchokshi@example.org,697564694434,,,,12TH,2024,SCIENCE,48016407,356932522,HEMCHAND YADAV UNIVERSITY,500,397,FIRST,79.4,
552/12378,JASMIT KALA,3795205804,BCA (Bachelor of Computer Applications),COMPUTER,26-02-2026,ADVAY SHARAF,ANJALI BEDI,SHOPKEEPER,06-04-2001,Female,SC,,"H.NO. 418, CHAUDHARI MARG, BELGAUM-933355","H.NO. 69, GANDHI CHOWK, MAHBUBNAGAR 085247",DHAMTARI,C.G.,NO,onatarajan@example.com,472695975395,,,,12TH,2025,ARTS,16064901,031986036,STATE BOARD,500,291,SECOND,58.2,
878/62719,JEEVIKA KEER,6762903579,M.Sc. (Chemistry - Final),CHEMISTRY,28-02-2026,UPKAAR SANDHU,URMI SULE,TEACHER,03-11-2004,Female,OBC,,"H.NO. 558, SAMA CIRCLE, KADAPA-477543","H.NO. 32, IYENGAR CIRCLE, RANCHI 917226",BALODA BAZAR,C.G.,YES,subramanianjagat@example.net,670767669963,,,,GRADUATION,2020,SCIENCE,20856404,545371008,CBSE,500,297,SECOND,59.4,
810/59346,OMAJA BERA,9981067764,M.Sc. (Zoology - Previous),ZOOLOGY,29-01-2026,OM JANI,NITARA BALI,LAWYER,29-12-2008,Female,OBC,,"28/32, PATIL STREET, AVADI 486547","H.NO. 259, DAVE MARG, ROHTAK 492380",BILASPUR,C.G.,YES,lilapatel@example.com,953054061807,,,,GRADUATION,2023,SCIENCE,37736332,832575797,CBSE,500,287,SECOND,57.4,
791/37981,MANBIR DOCTOR,1596768614,M.Sc. (Biotechnology - Final),-,23-02-2026,HEMANG WARRIOR,DAMYANTI ROUT,STUDENT,19-01-2007,Male,ST,,"H.NO. 518, RATTA ROAD, TIRUPPUR 560411","H.NO. 36, PARMAR ZILA, JEHANABAD 606704",BIJAPUR,C.G.,YES,warriorkabir@example.org,339512470649,,,,GRADUATION,2022,SCIENCE,69297450,713846342,CBSE,500,336,FIRST,67.2,
381/48123,SAMARTH DOCTOR,4103613375,B.Sc. Micro Biology,BIOLOGY,22-02-2026,ANMOL DASS,KASHISH MERCHANT,ARTIST,03-06-2008,Male,SC,,"652, CHAWLA STREET, BHALSWA JAHANGIR PUR-226104","H.NO. 672, KHARE CIRCLE, SURAT-272916",NARAYANPUR,C.G.,NO,sathvik99@example.com,269992794789,,,,12TH,2025,SCIENCE,77596721,347567150,STATE BOARD,500,283,SECOND,56.6,
264/17931,ANIKA NARANG,4526695724,M.Sc. (Computer Science - Previous),COMPUTER,21-01-2026,ALEXANDER MITTER,DAYITA SANT,CARPENTER,13-12-2002,Female,GEN,,"661, BANDI NAGAR, KORBA-921678","36/97, BARAD, AHMEDNAGAR-453871",RAJNANDGAON,C.G.,YES,darikasalvi@example.net,990688615170,,,,GRADUATION,2024,SCIENCE,92087823,829308082,HEMCHAND YADAV UNIVERSITY,500,402,FIRST,80.4,
611/96253,JAGAT CHAR,3205801215,B.Sc. Electronics,-,17-01-2026,LUKE KALE,AMRUTA DHINGRA,POLICE,21-03-2004,Male,ST,,"58, SULE CIRCLE, FARRUKHABAD-302178","92/43, LALA CHOWK, MOTIHARI-929236",GARIABAND,C.G.,YES,forum69@example.net,266176388470,,,,12TH,2025,SCIENCE,31325269,355071191,HEMCHAND YADAV UNIVERSITY,500,337,FIRST,67.4,
225/80091,INAYA SHROFF,0892189108,B.A.,ARTS,13-01-2026,SIDDHARTH KOHLI,YASHASVI MOHANTY,BUSINESS,01-05-2006,Female,ST,,"07/484, HAYER CHOWK, BELLARY 636591","27/53, PAL NAGAR, OZHUKARAI 379473",JASHPUR,C.G.,NO,gaurika29@example.org,280221456974,,,,12TH,2023,ARTS,91731246,603842599,STATE BOARD,500,348,FIRST,69.6,
677/77924,ABHA RAVI,8205811662,M.A. (Previous),ARTS,09-01-2026,FARAJ AGATE,DAKSHA DORA,SELF EMPLOYED,12-07-2005,Female,ST,,"42/67, RANDHAWA ROAD, NARASARAOPET 547037","89/794, BAHL, DAVANAGERE-336105",KOREA,C.G.,YES,bsami@example.org,258854146802,,,,GRADUATION,2024,ARTS,43003397,165058315,CBSE,500,223,THIRD,44.6,
873/54622,WISHI KIBE,5214858907,M.Sc. (Computer Science - Previous),COMPUTER,17-01-2026,DHRUV BOSE,YASHAWINI AGATE,GOVT EMPLOYEE,24-05-2003,Female,SC,,"37, MASTER GANJ, BHAVNAGAR 938877","21/08, RATTA STREET, BOKARO 347009",KORBA,C.G.,NO,kashvipalla@example.org,565299879188,,,,GRADUATION,2025,SCIENCE,06634600,579502341,STATE BOARD,500,412,FIRST,82.4,
618/37611,NACHIKET TANEJA,4512477639,M.Sc. (Zoology - Previous),ZOOLOGY,10-02-2026,XAVIER BHASIN,ZILMIL KULKARNI,MECHANIC,06-09-2008,Male,GEN,,"20, ARYA CIRCLE, PUDUKKOTTAI-706468","122, PRASHAD NAGAR, KOLHAPUR 111836",KANKER,C.G.,NO,iyeraditya@example.com,459611281451,,,,GRADUATION,2023,SCIENCE,07283778,155530137,HEMCHAND YADAV UNIVERSITY,500,245,SECOND,49.0,
769/23890,GUNBIR KAR,7009446042,B.Sc. IT (Information Technology),COMPUTER,09-03-2026,OLIVER KAKAR,AACHAL BHARDWAJ,SELF EMPLOYED,06-07-2004,Male,ST,,"416, PRASHAD, GWALIOR 910886","005, MITRA ZILA, BEGUSARAI 323011",SUKMA,C.G.,NO,nirja92@example.net,885890147548,,,,12TH,2024,SCIENCE,36441614,870284819,HEMCHAND YADAV UNIVERSITY,500,332,FIRST,66.4,
738/20940,WILLIAM DAS,9885199567,M.Sc. (Biotechnology - Previous),-,01-02-2026,GAGAN HAYRE,LIPIKA HORA,TEACHER,25-05-2008,Male,ST,,"51/34, RADHAKRISHNAN ROAD, GANGTOK-239431","H.NO. 925, CHAUDHRY CHOWK, BALLY 922104",NARAYANPUR,C.G.,NO,gkhurana@example.org,580354511537,,,,GRADUATION,2022,SCIENCE,49880694,196109605,CBSE,500,226,SECOND,45.2,
438/44853,SHIVANI CHOUDHRY,8762355925,B.A.,ARTS,18-01-2026,RONITH NAZARETH,HEMANI SETHI,FARMER,29-07-2004,Female,ST,,"H.NO. 165, PAREKH, BHATPARA 366632","H.NO. 607, BHAKTA CIRCLE, AMBATTUR 407539",RAIPUR,C.G.,YES,grewalmeghana@example.com,667450401935,,,,12TH,2020,ARTS,16674562,358746452,HEMCHAND YADAV UNIVERSITY,500,250,SECOND,50.0,
417/20776,FARIQ SURI,2617802586,BAJMC (Bachelor of Arts in Journalism & Mass Communication),COMMERCE,10-02-2026,ISHAAN LATA,VEDA SRIVASTAVA,FARMER,26-10-2003,Male,GEN,,"H.NO. 52, BAIL GANJ, MIRZAPUR-999683","118, PATIL PATH, BIHAR SHARIF 416973",RAIPUR,C.G.,YES,nidhi99@example.org,996940773438,,,,12TH,2021,ARTS,79213626,492167937,HEMCHAND YADAV UNIVERSITY,500,274,SECOND,54.8,
271/70510,ANAMIKA SARAN,1105304053,M.Sc. (Zoology - Previous),ZOOLOGY,26-02-2026,ANSH APTE,KAMALA BUCH,FARMER,17-04-2002,Female,GEN,,"79, JAGGI CIRCLE, SERAMPORE-864032","89/739, DATTA CHOWK, MIRZAPUR-014992",KANKER,C.G.,NO,dalbirsom@example.com,221964431848,,,,GRADUATION,2021,SCIENCE,14647216,382484097,CBSE,500,320,FIRST,64.0,
236/55564,JANAKI DEO,5601581237,M.Sc. (Botany - Previous),BOTANY,24-01-2026,IMARAN SARKAR,ZILMIL VALA,NURSE,02-04-2002,Female,ST,,"H.NO. 739, SATHE, KHARAGPUR 240200","81, AGGARWAL PATH, GURGAON 050543",SURGUJA,C.G.,YES,ysarraf@example.com,650920664489,,,,GRADUATION,2025,SCIENCE,92292531,455085614,STATE BOARD,500,422,FIRST,84.4,
245/44724,QUSHI CHAWLA,2842014735,M.Sc. (Zoology - Final),ZOOLOGY,05-03-2026,MANTHAN NANDA,IDIKA OM,TEACHER,26-07-2007,Female,OBC,,"H.NO. 38, SACHDEVA, MUMBAI 008985","83/82, GADE NAGAR, SRINAGAR 365041",JANJGIR-CHAMPA,C.G.,NO,ubora@example.net,491173758368,,,,GRADUATION,2021,SCIENCE,38634982,100012883,STATE BOARD,500,340,FIRST,68.0,
289/56046,FALAN SAHOTA,8309613302,M.Sc. (Biotechnology - Final),-,10-01-2026,DARSH SURA,VASATIKA WAGLE,ENGINEER,02-10-2003,Male,SC,,"H.NO. 892, PINGLE, BIDAR 825257","143, BATTA GANJ, NAGAON-941012",KANKER,C.G.,YES,jagdish25@example.org,748768345632,,,,GRADUATION,2025,SCIENCE,90269623,280094186,STATE BOARD,500,286,SECOND,57.2,
127/17209,NEHA UPADHYAY,9523242836,M.Sc. (Computer Science - Previous),COMPUTER,09-03-2026,QADIM RADHAKRISHNAN,SANAYA SETHI,SELF EMPLOYED,18-04-2008,Female,GEN,,"21/41, GANESH CHOWK, KORBA 905938","47, KALITA ROAD, PANIHATI-552744",BIJAPUR,C.G.,YES,unnatichand@example.org,326654560438,,,,GRADUATION,2023,SCIENCE,65568975,540710169,HEMCHAND YADAV UNIVERSITY,500,463,FIRST,92.6,
427/82768,WILLIAM KADAKIA,5389228945,B.Sc. Biotechnology,-,10-03-2026,RAYAAN CHAND,LEELA RAVI,LAWYER,18-04-2002,Male,SC,,"89, NARAYAN NAGAR, PALLAVARAM-851020","491, ISSAC PATH, BHILWARA-154855",KANKER,C.G.,YES,rwarrior@example.net,525781803427,,,,12TH,2021,SCIENCE,19757881,284628520,HEMCHAND YADAV UNIVERSITY,500,215,THIRD,43.0,
447/93474,KRISHNA WARRIOR,6387610962,B.A.,ARTS,24-01-2026,SAI KAPADIA,ANJALI KHOSLA,FREELANCER,20-01-2007,Male,ST,,"66, KAMDAR NAGAR, CHITTOOR-552377","48/19, MUTTI CHOWK, INDORE-586793",DURG,C.G.,NO,charles72@example.com,818614423426,,,,12TH,2024,ARTS,36641196,378705062,STATE BOARD,500,459,FIRST,91.8,
600/35220,ATHARV KAUL,0781077984,M.A. (Previous),ARTS,23-02-2026,CHANAKYA BORRA,AACHAL MISHRA,CLERK,14-08-2004,Male,OBC,,"H.NO. 59, PRASAD PATH, AURANGABAD-289503","H.NO. 390, NAZARETH STREET, ULUBERIA-127088",BALOD,C.G.,NO,jonathan12@example.org,108623802404,,,,GRADUATION,2025,ARTS,25830967,207294362,CBSE,500,363,FIRST,72.6,
812/44966,BHAVYA KIBE,8095055570,M.Sc. (Chemistry - Final),CHEMISTRY,05-01-2026,KALPIT BHATNAGAR,RAKSHA BAINS,GOVT EMPLOYEE,30-08-2004,Female,ST,,"73/81, KRISHNAMURTHY GANJ, GUNA-543917","04, KANDA ROAD, JALGAON-536492",KONDAGAON,C.G.,NO,krishnatheodore@example.com,317768680558,,,,GRADUATION,2023,SCIENCE,52944204,763604282,CBSE,500,269,SECOND,53.8,
337/10227,UCCHAL GUPTA,3012260047,M.Sc. (Biotechnology - Final),-,03-03-2026,FARAS MAHAJAN,ISHANVI KALE,CARPENTER,18-06-2000,Female,OBC,,"65/52, VARGHESE NAGAR, DEHRI 799689","H.NO. 160, RAVAL CHOWK, RAMGARH 021001",SURGUJA,C.G.,YES,wakeeta65@example.com,030172721564,,,,GRADUATION,2024,SCIENCE,45252822,160229536,HEMCHAND YADAV UNIVERSITY,500,299,SECOND,59.8,
237/77478,BALHAAR SHETTY,6238845761,M.Sc. (Chemistry - Final),CHEMISTRY,02-02-2026,HITESH KRISH,AMAIRA NARASIMHAN,BUSINESS,27-09-2006,Male,OBC,,"H.NO. 62, KOHLI ROAD, PANIHATI-551678","92/92, DAR PATH, CHAPRA-294667",KORBA,C.G.,NO,shivanikhatri@example.net,191002927804,,,,GRADUATION,2021,SCIENCE,41612872,070902709,STATE BOARD,500,408,FIRST,81.6,
162/53077,ADVIKA JANI,3304141973,M.Sc. (Physics - Final),PHYSICS,15-01-2026,ADVIK GOLA,VEDIKA BANERJEE,LABOUR,02-05-2005,Female,ST,,"H.NO. 00, DESHMUKH ZILA, PANVEL 011870","494, SUR PATH, CHINSURAH 072122",KORBA,C.G.,YES,qmannan@example.org,470448780943,,,,GRADUATION,2025,SCIENCE,66128388,083460755,STATE BOARD,500,403,FIRST,80.6,
473/17122,DARIKA CHAUDRY,4512346360,M.Sc. (Computer Science - Final),COMPUTER,06-02-2026,HITESH RAJAGOPALAN,GARIMA SINGHAL,RETIRED,09-08-2005,Female,SC,,"712, VASA CIRCLE, PANVEL 476870","H.NO. 595, SHUKLA ROAD, BHUBANESWAR 137775",BEMETARA,C.G.,NO,jaggiqarin@example.org,300528786832,,,,GRADUATION,2024,SCIENCE,49841598,195319471,HEMCHAND YADAV UNIVERSITY,500,221,THIRD,44.2,
256/28445,YOCHANA KHARE,7804320784,M.Sc. (Biotechnology - Previous),-,12-03-2026,TIMOTHY NAZARETH,BHANUMATI BATH,BUSINESS,14-09-2008,Female,ST,,"88, CHEEMA, KOLLAM-657972","342, RATTI STREET, DANAPUR 069685",RAIGARH,C.G.,NO,advay07@example.org,184360855548,,,,GRADUATION,2021,SCIENCE,63598137,154898219,STATE BOARD,500,269,SECOND,53.8,
509/46293,NETRA WADHWA,5864493038,M.A. (Previous),ARTS,07-01-2026,DAKSH PAI,JEEVIKA MAND,RETIRED,29-01-2005,Female,ST,,"94/700, DUGAR CHOWK, FATEHPUR-675507","90, LANKA MARG, VADODARA 545227",KANKER,C.G.,YES,forum58@example.com,408901459766,,,,GRADUATION,2021,ARTS,57354894,513758047,HEMCHAND YADAV UNIVERSITY,500,227,SECOND,45.4,
396/78053,INDALI BORAH,4021830788,M.Sc. (Mathematics - Previous),MATHEMATICS,08-02-2026,RAYAAN DOSHI,EKTA BHATIA,RETIRED,18-02-2008,Female,OBC,,"H.NO. 68, SACHDEVA GANJ, PHAGWARA 401156","H.NO. 28, PADMANABHAN PATH, BELLARY 921829",KONDAGAON,C.G.,YES,mayapillai@example.net,732413628461,,,,GRADUATION,2025,SCIENCE,38931470,290179574,STATE BOARD,500,386,FIRST,77.2,
202/33458,JANANI LAD,3848777536,B.Sc. Micro Biology,BIOLOGY,21-02-2026,AMOL GOUR,HEMA KHURANA,FARMER,04-02-2007,Female,OBC,,"58/102, IYER MARG, NASHIK-959654","H.NO. 969, GOUR CIRCLE, BHARATPUR-817371",KORBA,C.G.,NO,doak@example.org,587624651164,,,,12TH,2025,SCIENCE,75796590,325583894,CBSE,500,438,FIRST,87.6,
355/71114,KIAAN DAS,8620104079,M.Sc. (Chemistry - Previous),CHEMISTRY,06-01-2026,DHRUV SANDHU,AASHI TRIVEDI,ACCOUNTANT,20-06-2000,Male,SC,,"48/237, SAGAR CHOWK, JABALPUR 023294","56/51, BALASUBRAMANIAN NAGAR, JORHAT 304613",RAJNANDGAON,C.G.,YES,sankarancharan@example.com,141504535546,,,,GRADUATION,2025,SCIENCE,44874825,065892152,HEMCHAND YADAV UNIVERSITY,500,401,FIRST,80.2,
282/99379,ZANSI GALA,0058058023,BBA (Bachelor of Business Administration),MANAGEMENT,15-02-2026,GEORGE SUNDER,LEELA GOPAL,ARMY PERSONNEL,15-10-2004,Female,GEN,,"H.NO. 37, GANESH MARG, RAJKOT-989842","223, SIBAL CIRCLE, RAURKELA INDUSTRIAL TOWNSHIP 089593",NARAYANPUR,C.G.,NO,jeetshukla@example.net,252765603218,,,,12TH,2025,ARTS,82712718,515380970,STATE BOARD,500,291,SECOND,58.2,
897/76136,VIDHI MANI,2550000226,B.Sc. Biotechnology,-,17-01-2026,NEEL CHANDRAN,KRISHNA UPADHYAY,ACCOUNTANT,24-10-2005,Female,GEN,,"83, WABLE STREET, JAMSHEDPUR 124231","H.NO. 311, RAM GANJ, JAIPUR-613510",BALODA BAZAR,C.G.,NO,max52@example.org,535528270270,,,,12TH,2023,SCIENCE,01437826,252927684,STATE BOARD,500,347,FIRST,69.4,
241/24896,MAHIKA SACHDEV,0245063984,M.Sc. (Chemistry - Previous),CHEMISTRY,11-03-2026,XAVIER RAJAN,UCCHAL PRADHAN,ARTIST,04-03-2002,Female,GEN,,"70/12, CHAUDHURI MARG, REWA-570607","91/498, DHAR CIRCLE, DEHRADUN-401811",KORBA,C.G.,NO,ddhar@example.net,077174965631,,,,GRADUATION,2022,SCIENCE,90196120,019530524,HEMCHAND YADAV UNIVERSITY,500,485,FIRST,97.0,
421/10111,EKANTA RAJA,8018066390,BCA (Bachelor of Computer Applications),COMPUTER,19-02-2026,SHIVANSH MALHOTRA,CHANCHAL DEEP,DOCTOR,10-04-2008,Female,OBC,,"62/167, DUTTA STREET, PANVEL 838800","H.NO. 71, DADA GANJ, KOLLAM 107039",KOREA,C.G.,YES,pavanicheema@example.org,179434287355,,,,12TH,2023,ARTS,76939252,786326929,HEMCHAND YADAV UNIVERSITY,500,259,SECOND,51.8,
756/61847,YASHASVI PRABHAKAR,1622213883,B.Lib (Bachelor of Library Science),LIBRARY SCIENCE,06-02-2026,ANAY GOLE,ATI MODY,GOVT EMPLOYEE,27-11-2005,Female,OBC,,"17/17, NAIK ROAD, TADEPALLIGUDEM-680344","H.NO. 02, JAIN ROAD, JABALPUR 326579",BIJAPUR,C.G.,YES,devansh88@example.org,311127006999,,,,12TH,2020,ARTS,06539763,936351981,CBSE,500,479,FIRST,95.8,
506/45479,CHAKRADHAR CHACKO,9140484063,B.Sc. Biotechnology,-,22-02-2026,LABAN RAMASWAMY,WAKEETA DHALIWAL,FREELANCER,15-05-2003,Male,SC,,"H.NO. 09, SINGHAL CHOWK, RAIPUR-250950","55/899, BHASIN CHOWK, MALEGAON 956606",RAJNANDGAON,C.G.,NO,zamble@example.org,126474220628,,,,12TH,2024,SCIENCE,83626824,886707527,STATE BOARD,500,295,SECOND,59.0,
531/12841,GUNEET SAHA,7833931057,M.Sc. (Zoology - Previous),ZOOLOGY,16-01-2026,SHAURYA VARMA,ABHA BRAHMBHATT,DOCTOR,28-12-2007,Male,SC,,"41/590, KOTHARI CIRCLE, MORADABAD 362881","838, THAMAN ZILA, BIKANER 988283",NARAYANPUR,C.G.,NO,aishani42@example.net,218144428696,,,,GRADUATION,2023,SCIENCE,46735987,266625379,HEMCHAND YADAV UNIVERSITY,500,387,FIRST,77.4,
771/43882,NACHIKET LAL,6960738439,B.Sc. (Mathematics),MATHEMATICS,13-03-2026,DARSH NANDA,VAISHNAVI EDWIN,PRIVATE JOB,29-04-2006,Male,SC,,"57/35, DEO CHOWK, GUNTUR-349267","73/58, DIN NAGAR, PONDICHERRY-579663",JASHPUR,C.G.,NO,fsrinivas@example.org,350343321412,,,,12TH,2021,SCIENCE,61926419,094197297,CBSE,500,285,SECOND,57.0,
911/98076,RAYAAN NATH,2809438312,B.Sc. (Biology),BIOLOGY,22-02-2026,UDANT VARUGHESE,HARITA RASTOGI,PLUMBER,03-06-2005,Male,OBC,,"14/42, SOMAN ZILA, AMRITSAR-810720","H.NO. 13, BOSE ROAD, BALLIA 066189",KONDAGAON,C.G.,YES,rayaandeshpande@example.org,541842009030,,,,12TH,2021,SCIENCE,73710857,464618220,HEMCHAND YADAV UNIVERSITY,500,233,SECOND,46.6,
768/19069,DARPAN DEWAN,2818451868,M.Sc. (Physics - Previous),PHYSICS,30-01-2026,IKBAL PARMER,YOCHANA MOHANTY,POLICE,23-11-2004,Male,GEN,,"193, NARASIMHAN ROAD, PONDICHERRY 010217","576, CHANDRAN CIRCLE, GUNTAKAL 240042",RAIPUR,C.G.,NO,baniksudiksha@example.net,292185272465,,,,GRADUATION,2022,SCIENCE,34592384,694897170,STATE BOARD,500,384,FIRST,76.8,
935/43888,GOPAL KULKARNI,4981494308,M.Sc. (Biotechnology - Previous),-,02-03-2026,CHARAN MAHARAJ,VARSHA DEWAN,ARTIST,23-02-2001,Male,GEN,,"59/862, KAKAR PATH, ALAPPUZHA-389830","05/79, KHURANA CIRCLE, NASHIK-948151",BEMETARA,C.G.,YES,unni36@example.org,663866460837,,,,GRADUATION,2022,SCIENCE,09389802,128594399,HEMCHAND YADAV UNIVERSITY,500,307,FIRST,61.4,
878/39292,UPKAAR KALE,4468111629,BAJMC (Bachelor of Arts in Journalism & Mass Communication),COMMERCE,09-02-2026,WRIDDHISH BHARGAVA,VRITTI SHERE,FARMER,22-08-2006,Male,OBC,,"70/366, AGRAWAL ROAD, BIJAPUR-876487","89, MODI CIRCLE, RAMAGUNDAM-428057",BALRAMPUR,C.G.,YES,barmanbhavika@example.com,989947035151,,,,12TH,2020,ARTS,33720811,258190993,HEMCHAND YADAV UNIVERSITY,500,391,FIRST,78.2,
861/22262,ANMOL RAU,8529020340,M.Sc. (Computer Science - Final),COMPUTER,20-01-2026,EKARAJ PATIL,LILA KHALSA,FREELANCER,13-08-2003,Male,OBC,,"11/22, MAGAR CHOWK, KANPUR 714279","H.NO. 19, NADKARNI NAGAR, AMBATTUR 689098",BILASPUR,C.G.,NO,faraj85@example.com,215368080345,,,,GRADUATION,2022,SCIENCE,77806706,841062437,HEMCHAND YADAV UNIVERSITY,500,278,SECOND,55.6,
232/13540,BHAVIKA PRAKASH,1943087252,B.Sc. (Mathematics),MATHEMATICS,10-03-2026,KRISHNA MASTER,VRITTI CHAHAL,PLUMBER,12-12-2007,Female,ST,,"19/121, SAHA STREET, JALGAON 724055","369, CHANA CHOWK, VIJAYANAGARAM 337106",KONDAGAON,C.G.,YES,bahadurjit66@example.com,544166113191,,,,12TH,2023,SCIENCE,49908668,762416140,STATE BOARD,500,326,FIRST,65.2,
153/70961,YAMINI SAGAR,2581748577,M.Sc. (Biotechnology - Final),-,22-02-2026,OJAS NATT,AVNI NATARAJAN,FREELANCER,03-05-2001,Female,GEN,,"H.NO. 09, WASON PATH, KALYAN-DOMBIVLI-940867","H.NO. 55, WALIA NAGAR, VARANASI 270939",RAIPUR,C.G.,YES,lopa10@example.net,210697170295,,,,GRADUATION,2022,SCIENCE,25652864,421780753,STATE BOARD,500,265,SECOND,53.0,
153/94884,UDANT ROY,6810685374,B.Sc. Micro Biology,BIOLOGY,15-01-2026,RONITH BORRA,ISHANVI CHHABRA,BUSINESS,21-07-2000,Male,GEN,,"H.NO. 68, MAJUMDAR NAGAR, RAMGARH 547264","26/443, GANGULY GANJ, IMPHAL-811413",BILASPUR,C.G.,YES,doza@example.net,300661455992,,,,12TH,2025,SCIENCE,77846965,453230986,CBSE,500,291,SECOND,58.2,
213/64304,SAKSHAM ROY,3186622663,M.Sc. (Physics - Previous),PHYSICS,26-01-2026,ISHWAR VARKEY,EKANTIKA MISRA,CONSULTANT,26-02-2002,Male,ST,,"11/51, SANKARAN STREET, MORADABAD 771528","101, BEHL ROAD, PHUSRO-155926",KONDAGAON,C.G.,YES,dadaekaraj@example.org,061379334709,,,,GRADUATION,2021,SCIENCE,00444284,112428363,STATE BOARD,500,333,FIRST,66.6,
786/28822,CHANDRESH SUR,5904544280,M.Sc. (Botany - Previous),BOTANY,09-03-2026,AYUSHMAN DASGUPTA,URMI VARUGHESE,GOVT EMPLOYEE,22-05-2002,Male,GEN,,"61/523, CHERIAN CHOWK, BIKANER 551195","H.NO. 90, MAJUMDAR ZILA, KOLLAM-053568",KONDAGAON,C.G.,NO,tarakant@example.com,842665166417,,,,GRADUATION,2021,SCIENCE,51967504,571712518,HEMCHAND YADAV UNIVERSITY,500,259,SECOND,51.8,
237/54815,RISHI SEKHON,7810319094,BCA (Bachelor of Computer Applications),COMPUTER,17-01-2026,AZAD TIWARI,WISHI DARA,ACCOUNTANT,20-05-2000,Male,GEN,,"06/635, RATTI GANJ, BOKARO 921142","664, SANGHVI ZILA, ROHTAK 792903",KANKER,C.G.,YES,ira48@example.net,145000459823,,,,12TH,2024,ARTS,25668356,280915603,CBSE,500,379,FIRST,75.8,
865/83921,TIMOTHY CHANDA,9433614097,B.Sc. Computer Science,COMPUTER,18-03-2026,LAKSHIT BUMB,DEVIKA VIRK,NURSE,06-07-2006,Male,GEN,,"944, BADAMI CHOWK, NANGLOI JAT 538315","H.NO. 605, RAJU ROAD, MYSORE 520138",RAJNANDGAON,C.G.,NO,bobalekansh@example.com,961119352795,,,,12TH,2023,SCIENCE,93155258,953286313,STATE BOARD,500,401,FIRST,80.2,
597/35267,QABIL KORPAL,5225248583,M.Sc. (Mathematics - Final),MATHEMATICS,17-02-2026,OSCAR BUMB,RAKSHA VYAS,LAWYER,15-03-2001,Male,ST,,"68, MISRA MARG, TIRUPPUR-975317","34, RAMASWAMY ROAD, GWALIOR-806936",NARAYANPUR,C.G.,YES,virajbajaj@example.org,049334675875,,,,GRADUATION,2025,SCIENCE,48270432,850565999,CBSE,500,285,SECOND,57.0,
549/37434,ODIKA KAUL,3327906285,M.Sc. (Botany - Previous),BOTANY,28-02-2026,SAMAKSH KALLA,VANYA RATTAN,ACCOUNTANT,13-07-2003,Female,SC,,"497, CHAD STREET, CHITTOOR-737276","H.NO. 565, DOSHI ROAD, JODHPUR 096286",SURGUJA,C.G.,YES,nandinidara@example.net,338366609799,,,,GRADUATION,2021,SCIENCE,49429446,583237276,STATE BOARD,500,445,FIRST,89.0,
104/45740,FARIS NARASIMHAN,5437825509,M.Com. (Final),COMMERCE,09-01-2026,ABHIMANYU VYAS,ABHA HARI,POLICE,11-03-2007,Male,GEN,,"154, NAIK STREET, RATLAM-576714","11, CHACKO MARG, BALLY-090383",DHAMTARI,C.G.,YES,widishayadav@example.com,021589832500,,,,GRADUATION,2025,COMMERCE,49195323,575135225,CBSE,500,496,FIRST,99.2,
181/96796,AARUSH CHOKSHI,1412587453,M.Sc. (Botany - Final),BOTANY,19-01-2026,JACK RATTAN,UBIKA SASTRY,CONSULTANT,29-08-2003,Male,SC,,"556, BALAN CIRCLE, MORADABAD-619644","82/41, BORRA NAGAR, NELLORE-701060",BEMETARA,C.G.,NO,tramesh@example.com,155493454650,,,,GRADUATION,2022,SCIENCE,30378048,971111443,CBSE,500,336,FIRST,67.2,
543/55839,EKIYA CHANDA,9287070558,M.A. (Final),ARTS,01-02-2026,QADIM WADHWA,UNNI RAVAL,BUSINESS,11-03-2008,Female,GEN,,"905, WABLE PATH, TEZPUR-595015","91, SANGHVI CHOWK, GHAZIABAD-672736",GARIABAND,C.G.,YES,kaurzayan@example.org,790707852997,,,,GRADUATION,2025,ARTS,11279310,802343530,STATE BOARD,500,497,FIRST,99.4,
552/35218,RAJATA RATTI,8823428655,M.Sc. (Zoology - Final),ZOOLOGY,02-03-2026,UDARSH SETH,RAJATA BALA,CONSULTANT,30-11-2002,Female,OBC,,"797, NORI ZILA, RAJKOT-514643","H.NO. 36, NARAYANAN STREET, KOCHI-103371",SURGUJA,C.G.,YES,godabalveer@example.com,492970910400,,,,GRADUATION,2023,SCIENCE,82193878,436230314,HEMCHAND YADAV UNIVERSITY,500,433,FIRST,86.6,
387/17767,ETHAN BADAL,2872641905,BCA (Bachelor of Computer Applications),COMPUTER,10-01-2026,GIRIK CHAD,VEDHIKA SARRAF,PRIVATE JOB,12-01-2003,Male,OBC,,"H.NO. 49, KADAKIA NAGAR, AVADI 440556","31/584, TRIPATHI MARG, SANGLI-MIRAJ & KUPWAD 134877",BEMETARA,C.G.,NO,bahrisanya@example.org,664101798759,,,,12TH,2024,ARTS,63781149,328265533,CBSE,500,493,FIRST,98.6,
815/86237,PETER PRASHAD,0132797932,M.Sc. (Computer Science - Previous),COMPUTER,19-02-2026,MAANAV MANNE,RAJESHRI SAVANT,ARTIST,26-02-2004,Male,OBC,,"22/863, SAXENA CHOWK, ASANSOL 458552","H.NO. 325, DUBEY CIRCLE, HOWRAH-960564",BALOD,C.G.,YES,eiravati94@example.org,510815293719,,,,GRADUATION,2020,SCIENCE,86588427,112128188,HEMCHAND YADAV UNIVERSITY,500,403,FIRST,80.6,
798/68121,ADVIK CHERIAN,6297749340,M.A. (Final),ARTS,05-01-2026,ZASHIL SATHE,JHALAK NAIDU,DOCTOR,21-05-2002,Male,OBC,,"322, SEM GANJ, NAGERCOIL 998930","H.NO. 145, RASTOGI, JAMMU 474383",RAJNANDGAON,C.G.,YES,upadhyayekapad@example.org,126465183113,,,,GRADUATION,2025,ARTS,29896823,631759805,CBSE,500,468,FIRST,93.6,
232/62912,OLIVER KHURANA,6981136620,M.Sc. (Botany - Previous),BOTANY,01-01-2026,NAKUL VARMA,TANMAYI SODHI,ELECTRICIAN,16-03-2002,Male,ST,,"76/54, BAVA PATH, PHAGWARA 774935","H.NO. 53, THAKUR GANJ, JABALPUR 534130",SUKMA,C.G.,NO,sanyamohanty@example.com,882833053572,,,,GRADUATION,2025,SCIENCE,92706896,180043893,CBSE,500,366,FIRST,73.2,
845/22813,RADHIKA RAU,3355070507,PGDCA (Post Graduate Diploma in Computer Applications),COMPUTER,09-02-2026,JOSHUA LAD,MEKHALA SOM,CONSULTANT,14-04-2008,Female,SC,,"69/69, BOASE GANJ, TIRUPPUR-507715","35, DHAWAN GANJ, KHORA  339919",KONDAGAON,C.G.,YES,xtalwar@example.net,253764242241,,,,GRADUATION,2023,ARTS,21659378,549244265,STATE BOARD,500,292,SECOND,58.4,
630/32925,LUKE VARTY,1369513242,M.Com. (Final),COMMERCE,15-02-2026,XAVIER RANDHAWA,XALAK SHANKAR,CARPENTER,26-11-2005,Male,ST,,"48/020, SACHDEVA GANJ, ADONI 800083","99/953, PALLA MARG, RAMAGUNDAM-610646",RAJNANDGAON,C.G.,NO,wmagar@example.org,986727613863,,,,GRADUATION,2024,COMMERCE,37766071,536706197,HEMCHAND YADAV UNIVERSITY,500,237,SECOND,47.4,
548/55008,GUNBIR NATARAJAN,5420469972,B.Sc. IT (Information Technology),COMPUTER,03-02-2026,RAYAAN D’ALIA,LEELA RAMA,FARMER,17-06-2008,Male,OBC,,"H.NO. 561, KALA CHOWK, JORHAT 713829","H.NO. 646, KAPADIA MARG, GUNA-476578",MAHASAMUND,C.G.,YES,wprakash@example.com,045518037243,,,,12TH,2020,SCIENCE,97463316,590491466,CBSE,500,431,FIRST,86.2,
565/12803,VIDHI SUBRAMANIAM,9927781871,M.Sc. (Botany - Final),BOTANY,29-01-2026,VIRAJ SONI,HEMANGINI MADAN,CARPENTER,25-04-2006,Female,OBC,,"89/083, BHAT, NADIAD-940251","25, BATTA PATH, NAGERCOIL-183391",KANKER,C.G.,NO,zganesan@example.net,440166995837,,,,GRADUATION,2024,SCIENCE,76908715,288096551,HEMCHAND YADAV UNIVERSITY,500,356,FIRST,71.2,
700/88596,MADHAV MURTY,5872694846,B.Com.,COMMERCE,13-02-2026,YATIN MURTHY,ATI GUPTA,STUDENT,22-07-2006,Male,ST,,"H.NO. 890, BAWA NAGAR, NIZAMABAD 089109","H.NO. 138, BUTALA ROAD, JEHANABAD 731599",BALRAMPUR,C.G.,NO,mohinisalvi@example.net,255710184497,,,,12TH,2023,COMMERCE,56095513,848746746,STATE BOARD,500,301,FIRST,60.2,
947/26640,ORINDER BRAHMBHATT,4520645404,B.Lib (Bachelor of Library Science),LIBRARY SCIENCE,18-03-2026,ETHAN PADMANABHAN,RADHIKA BUCH,FREELANCER,16-08-2007,Male,SC,,"010, RAJ ROAD, PIMPRI-CHINCHWAD-290152","09/08, THAKER ROAD, SULTAN PUR MAJRA 453022",SURGUJA,C.G.,NO,banikumang@example.net,710220116043,,,,12TH,2020,ARTS,33216978,761126129,CBSE,500,281,SECOND,56.2,
316/97695,VEER REDDY,4908754907,M.Sc. (Physics - Final),PHYSICS,20-01-2026,LABAN SIDHU,HIRAL KHURANA,PLUMBER,12-05-2006,Male,OBC,,"60/732, MAMMEN ROAD, SRI GANGANAGAR 036757","28/07, BATRA ROAD, ANAND 677799",JASHPUR,C.G.,YES,ranganathanvanya@example.com,042176692400,,,,GRADUATION,2021,SCIENCE,72092503,919998857,HEMCHAND YADAV UNIVERSITY,500,369,FIRST,73.8,
519/71701,YASHODA CHOWDHURY,4039080682,BBA (Bachelor of Business Administration),MANAGEMENT,09-03-2026,DARSH MUNI,NIDRA SAINI,CARPENTER,10-01-2005,Female,OBC,,"50, PARMAR ROAD, SINGRAULI 416826","49/77, MEMON CHOWK, DEHRI 119310",RAJNANDGAON,C.G.,NO,wrastogi@example.net,489058946519,,,,12TH,2021,ARTS,29992294,136807117,CBSE,500,289,SECOND,57.8,
637/35421,RAYAAN KAPOOR,0410672789,M.Sc. (Biotechnology - Previous),-,14-02-2026,VEDANT SUBRAMANIAN,POOJA PARMAR,NURSE,04-05-2000,Male,OBC,,"85, DHILLON PATH, PUDUKKOTTAI 332740","39/84, SHETH ZILA, SRI GANGANAGAR 220143",GARIABAND,C.G.,YES,ipurohit@example.com,351439572921,,,,GRADUATION,2022,SCIENCE,51011301,438986799,HEMCHAND YADAV UNIVERSITY,500,201,THIRD,40.2,
549/70493,ANTHONY MURTY,2672113994,B.Lib (Bachelor of Library Science),LIBRARY SCIENCE,14-01-2026,ADVAITH MUNI,MUGDHA SEKHON,LAWYER,05-11-2004,Male,SC,,"H.NO. 70, MUNSHI CIRCLE, AKOLA 142023","06, DEWAN MARG, PUNE-696807",BEMETARA,C.G.,NO,oni04@example.com,149552366052,,,,12TH,2024,ARTS,21256174,275300712,HEMCHAND YADAV UNIVERSITY,500,481,FIRST,96.2,
373/60860,HEMANGINI PADMANABHAN,9058247172,B.Sc. IT (Information Technology),COMPUTER,14-03-2026,VINCENT RAU,DEVIKA GARA,ACCOUNTANT,02-11-2003,Female,OBC,,"029, WALLA ZILA, BHUBANESWAR 268974","863, DHAR ROAD, GURGAON 988794",BALRAMPUR,C.G.,NO,imukhopadhyay@example.com,802684690502,,,,12TH,2025,SCIENCE,90414067,694910305,HEMCHAND YADAV UNIVERSITY,500,291,SECOND,58.2,
946/79652,OM RANA,8659845030,M.Sc. (Physics - Final),PHYSICS,25-02-2026,VICTOR KUMAR,DHRITI PANDIT,SELF EMPLOYED,10-11-2001,Male,GEN,,"29, MALLICK NAGAR, KAVALI 622023","H.NO. 906, SOMAN NAGAR, AVADI-749394",DURG,C.G.,NO,kashvi56@example.org,853744346853,,,,GRADUATION,2025,SCIENCE,83964864,358212562,HEMCHAND YADAV UNIVERSITY,500,324,FIRST,64.8,
501/96349,YASHVI SIDHU,0902152361,B.Com.,COMMERCE,15-01-2026,GEORGE DEVAN,UPASNA MODI,NURSE,08-10-2002,Female,SC,,"70/76, RAI ROAD, INDORE-658744","42/453, DUGAL GANJ, HAPUR-746970",KOREA,C.G.,NO,viraj90@example.org,867133272517,,,,12TH,2020,COMMERCE,29925390,635421123,STATE BOARD,500,315,FIRST,63.0,
842/22485,RACHIT DAS,8909612684,B.Lib (Bachelor of Library Science),LIBRARY SCIENCE,25-02-2026,JAIRAJ CHAHAL,HIRAL BANIK,BUSINESS,21-11-2004,Male,ST,,"H.NO. 89, KOTHARI ZILA, SHIMLA 771893","07/757, SATHE CIRCLE, AMBARNATH-347445",DHAMTARI,C.G.,NO,jagat05@example.net,067563261205,,,,12TH,2020,ARTS,23809167,003104385,CBSE,500,262,SECOND,52.4,
529/71259,FARAJ VARTY,6748123464,B.Sc. Biotechnology,-,20-02-2026,VIVAAN MORAR,JAGRATI MEMON,LABOUR,14-04-2007,Male,OBC,,"64, REDDY GANJ, ERODE-376392","77, AGARWAL MARG, SERAMPORE-887423",JASHPUR,C.G.,NO,yashicabajwa@example.org,857684742490,,,,12TH,2022,SCIENCE,73614511,265639745,CBSE,500,204,THIRD,40.8,
289/61386,AGASTYA KANNAN,2510850616,M.Sc. (Chemistry - Previous),CHEMISTRY,10-01-2026,ANIRUDH MANGAT,KAMALA GARG,GOVT EMPLOYEE,21-11-2007,Male,ST,,"702, BANSAL NAGAR, TIRUCHIRAPPALLI 405715","H.NO. 681, SULE, HOWRAH-007077",BALODA BAZAR,C.G.,NO,jagratipuri@example.com,691881040059,,,,GRADUATION,2021,SCIENCE,91676693,493067124,HEMCHAND YADAV UNIVERSITY,500,344,FIRST,68.8,
439/68282,SAUMYA NARASIMHAN,0763066896,M.Sc. (Physics - Final),PHYSICS,14-02-2026,JAGDISH ARORA,KEYA VARGHESE,SHOPKEEPER,26-09-2008,Female,SC,,"H.NO. 65, SANGHA GANJ, CHITTOOR 681086","H.NO. 003, DHAR CHOWK, ALWAR-858128",BIJAPUR,C.G.,NO,orao@example.org,558251212929,,,,GRADUATION,2025,SCIENCE,80191107,608605628,HEMCHAND YADAV UNIVERSITY,500,401,FIRST,80.2,
266/46188,ANJALI GOPAL,6614185418,M.Sc. (Zoology - Previous),ZOOLOGY,25-02-2026,SAMAR WALI,ISHANI RANA,GOVT EMPLOYEE,05-08-2006,Female,ST,,"28/221, BHATTI ROAD, ULHASNAGAR-195745","63, PURI ROAD, BIJAPUR-141805",DHAMTARI,C.G.,NO,yogirajata@example.org,099023790900,,,,GRADUATION,2025,SCIENCE,22883573,804800175,STATE BOARD,500,458,FIRST,91.6,
798/39356,BALJIWAN KEER,1777360022,BAJMC (Bachelor of Arts in Journalism & Mass Communication),COMMERCE,14-03-2026,WYATT RAVI,OSHA SINGHAL,RETIRED,02-01-2002,Male,OBC,,"H.NO. 217, MUTTI ROAD, DARBHANGA-849677","889, SARAF CHOWK, BIDAR 899770",KONDAGAON,C.G.,YES,tprasad@example.net,060523616622,,,,12TH,2022,ARTS,71919128,983437286,CBSE,500,225,SECOND,45.0,
134/55204,ADITYA SATHE,0385935973,B.Sc. IT (Information Technology),COMPUTER,12-03-2026,WRIDDHISH WARRIOR,LIPIKA APTE,CONSULTANT,03-11-2005,Male,SC,,"92/89, KAPUR CIRCLE, BELGAUM-602009","227, GANDHI CHOWK, JEHANABAD 357222",RAIGARH,C.G.,NO,alexanderlad@example.com,434121130876,,,,12TH,2022,SCIENCE,34385707,093784005,HEMCHAND YADAV UNIVERSITY,500,427,FIRST,85.4,
526/86711,RONITH BORDE,9038357332,B.Sc. (Biology),BIOLOGY,07-02-2026,DAKSH KRISHNAN,NIKITA NAGARAJAN,TEACHER,01-11-2008,Male,GEN,,"41/513, SUNDER CIRCLE, NORTH DUMDUM-678379","89/828, PRAKASH CIRCLE, GAYA-780211",JASHPUR,C.G.,YES,basakhritik@example.com,629887926295,,,,12TH,2024,SCIENCE,78401515,806762152,STATE BOARD,500,397,FIRST,79.4,
579/56334,KALA KAMDAR,6972312182,M.A. (Final),ARTS,10-03-2026,ARIN KASHYAP,NITARA SRIDHAR,FARMER,20-11-2007,Female,ST,,"313, OZA ROAD, MYSORE 020170","13/165, VOHRA GANJ, NAVI MUMBAI-773822",KORBA,C.G.,NO,lataharini@example.org,278829944073,,,,GRADUATION,2020,ARTS,84621473,621373132,CBSE,500,311,FIRST,62.2,
617/72249,YATAN NAGI,5950628506,BCA (Bachelor of Computer Applications),COMPUTER,01-03-2026,NACHIKET DATE,ETA TANDON,ENGINEER,01-03-2007,Male,GEN,,"H.NO. 80, RAMAN GANJ, HOSUR-690351","H.NO. 023, PRABHAKAR, DIBRUGARH 321703",RAIPUR,C.G.,YES,tripathiidika@example.org,335770044054,,,,12TH,2022,ARTS,19759078,509540091,STATE BOARD,500,317,FIRST,63.4,
261/61188,VAISHNAVI PARSA,2894332611,B.Com.,COMMERCE,13-01-2026,SAI YOHANNAN,IDIKA MITRA,GOVT EMPLOYEE,14-10-2005,Female,GEN,,"24/989, ISSAC ZILA, MORENA 090690","10/58, KAKAR ZILA, ALAPPUZHA 415263",RAJNANDGAON,C.G.,YES,pyohannan@example.com,265929672931,,,,12TH,2020,COMMERCE,12646223,704753082,CBSE,500,280,SECOND,56.0,
415/44630,SHIVANSH BUCH,7966443239,M.Sc. (Zoology - Final),ZOOLOGY,10-03-2026,XAVIER KARI,AARNA DEY,SELF EMPLOYED,28-11-2003,Male,SC,,"18, PRABHU PATH, BALLIA-542895","H.NO. 566, SHENOY CIRCLE, AHMEDNAGAR-578378",RAIGARH,C.G.,NO,zganesh@example.org,103120685874,,,,GRADUATION,2023,SCIENCE,60853774,601220073,HEMCHAND YADAV UNIVERSITY,500,242,SECOND,48.4,
744/46913,THOMAS KOSHY,9699452616,B.Com.,COMMERCE,02-03-2026,ANMOL SANGHVI,AASHI MANNAN,BUSINESS,12-08-2006,Male,ST,,"11/26, RASTOGI STREET, GORAKHPUR-230149","95, SARRAF, BELGAUM-562774",RAIGARH,C.G.,YES,gaurangi91@example.net,546423322269,,,,12TH,2025,COMMERCE,76790129,546419475,STATE BOARD,500,236,SECOND,47.2,
892/42696,ANYA LUTHRA,3967854881,B.Com.,COMMERCE,19-01-2026,MASON SRIDHAR,OMAJA TANEJA,POLICE,19-02-2002,Female,SC,,"29, SUNDER ROAD, NANDYAL 022128","62, BANERJEE NAGAR, JALANDHAR 363079",MAHASAMUND,C.G.,YES,aishani75@example.net,334197310008,,,,12TH,2023,COMMERCE,28159042,399607018,STATE BOARD,500,310,FIRST,62.0,
175/79401,VRINDA GUHA,7986878427,M.Sc. (Biotechnology - Final),-,16-01-2026,LAKSH BORRA,VANSHA MEMON,FREELANCER,28-03-2006,Female,SC,,"40/17, SALVI MARG, ALWAR 195494","H.NO. 19, JHAVERI CIRCLE, RAMGARH 883039",SURGUJA,C.G.,NO,gchaudhari@example.net,488867618660,,,,GRADUATION,2020,SCIENCE,84242053,610232361,CBSE,500,209,THIRD,41.8,
670/79882,VEDA DUBEY,3033102780,M.Sc. (Physics - Final),PHYSICS,16-02-2026,WARJAS BHARGAVA,ATI SRINIVAS,RETIRED,11-01-2003,Female,SC,,"39, SAXENA MARG, SANGLI-MIRAJ & KUPWAD-673296","H.NO. 60, GUHA GANJ, THRISSUR 405820",SUKMA,C.G.,YES,yshroff@example.org,329065761487,,,,GRADUATION,2021,SCIENCE,48628180,820984493,CBSE,500,458,FIRST,91.6,
927/14443,RANBIR GOLA,0522478425,B.Lib (Bachelor of Library Science),LIBRARY SCIENCE,08-01-2026,ABDUL DHINGRA,LAKSHMI MANDAL,PRIVATE JOB,20-01-2002,Male,ST,,"86/25, BERA, TIRUVOTTIYUR-837634","69/77, MANE CIRCLE, LONI 425329",NARAYANPUR,C.G.,NO,krishnachakrabarti@example.net,998868689437,,,,12TH,2021,ARTS,64870892,397469063,CBSE,500,207,THIRD,41.4,
105/31754,AZAD GOLE,1390095835,M.Sc. (Biotechnology - Final),-,20-02-2026,WARJAS YOGI,MUGDHA SUBRAMANIAM,MECHANIC,30-03-2003,Male,GEN,,"120, MISTRY CIRCLE, SILIGURI 983821","H.NO. 20, TIWARI, NEW DELHI 277415",SUKMA,C.G.,YES,garimasetty@example.net,493663898813,,,,GRADUATION,2020,SCIENCE,99934432,736356137,HEMCHAND YADAV UNIVERSITY,500,419,FIRST,83.8,
643/85792,NACHIKET PANDYA,4878622531,B.Sc. Electronics,-,13-02-2026,ALEXANDER TRIVEDI,WIDISHA SRIVASTAVA,NURSE,23-09-2000,Male,ST,,"H.NO. 760, KHALSA ROAD, RAIPUR 895093","H.NO. 935, RAM, THRISSUR-788590",NARAYANPUR,C.G.,NO,kapadiahemal@example.net,093154301761,,,,12TH,2023,SCIENCE,99034637,982106167,STATE BOARD,500,239,SECOND,47.8,
911/41981,HRITIK MANDAL,6728361641,B.Sc. (Biology),BIOLOGY,09-02-2026,MANAN CHAUDHRY,TANMAYI CHOKSHI,FARMER,31-03-2002,Male,ST,,"H.NO. 99, NORI NAGAR, PALLAVARAM-633838","H.NO. 922, SARMA MARG, MADURAI 995014",KORBA,C.G.,YES,ramaeesha@example.com,728810726653,,,,12TH,2024,SCIENCE,35618158,031114262,STATE BOARD,500,409,FIRST,81.8,
406/25675,THEODORE BHATTACHARYYA,2450552060,M.Sc. (Botany - Previous),BOTANY,11-03-2026,HEMANG BAIL,AMRUTA RAJAGOPAL,LABOUR,24-09-2008,Male,ST,,"48/54, SAMRA GANJ, BHOPAL 373846","H.NO. 53, RAJU CIRCLE, SALEM-775979",KOREA,C.G.,NO,oviswanathan@example.net,935140969077,,,,GRADUATION,2025,SCIENCE,91365885,439896927,HEMCHAND YADAV UNIVERSITY,500,489,FIRST,97.8,
928/69624,OLIVER OAK,5842563670,B.Sc. (Biology),BIOLOGY,02-02-2026,HENRY KOTHARI,VYANJANA JANI,PLUMBER,23-07-2000,Male,GEN,,"H.NO. 41, RAVI GANJ, RAEBARELI 454929","48/839, LUTHRA ZILA, PANCHKULA-162643",BIJAPUR,C.G.,YES,borautkarsh@example.net,116573039590,,,,12TH,2024,SCIENCE,97386979,235634054,STATE BOARD,500,262,SECOND,52.4,
728/53299,THEODORE WASON,0845699964,B.Sc. (Biology),BIOLOGY,08-02-2026,DARSH DHAWAN,NEHA GREWAL,LAWYER,11-05-2003,Male,GEN,,"H.NO. 089, DOSHI MARG, AVADI-777008","816, DE MARG, SAHARSA 413870",RAJNANDGAON,C.G.,NO,jason50@example.org,935679874786,,,,12TH,2025,SCIENCE,42513598,391004661,HEMCHAND YADAV UNIVERSITY,500,324,FIRST,64.8,
299/81178,AMRITA SANKAR,6140641040,M.Sc. (Zoology - Final),ZOOLOGY,28-01-2026,PRANAV CHEEMA,UDYATI MERCHANT,SHOPKEEPER,08-09-2007,Female,GEN,,"H.NO. 72, GREWAL PATH, GUNA-225450","H.NO. 542, MADAN ZILA, JHANSI-109798",RAIPUR,C.G.,YES,nisha21@example.com,363454661176,,,,GRADUATION,2021,SCIENCE,60704878,265488442,HEMCHAND YADAV UNIVERSITY,500,459,FIRST,91.8,
513/85041,ONKAR HARI,5135327638,B.Sc. Biotechnology,-,19-01-2026,PETER APTE,YASTI AGGARWAL,MECHANIC,23-03-2008,Male,SC,,"61/39, GILL STREET, RAEBARELI-640106","18, UPADHYAY GANJ, BIJAPUR-667475",DURG,C.G.,YES,tchacko@example.net,528233115436,,,,12TH,2023,SCIENCE,33468432,968971918,CBSE,500,442,FIRST,88.4,
733/39197,JACKSON NARAIN,6431720374,M.Sc. (Zoology - Final),ZOOLOGY,07-01-2026,ARYAN PALLA,BRINDA NATT,MECHANIC,26-03-2008,Male,SC,,"22/935, BAINS ROAD, PALLAVARAM-272550","53/40, WALI MARG, BURHANPUR 489916",SUKMA,C.G.,YES,rushil67@example.com,227896012718,,,,GRADUATION,2025,SCIENCE,39482130,136964180,STATE BOARD,500,305,FIRST,61.0,
954/44434,OMYA CHOWDHURY,4489253369,M.Sc. (Computer Science - Previous),COMPUTER,02-01-2026,AMOL CHAKRABARTI,EDHITHA KAPOOR,PLUMBER,03-07-2008,Female,SC,,"76/13, TANDON CIRCLE, SIWAN-181378","991, KADE, BHATPARA 413003",RAIGARH,C.G.,YES,hitesh05@example.net,404498035996,,,,GRADUATION,2023,SCIENCE,43694396,417943710,STATE BOARD,500,484,FIRST,96.8,
288/54817,VASATIKA NATT,4050262489,BCA (Bachelor of Computer Applications),COMPUTER,04-03-2026,HREDHAAN PARIKH,BHAVYA PUROHIT,SHOPKEEPER,28-04-2007,Female,SC,,"57, GOUR MARG, BERHAMPUR 245101","H.NO. 623, KADE, RAMGARH 169657",RAJNANDGAON,C.G.,NO,ranbir64@example.com,128094932365,,,,12TH,2024,ARTS,63995539,361416496,STATE BOARD,500,221,THIRD,44.2,
269/97460,GIRIK LALLA,7841291152,M.Com. (Final),COMMERCE,15-03-2026,LOHIT BALA,ANYA KORPAL,ELECTRICIAN,11-05-2008,Male,GEN,,"607, PAREKH NAGAR, KATNI-108929","H.NO. 36, SASTRY CIRCLE, OZHUKARAI-582292",GARIABAND,C.G.,YES,rdube@example.com,584436784659,,,,GRADUATION,2020,COMMERCE,91484324,925251579,STATE BOARD,500,357,FIRST,71.4,
627/28984,HENRY REDDY,9556871776,M.Sc. (Chemistry - Final),CHEMISTRY,12-03-2026,FALAN TATA,BRINDA KURIAN,ENGINEER,06-03-2004,Male,OBC,,"56/440, CHAUHAN CHOWK, JABALPUR-913766","73/983, AGRAWAL, MYSORE-969377",RAJNANDGAON,C.G.,YES,manthanmanda@example.com,338144280424,,,,GRADUATION,2024,SCIENCE,22711533,099250508,CBSE,500,340,FIRST,68.0,
735/13918,AARNA SARKAR,0424579842,M.Sc. (Computer Science - Previous),COMPUTER,15-02-2026,ONVEER BHALLA,SANYA BAHL,RETIRED,31-03-2003,Female,OBC,,"H.NO. 023, MITAL ROAD, GANDHINAGAR-303942","284, TOOR ROAD, ONGOLE 615335",RAIGARH,C.G.,NO,seshadriyuvraj@example.org,228534044157,,,,GRADUATION,2024,SCIENCE,00689447,793174432,CBSE,500,334,FIRST,66.8,
537/13610,CHANDRAN SHAN,9189990140,M.Sc. (Physics - Final),PHYSICS,13-01-2026,ABHIMANYU SINGH,DAMYANTI CHAKRABARTI,FREELANCER,26-02-2003,Male,OBC,,"H.NO. 436, SAVANT ROAD, MUZAFFARPUR 644751","43/101, WALIA, HYDERABAD 592213",BASTAR,C.G.,NO,chaturawalia@example.com,776616276440,,,,GRADUATION,2025,SCIENCE,81401120,346009303,STATE BOARD,500,470,FIRST,94.0,
892/45856,KAVYA RAVI,1985385661,M.Sc. (Mathematics - Final),MATHEMATICS,08-01-2026,SAMARTH MANI,XITI BASU,DOCTOR,26-01-2003,Female,SC,,"H.NO. 84, MISRA GANJ, JAMSHEDPUR 582500","87/679, SETH MARG, JORHAT 019737",KONDAGAON,C.G.,NO,ibutala@example.com,903686402014,,,,GRADUATION,2021,SCIENCE,40309560,011975282,HEMCHAND YADAV UNIVERSITY,500,380,FIRST,76.0,
925/47020,ROHAN KRISHNAN,4515387599,B.Sc. Micro Biology,BIOLOGY,16-01-2026,MANBIR NARASIMHAN,IDIKA PALAN,PLUMBER,10-08-2000,Male,GEN,,"H.NO. 62, TAILOR STREET, ROHTAK-352724","H.NO. 062, NARULA CIRCLE, ORAI 826566",BILASPUR,C.G.,YES,wmadan@example.net,227753647301,,,,12TH,2020,SCIENCE,20914259,672954723,HEMCHAND YADAV UNIVERSITY,500,486,FIRST,97.2,
359/40030,WAZIR GOUR,9388366939,BBA (Bachelor of Business Administration),MANAGEMENT,22-02-2026,LUKE DARA,LEENA RANGANATHAN,GOVT EMPLOYEE,22-07-2001,Male,GEN,,"H.NO. 16, RANDHAWA ROAD, JALGAON 209384","75/917, SANE ROAD, KOZHIKODE 066203",SUKMA,C.G.,NO,abhasalvi@example.net,326839906922,,,,12TH,2021,ARTS,23525142,088371877,STATE BOARD,500,491,FIRST,98.2,
590/61969,BHANUMATI PATIL,7928570932,B.Com.,COMMERCE,02-01-2026,EKBAL WALI,HARINAKSHI BEN,STUDENT,25-07-2000,Female,ST,,"62, SWAMY ZILA, OZHUKARAI-360386","05, SEM ROAD, AMROHA 091029",BALODA BAZAR,C.G.,YES,baniklaban@example.com,728619756551,,,,12TH,2025,COMMERCE,01916565,890001846,HEMCHAND YADAV UNIVERSITY,500,208,THIRD,41.6,
171/49861,RACHIT DAYAL,8350777868,M.Sc. (Physics - Final),PHYSICS,13-03-2026,OSCAR BABU,TAMANNA GANESAN,PLUMBER,02-12-2006,Male,ST,,"H.NO. 27, DUBEY ROAD, COIMBATORE 829191","26, KALLA MARG, GUWAHATI 121966",BEMETARA,C.G.,YES,hbhatnagar@example.com,087508598896,,,,GRADUATION,2025,SCIENCE,72281274,537542514,CBSE,500,347,FIRST,69.4,
323/74929,KRISHNA MAMMEN,0058387335,M.Sc. (Physics - Final),PHYSICS,07-02-2026,BALHAAR MASTER,JASMIT PRAKASH,ARMY PERSONNEL,21-06-2005,Female,SC,,"306, KALA CHOWK, DEHRADUN-590892","614, RANA GANJ, RAEBARELI-270785",BALOD,C.G.,YES,netrasubramaniam@example.net,356722372764,,,,GRADUATION,2020,SCIENCE,06833863,293467674,HEMCHAND YADAV UNIVERSITY,500,274,SECOND,54.8,
785/86314,AMRUTA REGE,3575984822,B.Sc. Electronics,-,18-02-2026,BANJEET DASS,INAYA WASON,TEACHER,04-10-2008,Female,GEN,,"939, SRIVASTAVA CIRCLE, GANGTOK-990798","81/11, KULKARNI MARG, HAPUR-339177",JASHPUR,C.G.,NO,tbassi@example.net,272803517639,,,,12TH,2021,SCIENCE,20661867,943299681,HEMCHAND YADAV UNIVERSITY,500,414,FIRST,82.8,
746/69391,FALAK YADAV,2635979299,M.Sc. (Botany - Final),BOTANY,10-02-2026,QABIL VERMA,HEMANGINI THAKER,ARMY PERSONNEL,13-08-2006,Female,OBC,,"71, KEER PATH, DELHI 992753","109, JAGGI ZILA, CHANDRAPUR-221191",BEMETARA,C.G.,NO,patelvarsha@example.net,232385913124,,,,GRADUATION,2023,SCIENCE,31329775,252887713,STATE BOARD,500,389,FIRST,77.8,
741/53287,EKAJA RAMAKRISHNAN,8029946929,M.Com. (Previous),COMMERCE,11-03-2026,RAYAAN KHARE,BINA KIBE,DOCTOR,04-11-2008,Female,OBC,,"H.NO. 43, COMAR NAGAR, KOLLAM-767778","06/15, KHOSLA CHOWK, KOLLAM 657156",SUKMA,C.G.,NO,rrout@example.org,414924164258,,,,GRADUATION,2024,COMMERCE,57719143,705366677,HEMCHAND YADAV UNIVERSITY,500,210,THIRD,42.0,
669/30768,RAYAAN CHAUDHARY,6124521113,M.Sc. (Zoology - Previous),ZOOLOGY,18-02-2026,HARDIK MENON,FALAK KADAKIA,ARTIST,24-01-2008,Male,GEN,,"71/457, PALAN STREET, KULTI-328474","826, RADHAKRISHNAN ZILA, KATIHAR-630864",DURG,C.G.,YES,urvashi14@example.net,224197516763,,,,GRADUATION,2020,SCIENCE,92509036,780412598,STATE BOARD,500,310,FIRST,62.0,
736/15044,JEREMIAH SETTY,4752764324,M.Sc. (Computer Science - Previous),COMPUTER,04-03-2026,GIRISH NARAYAN,VASATIKA KAPUR,ELECTRICIAN,14-02-2007,Male,OBC,,"H.NO. 31, TELLA MARG, ULHASNAGAR 400190","273, ATWAL GANJ, ORAI-167297",GARIABAND,C.G.,NO,urmi16@example.org,660531167644,,,,GRADUATION,2020,SCIENCE,88548122,913830031,CBSE,500,220,THIRD,44.0,
893/84338,NAKUL KAR,2231512348,M.Sc. (Mathematics - Previous),MATHEMATICS,29-01-2026,BRIJESH SHAH,EIRAVATI JAIN,ARTIST,27-04-2001,Male,GEN,,"482, DUGAR NAGAR, NAGPUR-580380","H.NO. 85, PADMANABHAN GANJ, MIRA-BHAYANDAR-722448",BALRAMPUR,C.G.,YES,lsen@example.net,521902927611,,,,GRADUATION,2020,SCIENCE,39334923,621119246,CBSE,500,306,FIRST,61.2,
575/26251,BALENDRA NATT,3999408269,M.Sc. (Botany - Previous),BOTANY,02-02-2026,ANSH APTE,PUSHTI THAMAN,MECHANIC,04-11-2008,Male,ST,,"94/910, JAYARAMAN CHOWK, SIWAN 810615","863, RAMA ROAD, RAMAGUNDAM-963685",JANJGIR-CHAMPA,C.G.,NO,nmody@example.org,246730831389,,,,GRADUATION,2024,SCIENCE,68286767,643843513,CBSE,500,243,SECOND,48.6,
604/31483,BINA DUBE,9460644476,B.Sc. Micro Biology,BIOLOGY,06-02-2026,ARIN MAHAJAN,ADVIKA JHAVERI,SELF EMPLOYED,30-08-2004,Female,ST,,"00/30, SANI ZILA, PARBHANI-149783","034, CHADHA STREET, KARNAL 497172",RAIPUR,C.G.,YES,prasadpraneel@example.net,044329925534,,,,12TH,2021,SCIENCE,53775197,655539442,CBSE,500,276,SECOND,55.2,
358/84516,AASHI OZA,3412664271,M.Sc. (Botany - Previous),BOTANY,21-01-2026,GAURAV VIG,MUGDHA RATTAN,LABOUR,10-10-2002,Female,OBC,,"H.NO. 754, RAMESH ZILA, THANJAVUR-290918","H.NO. 311, NAGI ROAD, DEHRI-184299",BILASPUR,C.G.,YES,hardik18@example.net,438977023892,,,,GRADUATION,2023,SCIENCE,37601814,499245874,STATE BOARD,500,414,FIRST,82.8,
546/46580,DEVANSH MADAN,4018256483,M.Sc. (Botany - Previous),BOTANY,10-03-2026,SAKSHAM PATHAK,NEHA CHATTERJEE,ARMY PERSONNEL,13-02-2009,Male,OBC,,"634, LOYAL STREET, CHAPRA-137660","06/271, ZACHARIA CHOWK, SOLAPUR-368643",BASTAR,C.G.,YES,bahrisamaksh@example.net,251437897051,,,,GRADUATION,2023,SCIENCE,31275973,479805852,HEMCHAND YADAV UNIVERSITY,500,480,FIRST,96.0,
436/81047,ABEER CHOUDHRY,2198756925,B.Sc. Biotechnology,-,21-02-2026,ABEER SHA,ANVI PRAKASH,NURSE,13-10-2002,Male,ST,,"81/56, DEVAN NAGAR, KARIMNAGAR 036052","44/658, GHOSE PATH, HUBLI–DHARWAD 877717",SURGUJA,C.G.,YES,inaya61@example.org,607800109499,,,,12TH,2025,SCIENCE,91203079,398827393,CBSE,500,286,SECOND,57.2,
787/11935,GAUTAMI BARIA,5304019182,M.Sc. (Biotechnology - Previous),-,22-01-2026,DAKSH SUBRAMANIAN,MADHAVI EDWIN,ELECTRICIAN,28-12-2008,Female,GEN,,"466, KALITA, MADURAI-486692","43/00, SHANKER STREET, SURAT 676821",BILASPUR,C.G.,YES,max89@example.com,135201594264,,,,GRADUATION,2025,SCIENCE,64577302,469594668,CBSE,500,202,THIRD,40.4,
268/56070,JANAKI ANAND,1159607618,M.Sc. (Mathematics - Final),MATHEMATICS,05-03-2026,HITESH SAHA,AAHANA KOTA,ACCOUNTANT,04-11-2008,Female,ST,,"48, KURIAN CHOWK, AMARAVATI 695736","74/48, CHAUDHRY NAGAR, YAMUNANAGAR 758227",BALOD,C.G.,NO,qsen@example.net,696798792695,,,,GRADUATION,2022,SCIENCE,04219776,846063012,CBSE,500,316,FIRST,63.2,
470/46536,TRISTAN KHANNA,3523835117,BCA (Bachelor of Computer Applications),COMPUTER,28-02-2026,ROHAN DIXIT,ABHA PAREKH,NURSE,28-02-2003,Male,ST,,"67/65, PAU, MADHYAMGRAM-239828","51/998, RAI STREET, RAIPUR-839752",BALRAMPUR,C.G.,YES,butalashaurya@example.com,022970317396,,,,12TH,2023,ARTS,47707848,234808777,CBSE,500,415,FIRST,83.0,
596/15252,ANTHONY BRAHMBHATT,6947273150,M.Sc. (Botany - Previous),BOTANY,20-01-2026,SARTHAK SAMPATH,LIBNI SOMAN,ENGINEER,15-01-2009,Male,OBC,,"19, KARA CHOWK, JALNA 933993","H.NO. 34, PALAN PATH, RAEBARELI-877493",BILASPUR,C.G.,NO,ucchal26@example.com,388897236307,,,,GRADUATION,2024,SCIENCE,13926835,241837167,STATE BOARD,500,320,FIRST,64.0,
904/74667,NIHAL RADHAKRISHNAN,1321262981,M.Sc. (Mathematics - Previous),MATHEMATICS,19-03-2026,ZAID KAR,DAYAMAI MITAL,BUSINESS,17-06-2003,Male,GEN,,"129, NAIDU, VISAKHAPATNAM 309405","H.NO. 958, MODI CIRCLE, BHILAI 840601",JASHPUR,C.G.,YES,balveeryohannan@example.com,112508109603,,,,GRADUATION,2023,SCIENCE,92808978,439099235,CBSE,500,481,FIRST,96.2,
942/31881,BALVEER SHETH,3518343989,M.Sc. (Computer Science - Final),COMPUTER,17-02-2026,KRISHNA SENGUPTA,YUTIKA CHAUDHARI,BUSINESS,18-11-2007,Male,GEN,,"93/975, CHAWLA CIRCLE, PARBHANI-637450","13, VARGHESE PATH, BONGAIGAON 134772",SUKMA,C.G.,NO,bakhshi17@example.com,998434069023,,,,GRADUATION,2021,SCIENCE,64967561,674049091,STATE BOARD,500,318,FIRST,63.6,
255/76771,GAURI HEGDE,2795517687,M.Sc. (Botany - Final),BOTANY,10-03-2026,AARAV DHILLON,RIDHI JAGGI,SHOPKEEPER,17-12-2004,Female,GEN,,"41/36, RAMACHANDRAN GANJ, MUNGER 890694","H.NO. 63, PUROHIT ROAD, BHILAI 255125",BASTAR,C.G.,NO,lpatel@example.net,111736013562,,,,GRADUATION,2022,SCIENCE,29260979,857103731,CBSE,500,264,SECOND,52.8,
828/13617,AARNA DUGAL,6888495764,B.Sc. Biotechnology,-,07-02-2026,RAYAAN VAIDYA,KEYA JANI,BUSINESS,30-12-2000,Female,OBC,,"18, BASSI STREET, NANDED 639241","12/70, DUBE NAGAR, JALNA-084163",KONDAGAON,C.G.,YES,baghyawati29@example.net,617929795322,,,,12TH,2021,SCIENCE,36029798,927339119,CBSE,500,281,SECOND,56.2,
780/77159,ISHWAR KIBE,7417704090,M.Sc. (Mathematics - Previous),MATHEMATICS,09-03-2026,ISHAAN KRISHNAN,ZANSI KALA,SHOPKEEPER,13-09-2003,Male,GEN,,"11, SURA STREET, JAMNAGAR-264568","H.NO. 00, GULATI CIRCLE, MORENA 454487",NARAYANPUR,C.G.,NO,bawaanmol@example.org,789591760187,,,,GRADUATION,2025,SCIENCE,17446382,926712949,HEMCHAND YADAV UNIVERSITY,500,205,THIRD,41.0,
247/22449,RISHI BUMB,4289458224,M.Sc. (Computer Science - Final),COMPUTER,01-03-2026,EKANSH DESHPANDE,AMRUTA NAIDU,TEACHER,26-06-2005,Male,ST,,"H.NO. 80, PRASHAD ZILA, PHUSRO 002494","H.NO. 07, PATLA, MORENA 822165",BIJAPUR,C.G.,YES,aarnav38@example.org,479860974443,,,,GRADUATION,2023,SCIENCE,03906510,899676025,HEMCHAND YADAV UNIVERSITY,500,349,FIRST,69.8,
533/30134,LOHIT GABA,7586437980,M.A. (Previous),ARTS,23-01-2026,FRADO SANKARAN,DIPTA GILL,FARMER,06-10-2008,Male,OBC,,"H.NO. 54, CHAUDHARI ZILA, SANGLI-MIRAJ & KUPWAD-387706","47, PRASHAD GANJ, HUBLI–DHARWAD 068302",BIJAPUR,C.G.,YES,tsingh@example.org,403999789437,,,,GRADUATION,2025,ARTS,54734285,181461698,CBSE,500,229,SECOND,45.8,
471/17216,CHARAN SABHARWAL,7104193442,BCA (Bachelor of Computer Applications),COMPUTER,01-03-2026,DARPAN JHA,VEDIKA MITAL,CLERK,02-08-2004,Male,ST,,"H.NO. 133, CHERIAN ZILA, KOZHIKODE 333974","36, SHERE ZILA, MIRZAPUR 002683",BALRAMPUR,C.G.,YES,uhora@example.com,290674756811,,,,12TH,2021,ARTS,15003118,952194942,HEMCHAND YADAV UNIVERSITY,500,370,FIRST,74.0,
393/63332,AARAV RAJ,5185582259,M.Com. (Previous),COMMERCE,27-02-2026,HARISH RAVI,WARDA DUGAR,DOCTOR,06-01-2003,Male,ST,,"01/92, MAHAL CHOWK, SIKAR 309813","24/11, PALLA, PANVEL-592629",RAIGARH,C.G.,YES,bhatethan@example.net,671895326502,,,,GRADUATION,2023,COMMERCE,42127032,426596596,HEMCHAND YADAV UNIVERSITY,500,493,FIRST,98.6,
680/50934,JALSA DESHMUKH,5914317576,M.Sc. (Biotechnology - Final),-,13-01-2026,VIHAAN SANGHVI,UPMA WABLE,ELECTRICIAN,22-02-2006,Female,ST,,"82/874, KHURANA ZILA, ROURKELA-664544","977, SRIDHAR STREET, ICHALKARANJI-040167",KORBA,C.G.,NO,ebobal@example.org,945555166826,,,,GRADUATION,2023,SCIENCE,68616650,047954048,STATE BOARD,500,291,SECOND,58.2,
568/11061,LEENA KANT,9239633913,B.Com.,COMMERCE,07-03-2026,OWEN SRIDHAR,ADVIKA SINGHAL,ARTIST,28-10-2001,Female,OBC,,"H.NO. 23, KONDA MARG, CHAPRA-183395","113, PILLAY PATH, CHINSURAH 361258",KORBA,C.G.,NO,lupadhyay@example.com,521683290991,,,,12TH,2020,COMMERCE,73552645,951755620,CBSE,500,406,FIRST,81.2,
961/98824,AGASTYA CHEEMA,4746666471,M.A. (Previous),ARTS,18-03-2026,SAMAR DE,LEKHA SARIN,STUDENT,01-02-2003,Male,SC,,"88, MORAR STREET, JAIPUR 711514","H.NO. 377, DEVI ROAD, RAURKELA INDUSTRIAL TOWNSHIP 613638",RAIPUR,C.G.,NO,vkannan@example.com,367964691904,,,,GRADUATION,2021,ARTS,04637916,306331655,HEMCHAND YADAV UNIVERSITY,500,306,FIRST,61.2,
684/50732,YACHANA YOGI,2030202385,M.Sc. (Physics - Final),PHYSICS,23-01-2026,EKBAL DASGUPTA,JALSA ARYA,FARMER,05-06-2007,Female,ST,,"497, HORA ROAD, INDORE-728180","98/362, BARMAN, MORENA 267374",KONDAGAON,C.G.,YES,mannharini@example.org,678393404959,,,,GRADUATION,2022,SCIENCE,40365755,097307449,STATE BOARD,500,408,FIRST,81.6,
730/87007,BHANUMATI NAGARAJAN,9005606310,M.Sc. (Biotechnology - Previous),-,02-02-2026,NEEL PAI,KEYA DARA,GOVT EMPLOYEE,13-07-2001,Female,SC,,"15/834, GOYAL, KURNOOL 409852","911, THAKER, GANGTOK 059782",BASTAR,C.G.,NO,jhaverimichael@example.net,727900790963,,,,GRADUATION,2022,SCIENCE,79455045,549187599,HEMCHAND YADAV UNIVERSITY,500,480,FIRST,96.0,
214/49022,MEERA BAWA,7684076138,B.Sc. (Mathematics),MATHEMATICS,03-01-2026,WAZIR PATHAK,CHAKRIKA BAHL,MECHANIC,23-07-2004,Female,GEN,,"884, PALL ROAD, TIRUVOTTIYUR-536524","35/67, WALLA CHOWK, JUNAGADH 484780",GARIABAND,C.G.,NO,andraonkar@example.com,311170806215,,,,12TH,2025,SCIENCE,21347247,996601835,HEMCHAND YADAV UNIVERSITY,500,339,FIRST,67.8,
153/53723,GUNBIR BHARGAVA,9772502650,M.Com. (Final),COMMERCE,15-01-2026,BAHADURJIT BIR,YASHODHARA BAIL,PRIVATE JOB,21-04-2001,Male,SC,,"32/757, SRIVASTAVA CHOWK, BHILWARA-788596","H.NO. 307, BUTALA CHOWK, SILCHAR 467886",BASTAR,C.G.,NO,samesh86@example.net,757166504471,,,,GRADUATION,2024,COMMERCE,35172097,969453243,CBSE,500,388,FIRST,77.6,
507/25698,OESHI GOEL,3271153764,M.Sc. (Biotechnology - Final),-,19-03-2026,ANIRUDH BIR,MADHAVI PANCHAL,CARPENTER,24-03-2000,Female,ST,,"44/957, SAINI NAGAR, GWALIOR-186115","53, GOSWAMI, CHANDIGARH 533391",GARIABAND,C.G.,YES,zchakrabarti@example.org,516814189733,,,,GRADUATION,2021,SCIENCE,43411728,709215544,HEMCHAND YADAV UNIVERSITY,500,317,FIRST,63.4,
867/10692,ADVIKA BHAKTA,4973001422,M.Sc. (Biotechnology - Previous),-,07-02-2026,JEET ROY,ARUNIMA NAGI,MECHANIC,24-02-2004,Female,GEN,,"27/650, RAVI, SALEM 784293","58/823, RAMAKRISHNAN CIRCLE, ANANTAPURAM 316526",RAIPUR,C.G.,NO,nathkamya@example.org,951857001911,,,,GRADUATION,2020,SCIENCE,47246736,418350791,CBSE,500,286,SECOND,57.2,
135/60059,NIRJA SETH,8739578269,BCA (Bachelor of Computer Applications),COMPUTER,19-01-2026,SHIVANSH RAMA,KAMYA BAJWA,ARTIST,29-06-2005,Female,SC,,"H.NO. 10, REDDY ZILA, AVADI-696568","48/943, SUNDARAM, VARANASI-473275",MAHASAMUND,C.G.,YES,mitralekha@example.com,237102543504,,,,12TH,2021,ARTS,63167122,947767515,STATE BOARD,500,325,FIRST,65.0,
190/37890,KIAAN DIVAN,4819956091,B.Sc. Electronics,-,18-02-2026,SAI LATA,NIMRAT NAYAK,MECHANIC,29-09-2001,Male,OBC,,"25/05, VORA GANJ, RANCHI 498423","85, PARIKH MARG, NAGAON 733629",BALRAMPUR,C.G.,YES,knarain@example.org,759007053754,,,,12TH,2025,SCIENCE,85144399,927716277,CBSE,500,288,SECOND,57.6,
900/68834,CHAMPAK PILLAI,5856358888,BCA (Bachelor of Computer Applications),COMPUTER,16-01-2026,RISHI THAMAN,KRISHA SHAH,NURSE,10-01-2003,Male,GEN,,"55, GHOSH CHOWK, JUNAGADH-689775","43/60, SURA ROAD, AMARAVATI-613255",KOREA,C.G.,NO,hema67@example.org,306183184956,,,,12TH,2022,ARTS,35055618,776887753,HEMCHAND YADAV UNIVERSITY,500,342,FIRST,68.4,
574/60686,OMAJA MURTY,2981497314,M.Sc. (Zoology - Final),ZOOLOGY,18-03-2026,OM LALLA,NANDINI SONI,ENGINEER,23-03-2006,Female,GEN,,"H.NO. 864, APTE GANJ, AHMEDNAGAR-469529","48, WARRIOR GANJ, ANANTAPURAM-532139",GARIABAND,C.G.,YES,maya74@example.net,469381206156,,,,GRADUATION,2022,SCIENCE,10953777,588413250,CBSE,500,360,FIRST,72.0,
840/56207,KAVYA LUTHRA,7639907459,B.Sc. (Biology),BIOLOGY,19-03-2026,NATHAN MISRA,IKSHITA MORE,LABOUR,31-08-2006,Female,GEN,,"H.NO. 110, LAL, PONDICHERRY 192082","764, MASTER MARG, BURHANPUR-002209",SURGUJA,C.G.,NO,iryasehgal@example.org,063905475468,,,,12TH,2020,SCIENCE,77860245,126789573,STATE BOARD,500,235,SECOND,47.0,
557/61465,URVASHI DUA,4827132863,B.Sc. Biotechnology,-,15-03-2026,GUNEET TANDON,HEMA BHAKTA,ACCOUNTANT,03-11-2005,Female,OBC,,"19/248, SARRAF CIRCLE, MUNGER-558207","64/20, VAIDYA NAGAR, PUDUKKOTTAI-900907",NARAYANPUR,C.G.,NO,vihaankanda@example.net,408169414461,,,,12TH,2021,SCIENCE,49659649,628195830,STATE BOARD,500,500,FIRST,100.0,
145/22842,BACHITTAR PAREKH,8714625265,B.Sc. (Mathematics),MATHEMATICS,02-01-2026,JACK CHOUDHURY,GAURI BHARDWAJ,PRIVATE JOB,20-01-2005,Male,SC,,"17/698, SEKHON, RANCHI-816901","66, TATA ZILA, AURANGABAD 782392",JANJGIR-CHAMPA,C.G.,YES,baralpratyush@example.com,728512951117,,,,12TH,2024,SCIENCE,82923006,507097219,HEMCHAND YADAV UNIVERSITY,500,270,SECOND,54.0,
141/66207,SUHANI PUROHIT,5261079573,B.Sc. Biotechnology,-,13-01-2026,NITESH MANDA,MITALI KULKARNI,PRIVATE JOB,29-05-2007,Female,OBC,,"H.NO. 08, NARANG GANJ, MEDININAGAR-877361","445, UPADHYAY MARG, JAMALPUR 217282",SURGUJA,C.G.,YES,thamanekbal@example.org,758228162027,,,,12TH,2020,SCIENCE,03631193,708739317,STATE BOARD,500,380,FIRST,76.0,
566/21823,EESHA SARKAR,1148258633,M.Sc. (Botany - Previous),BOTANY,20-01-2026,SAMUEL KHATRI,YOSHITA NATARAJAN,ELECTRICIAN,19-02-2009,Female,ST,,"637, DIN MARG, HINDUPUR 212647","89, BHATT CHOWK, SURAT 272684",GARIABAND,C.G.,NO,wazir13@example.com,975307041599,,,,GRADUATION,2024,SCIENCE,73847859,325223510,STATE BOARD,500,347,FIRST,69.4,
575/42602,YASHAWINI KANNAN,3371812554,BCA (Bachelor of Computer Applications),COMPUTER,07-02-2026,IKBAL GANESAN,MOHINI CHAUDHRY,POLICE,28-10-2002,Female,SC,,"H.NO. 258, KURIAN PATH, PURNIA-090126","26/43, BORA PATH, DARBHANGA-012657",DHAMTARI,C.G.,NO,vanshabahl@example.com,098724653416,,,,12TH,2020,ARTS,01719981,625821845,CBSE,500,326,FIRST,65.2,
891/94572,IMARAN WALI,1856385087,B.Sc. (Biology),BIOLOGY,09-02-2026,PRATYUSH NAGY,ISHA KHARE,PLUMBER,09-09-2002,Male,OBC,,"391, MAHAJAN STREET, BHIND-446275","183, DIXIT GANJ, LONI-272580",MAHASAMUND,C.G.,NO,paninitalwar@example.net,048160952530,,,,12TH,2024,SCIENCE,81421358,746712099,STATE BOARD,500,438,FIRST,87.6,
924/72801,PUSHTI SOOD,0567281208,M.Sc. (Botany - Previous),BOTANY,12-01-2026,MICHAEL OM,YASHICA ISSAC,RETIRED,05-02-2002,Female,ST,,"11/79, BUCH, GUNTAKAL-559852","H.NO. 69, BRAR CHOWK, NOIDA-733288",MAHASAMUND,C.G.,YES,sachikibe@example.com,353880921680,,,,GRADUATION,2024,SCIENCE,61849089,882687400,STATE BOARD,500,253,SECOND,50.6,
894/80776,FRADO EDWIN,3783131903,BCA (Bachelor of Computer Applications),COMPUTER,17-03-2026,CHAMPAK BAINS,BARKHA KARAN,FARMER,09-09-2001,Male,OBC,,"07/97, DESHPANDE ROAD, BARDHAMAN 456414","H.NO. 828, PRASHAD STREET, DINDIGUL 975657",RAIGARH,C.G.,YES,jacob78@example.org,236225271274,,,,12TH,2024,ARTS,43922835,527914188,HEMCHAND YADAV UNIVERSITY,500,500,FIRST,100.0,
372/43665,EKANSH SAGAR,2529127288,M.Sc. (Biotechnology - Final),-,23-02-2026,ZAID KOSHY,DARIKA SOMAN,NURSE,29-12-2003,Male,GEN,,"06/766, KAPOOR, SHIVPURI 035679","184, SOMAN PATH, AHMEDNAGAR 774691",DURG,C.G.,YES,schandran@example.net,157406958133,,,,GRADUATION,2023,SCIENCE,07311830,291461243,CBSE,500,365,FIRST,73.0,
977/35186,YASHASVI SASTRY,2204899633,M.Sc. (Chemistry - Final),CHEMISTRY,16-02-2026,BALENDRA DUGAR,GEETIKA PATEL,ACCOUNTANT,10-11-2004,Female,SC,,"29/96, NADIG STREET, HAJIPUR-588412","72, PANDEY PATH, DHARMAVARAM-217195",BALRAMPUR,C.G.,YES,lavanyatiwari@example.net,216821625800,,,,GRADUATION,2022,SCIENCE,59300267,914038600,STATE BOARD,500,312,FIRST,62.4,
393/85032,YATAN RAM,7627801246,M.Sc. (Biotechnology - Previous),-,09-02-2026,QARIN BIR,GAURANGI RAJA,ENGINEER,13-01-2008,Male,SC,,"14, EDWIN NAGAR, MEERUT-795916","72/70, KALITA CHOWK, KATNI 637640",NARAYANPUR,C.G.,YES,anthony76@example.org,345697805653,,,,GRADUATION,2025,SCIENCE,21754748,116491583,STATE BOARD,500,434,FIRST,86.8,
217/95496,RIDHI PANT,2843813981,M.Sc. (Zoology - Final),ZOOLOGY,24-02-2026,ZEHAAN VASA,WARDA GERA,ARMY PERSONNEL,20-12-2005,Female,OBC,,"58/063, MITTAL CHOWK, JODHPUR-902736","551, CHAKRABORTY ROAD, GHAZIABAD 609845",SUKMA,C.G.,YES,srivastavarajata@example.net,059992651497,,,,GRADUATION,2023,SCIENCE,07019307,713308754,HEMCHAND YADAV UNIVERSITY,500,302,FIRST,60.4,
431/83344,TURVI WALLA,5718738466,M.Sc. (Biotechnology - Previous),-,01-01-2026,PATRICK CHEEMA,DIPTA LOYAL,ACCOUNTANT,27-08-2000,Female,GEN,,"150, CHOKSHI MARG, SRINAGAR 801389","40, KHOSLA ROAD, MUNGER 604067",JANJGIR-CHAMPA,C.G.,YES,narayananethan@example.org,127060306780,,,,GRADUATION,2025,SCIENCE,61285239,720145214,CBSE,500,462,FIRST,92.4,
412/84283,YAMINI SHAH,3053384151,M.Sc. (Biotechnology - Previous),-,30-01-2026,FARAJ SEM,FORUM KUMAR,SELF EMPLOYED,15-09-2006,Female,ST,,"481, SENGUPTA CHOWK, VISAKHAPATNAM-792844","65/843, DUTTA MARG, JAMALPUR-051260",DURG,C.G.,YES,jagvi26@example.com,535231812582,,,,GRADUATION,2020,SCIENCE,68644545,427532654,CBSE,500,380,FIRST,76.0,
146/80140,CHARITA SRIVASTAVA,8660642980,M.Sc. (Mathematics - Final),MATHEMATICS,15-02-2026,GIRIK SAXENA,YASHAWINI NANDA,LABOUR,03-03-2007,Female,GEN,,"H.NO. 61, SURA GANJ, BHALSWA JAHANGIR PUR 730083","070, KARI CIRCLE, NANDED-593734",RAJNANDGAON,C.G.,NO,harish40@example.net,934602041652,,,,GRADUATION,2021,SCIENCE,79177914,481878915,STATE BOARD,500,473,FIRST,94.6,
985/12419,KARAN SAWHNEY,6742147090,M.Sc. (Zoology - Final),ZOOLOGY,08-01-2026,RISHI DASS,KAMALA HALDER,GOVT EMPLOYEE,29-06-2008,Male,SC,,"37, NATT MARG, MUZAFFARNAGAR-801956","H.NO. 37, WADHWA MARG, DEHRI-411863",BASTAR,C.G.,YES,farhan56@example.com,630250080231,,,,GRADUATION,2021,SCIENCE,70287288,933302279,CBSE,500,458,FIRST,91.6,
943/91268,ZASHIL DADA,8483779796,M.Sc. (Zoology - Previous),ZOOLOGY,05-01-2026,ORINDER PANCHAL,GAURI MURTHY,PRIVATE JOB,01-04-2003,Male,OBC,,"86/82, SHERE ZILA, PUDUKKOTTAI 506369","88/970, NADKARNI CIRCLE, AKOLA-834624",RAJNANDGAON,C.G.,YES,bhanumati08@example.net,907354694811,,,,GRADUATION,2022,SCIENCE,42058499,615710153,STATE BOARD,500,341,FIRST,68.2,
350/55230,RUDRA COMAR,7380225373,M.Sc. (Zoology - Final),ZOOLOGY,28-01-2026,JATIN MAMMEN,RIA KALA,POLICE,06-04-2003,Male,GEN,,"74/45, ANDRA STREET, ICHALKARANJI 852979","54/28, CHOWDHURY PATH, CUTTACK-630792",SURGUJA,C.G.,NO,ramaazad@example.org,199114212806,,,,GRADUATION,2021,SCIENCE,80100152,857271815,CBSE,500,227,SECOND,45.4,
870/17859,NAKUL PILLAY,4597073878,M.Sc. (Botany - Final),BOTANY,11-01-2026,UMANG WALIA,PAHAL SHETH,BUSINESS,19-12-2000,Male,ST,,"H.NO. 68, PALL ROAD, RAMGARH-229114","66/477, SUNDER MARG, GANDHIDHAM-810355",RAJNANDGAON,C.G.,NO,ipal@example.net,223752588827,,,,GRADUATION,2025,SCIENCE,83942220,664566271,CBSE,500,333,FIRST,66.6,
640/44347,YUG KALA,3170214743,B.Sc. Micro Biology,BIOLOGY,13-02-2026,HREDHAAN GREWAL,FALGUNI NAGAR,CLERK,11-10-2007,Male,GEN,,"57/849, RAMACHANDRAN CIRCLE, TIRUCHIRAPPALLI 820555","15/366, VAIDYA ZILA, ROURKELA-534363",BIJAPUR,C.G.,YES,sommatthew@example.net,354719341367,,,,12TH,2025,SCIENCE,79404900,223111681,CBSE,500,224,THIRD,44.8,
933/21623,ZEHAAN LUTHRA,2241443604,B.A.,ARTS,09-02-2026,QABIL KHARE,LAKSHMI NATH,RETIRED,28-12-2001,Male,GEN,,"H.NO. 776, RAJU CIRCLE, ALIGARH-695131","H.NO. 49, KURIAN, JAMMU-764487",DHAMTARI,C.G.,NO,aarinigarde@example.net,981676476752,,,,12TH,2020,ARTS,00713323,111444899,STATE BOARD,500,332,FIRST,66.4,
252/25301,YASHVI MANN,6385746271,M.Sc. (Mathematics - Final),MATHEMATICS,09-03-2026,SIMON BADAMI,ZILMIL GANESH,CARPENTER,13-09-2002,Female,SC,,"H.NO. 801, BHATIA CIRCLE, JAUNPUR 842880","H.NO. 90, KAPOOR, DEOGHAR 771693",JANJGIR-CHAMPA,C.G.,YES,naksh27@example.com,356305631583,,,,GRADUATION,2020,SCIENCE,48341834,923122963,STATE BOARD,500,458,FIRST,91.6,
819/37026,WARHI SHANKAR,7682999411,M.Sc. (Zoology - Final),ZOOLOGY,15-03-2026,BAKHSHI PATLA,ABHA TANK,CLERK,04-09-2001,Female,OBC,,"H.NO. 49, CHOUDHURY PATH, KAKINADA-240178","019, BALAN MARG, HAPUR-444245",RAJNANDGAON,C.G.,NO,azad07@example.org,037858014456,,,,GRADUATION,2022,SCIENCE,06446139,251560479,HEMCHAND YADAV UNIVERSITY,500,317,FIRST,63.4,
840/24975,DOMINIC TELLA,7307723450,B.Lib (Bachelor of Library Science),LIBRARY SCIENCE,13-03-2026,QASIM PILLAI,DALAJA WARRIOR,ENGINEER,16-02-2004,Male,GEN,,"31/412, BASAK NAGAR, MALDA 128022","75, KANNAN ZILA, BELLARY 319461",JANJGIR-CHAMPA,C.G.,NO,jagdishlalla@example.net,905917572057,,,,12TH,2020,ARTS,34638289,146942213,HEMCHAND YADAV UNIVERSITY,500,384,FIRST,76.8,
875/90580,SACHI NATH,8294473653,B.Com.,COMMERCE,07-01-2026,NAKSH WALLA,VRINDA KALE,ACCOUNTANT,20-04-2005,Female,SC,,"H.NO. 054, BARAD MARG, BHALSWA JAHANGIR PUR-771214","72/312, PANDYA MARG, MIRA-BHAYANDAR 635225",JANJGIR-CHAMPA,C.G.,YES,neelima64@example.net,944958135293,,,,12TH,2022,COMMERCE,38915014,939995748,HEMCHAND YADAV UNIVERSITY,500,495,FIRST,99.0,
353/82751,TANVI SETH,5779263862,M.Com. (Final),COMMERCE,10-03-2026,REHAAN AGARWAL,URVI MITTAL,LABOUR,06-12-2004,Female,ST,,"27/250, SAINI CIRCLE, BHAGALPUR 520988","65, DHAWAN NAGAR, KHORA  551812",BASTAR,C.G.,NO,rushil63@example.org,106562216893,,,,GRADUATION,2022,COMMERCE,04754547,419368565,CBSE,500,382,FIRST,76.4,
727/33885,OESHI HORA,7247240645,B.Sc. Biotechnology,-,14-03-2026,HRITIK MEMON,DAYITA BALASUBRAMANIAN,DOCTOR,21-07-2003,Female,OBC,,"95, GHOSH ZILA, BULANDSHAHR-678007","H.NO. 58, LATA ROAD, NAVI MUMBAI-719671",JASHPUR,C.G.,YES,manan52@example.com,687991212471,,,,12TH,2024,SCIENCE,98226560,199364821,HEMCHAND YADAV UNIVERSITY,500,250,SECOND,50.0,
474/49016,SAUMYA SHA,5761224519,B.Lib (Bachelor of Library Science),LIBRARY SCIENCE,14-02-2026,MAANAS DHAR,SUHANI PALLA,PRIVATE JOB,04-08-2007,Female,GEN,,"97/051, DASS PATH, MUNGER-028913","H.NO. 77, DADA GANJ, KARAWAL NAGAR-837614",RAJNANDGAON,C.G.,NO,yashawinikapoor@example.org,272277339289,,,,12TH,2025,ARTS,74812268,566681358,CBSE,500,223,THIRD,44.6,
463/82760,UBIKA KADE,3971845521,B.Lib (Bachelor of Library Science),LIBRARY SCIENCE,15-03-2026,TANAY LOKE,IDIKA BARAD,ENGINEER,18-06-2003,Female,ST,,"32/14, PARSA, RANCHI-118033","H.NO. 85, KAUR MARG, BAHRAICH 045662",KANKER,C.G.,YES,cdass@example.net,291677590695,,,,12TH,2023,ARTS,29061143,720817348,HEMCHAND YADAV UNIVERSITY,500,468,FIRST,93.6,
301/23198,ADWETA SACHDEV,0721965346,M.Sc. (Chemistry - Previous),CHEMISTRY,08-01-2026,UPKAAR MISTRY,DIVYA SANE,BUSINESS,28-04-2000,Female,GEN,,"189, SAINI ROAD, FARIDABAD 432278","192, GERA PATH, CHITTOOR-380697",KORBA,C.G.,NO,rajagopalpanini@example.org,522470917552,,,,GRADUATION,2021,SCIENCE,09649318,801160393,HEMCHAND YADAV UNIVERSITY,500,437,FIRST,87.4,
797/28643,FAQID MANDER,3938105354,M.Sc. (Physics - Previous),PHYSICS,01-03-2026,HARSH PRASAD,JANAKI SURESH,PRIVATE JOB,16-09-2000,Male,OBC,,"H.NO. 36, MISTRY ZILA, WARANGAL 710039","H.NO. 658, SRINIVASAN GANJ, SIRSA-386455",KONDAGAON,C.G.,NO,narayanmohini@example.net,789171529629,,,,GRADUATION,2025,SCIENCE,23968296,834170095,STATE BOARD,500,437,FIRST,87.4,
904/26253,GIRIK MAHARAJ,7856538843,BAJMC (Bachelor of Arts in Journalism & Mass Communication),COMMERCE,13-03-2026,FIYAZ SHA,GEETIKA IYENGAR,FARMER,14-05-2006,Male,GEN,,"89/674, KUMER GANJ, NASHIK-019449","92/857, SATHE STREET, SALEM-906852",DURG,C.G.,YES,gopalaarav@example.org,487652809331,,,,12TH,2024,ARTS,75864360,492770226,HEMCHAND YADAV UNIVERSITY,500,267,SECOND,53.4,
568/23741,AVNI SHANKAR,4420688017,BBA (Bachelor of Business Administration),MANAGEMENT,28-02-2026,NITESH SACHDEVA,BHAVNA SUBRAMANIAN,ARMY PERSONNEL,18-01-2007,Female,ST,,"222, BUMB PATH, RAMGARH-985872","45, KAPOOR GANJ, PANIHATI 993272",KOREA,C.G.,YES,gkumer@example.net,536661671328,,,,12TH,2020,ARTS,85883939,731673465,STATE BOARD,500,324,FIRST,64.8,
272/50484,VEDIKA DOSHI,1943701591,B.A.,ARTS,12-03-2026,AYUSH DANI,ZAITRA SACHDEVA,DRIVER,28-03-2008,Female,GEN,,"58/928, BHARDWAJ PATH, AGARTALA-808712","86/256, HANDA NAGAR, DHANBAD-400821",KONDAGAON,C.G.,NO,avi17@example.com,657042946608,,,,12TH,2025,ARTS,20272106,157978189,STATE BOARD,500,280,SECOND,56.0,
348/53595,RAJATA AGARWAL,9400525087,M.A. (Final),ARTS,02-03-2026,JACK SETHI,GEETIKA SEHGAL,ACCOUNTANT,19-04-2008,Female,SC,,"31, GUPTA NAGAR, GUNTUR-182546","H.NO. 44, BAKSHI ZILA, MADHYAMGRAM 376742",JANJGIR-CHAMPA,C.G.,YES,vasana14@example.net,879702656861,,,,GRADUATION,2024,ARTS,71800344,423344179,HEMCHAND YADAV UNIVERSITY,500,226,SECOND,45.2,
379/38758,BHAVINI SARIN,9263188527,B.Sc. IT (Information Technology),COMPUTER,18-03-2026,MOHAMMED SARIN,LAVANYA SAMPATH,ELECTRICIAN,19-09-2004,Female,SC,,"H.NO. 928, REGE NAGAR, DHANBAD 359386","89/88, PADMANABHAN MARG, YAMUNANAGAR-440241",NARAYANPUR,C.G.,NO,charles06@example.org,134226744021,,,,12TH,2020,SCIENCE,56817784,792789053,CBSE,500,231,SECOND,46.2,
353/70936,REYANSH BALAKRISHNAN,3554976961,M.Sc. (Chemistry - Previous),CHEMISTRY,13-01-2026,ADVAY TIWARI,SUDIKSHA SAXENA,STUDENT,29-10-2006,Male,GEN,,"20/07, PRAKASH PATH, VADODARA 062709","85/936, BEHL ZILA, FIROZABAD 553474",DURG,C.G.,YES,ebhagat@example.org,192000400478,,,,GRADUATION,2023,SCIENCE,57887133,504468327,HEMCHAND YADAV UNIVERSITY,500,203,THIRD,40.6,
688/39429,LEELA NARAYANAN,4428128487,B.A.,ARTS,09-01-2026,JONATHAN LAD,RIDHI BAINS,DOCTOR,19-12-2007,Female,GEN,,"43/001, THAKUR CHOWK, BHIWANDI-603513","34/294, NAYAR PATH, BARANAGAR-434478",JANJGIR-CHAMPA,C.G.,YES,neeldeo@example.com,343808535771,,,,12TH,2024,ARTS,37950507,081777799,STATE BOARD,500,273,SECOND,54.6,
640/10976,RANVEER MURTHY,9433899473,BAJMC (Bachelor of Arts in Journalism & Mass Communication),COMMERCE,13-01-2026,MATTHEW MANGAL,VEDIKA SESHADRI,CONSULTANT,19-08-2001,Male,GEN,,"33, YOHANNAN, MADHYAMGRAM-045414","352, DHAR NAGAR, VADODARA-374495",DHAMTARI,C.G.,YES,lbhat@example.net,736014175052,,,,12TH,2024,ARTS,93277806,724400571,HEMCHAND YADAV UNIVERSITY,500,415,FIRST,83.0,
525/73685,VANSHA BALA,0014603834,M.A. (Previous),ARTS,14-01-2026,FINN MADAN,LIPIKA CHATTERJEE,FREELANCER,02-06-2004,Female,GEN,,"974, KALE, JALNA-349163","H.NO. 777, CHAWLA, AVADI-600320",DHAMTARI,C.G.,NO,aashi97@example.org,969001785918,,,,GRADUATION,2022,ARTS,63648641,520582783,STATE BOARD,500,203,THIRD,40.6,
688/81350,ZAYYAN GANDHI,4122189285,M.Com. (Final),COMMERCE,10-02-2026,ISAAC MUKHERJEE,ADVIKA CHOUDHARY,PLUMBER,18-06-2006,Male,SC,,"124, DASH MARG, PUNE-520232","92/578, NADKARNI CIRCLE, KAMARHATI 515056",KORBA,C.G.,NO,akshay68@example.com,132766777223,,,,GRADUATION,2022,COMMERCE,90392610,600789612,STATE BOARD,500,246,SECOND,49.2,
295/44822,ZAYAN MANN,9440924844,M.Sc. (Mathematics - Final),MATHEMATICS,24-02-2026,CHARAN SAMI,RIDHI MANNE,ACCOUNTANT,24-11-2005,Male,GEN,,"H.NO. 162, KEER MARG, ORAI 818812","H.NO. 86, AHUJA GANJ, PURNIA-771723",BALRAMPUR,C.G.,NO,benjamin74@example.net,756521278384,,,,GRADUATION,2023,SCIENCE,25822287,270739598,STATE BOARD,500,496,FIRST,99.2,
851/12740,YAHVI MITTAL,9045782099,BBA (Bachelor of Business Administration),MANAGEMENT,21-02-2026,FREDERICK PILLAI,AMRUTA VARTY,BUSINESS,30-05-2002,Female,ST,,"30/879, DESHPANDE PATH, JABALPUR-252145","403, GOLLA PATH, BILASPUR-336968",BEMETARA,C.G.,YES,shivaninagarajan@example.com,410856498931,,,,12TH,2023,ARTS,29094678,394798512,CBSE,500,372,FIRST,74.4,
881/24471,FARIS RAVAL,3644183088,B.Sc. Biotechnology,-,14-02-2026,EKAPAD AGGARWAL,OMYA KEER,SHOPKEEPER,07-02-2008,Male,SC,,"H.NO. 135, TANEJA ZILA, FARIDABAD-684415","65/43, DYAL CHOWK, BALLY-958831",KOREA,C.G.,NO,dewanbhanumati@example.net,175946050984,,,,12TH,2025,SCIENCE,19279552,288496626,STATE BOARD,500,266,SECOND,53.2,
432/33267,LOHIT ISSAC,9741294705,M.A. (Final),ARTS,14-02-2026,WILLIAM PURI,URMI TANEJA,BUSINESS,29-08-2008,Male,SC,,"H.NO. 38, WALIA, ROHTAK-557954","23/133, BASAK ZILA, RAJPUR SONARPUR-173462",JANJGIR-CHAMPA,C.G.,YES,samesh46@example.org,061165001464,,,,GRADUATION,2023,ARTS,72794040,015290113,HEMCHAND YADAV UNIVERSITY,500,488,FIRST,97.6,
333/55201,AADI DHAR,9801953362,M.Sc. (Botany - Final),BOTANY,09-01-2026,ISAIAH TIWARI,BRINDA BAL,DOCTOR,10-07-2007,Male,OBC,,"049, CHANDA MARG, BATHINDA-594285","H.NO. 60, DUA STREET, DHANBAD 852226",BALODA BAZAR,C.G.,NO,fkari@example.net,352227949513,,,,GRADUATION,2023,SCIENCE,06749939,356811473,STATE BOARD,500,472,FIRST,94.4,
453/48681,GIRIK GARG,9316444746,M.Sc. (Chemistry - Final),CHEMISTRY,13-02-2026,DAKSHESH CHATTERJEE,OMISHA VISWANATHAN,CONSULTANT,01-04-2001,Male,SC,,"076, AGARWAL, INDORE 310278","10, DUTT CIRCLE, KAMARHATI 356913",BALRAMPUR,C.G.,YES,rajata65@example.org,635016228146,,,,GRADUATION,2020,SCIENCE,00004092,764270738,HEMCHAND YADAV UNIVERSITY,500,483,FIRST,96.6,
609/32258,ANAY GOPAL,7194791579,PGDCA (Post Graduate Diploma in Computer Applications),COMPUTER,11-01-2026,ANMOL BHATIA,TRIVENI RANA,CARPENTER,19-10-2006,Male,OBC,,"10/84, BUTALA MARG, MEHSANA-343366","31/72, SWAMINATHAN STREET, BHOPAL-554475",BEMETARA,C.G.,NO,gunbir15@example.net,057110687026,,,,GRADUATION,2020,ARTS,97612925,065112694,HEMCHAND YADAV UNIVERSITY,500,477,FIRST,95.4,
892/37629,DAMYANTI BANSAL,5598124280,BAJMC (Bachelor of Arts in Journalism & Mass Communication),COMMERCE,18-03-2026,CHANDRAN GARG,ISHITA RANGANATHAN,STUDENT,03-02-2009,Female,SC,,"H.NO. 643, DEO, MALEGAON-986034","332, SAVANT CHOWK, NEW DELHI-750028",KOREA,C.G.,YES,magarhemal@example.com,433335057081,,,,12TH,2021,ARTS,50869008,472476531,CBSE,500,362,FIRST,72.4,
110/16445,JAGVI GANDHI,5601631786,B.Sc. (Mathematics),MATHEMATICS,08-01-2026,LUCKY NORI,CHAAYA SANKAR,STUDENT,07-06-2002,Female,OBC,,"13/499, MALHOTRA ZILA, KATNI-735319","H.NO. 99, BARAD, ROHTAK 211259",SURGUJA,C.G.,YES,sawhneyjanaki@example.org,359911646533,,,,12TH,2023,SCIENCE,01214294,264185127,CBSE,500,202,THIRD,40.4,
688/28723,YASHODA OAK,5323899477,M.Sc. (Mathematics - Previous),MATHEMATICS,23-02-2026,MADHAV PUROHIT,VRITTI SRIVASTAVA,DOCTOR,22-02-2003,Female,GEN,,"H.NO. 500, PATHAK ROAD, RAURKELA INDUSTRIAL TOWNSHIP-308132","43/03, DALAL STREET, JALANDHAR 458835",RAIPUR,C.G.,YES,nsrivastava@example.org,309287327343,,,,GRADUATION,2021,SCIENCE,26142356,056491822,CBSE,500,281,SECOND,56.2,
274/32348,MITALI PALL,3306144822,B.Sc. Biotechnology,-,30-01-2026,AGASTYA BASU,UPMA MANI,ACCOUNTANT,10-05-2001,Female,SC,,"821, NAGY MARG, GWALIOR-683426","H.NO. 60, DASS PATH, RAMPUR-524372",BASTAR,C.G.,YES,ahluwaliadiya@example.net,803681193056,,,,12TH,2021,SCIENCE,83010014,660595534,CBSE,500,249,SECOND,49.8,
317/37407,GIRINDRA BALAN,1654242336,M.Sc. (Physics - Previous),PHYSICS,30-01-2026,SAMUEL PANDIT,SNEHA MANDAL,PRIVATE JOB,22-06-2004,Male,SC,,"62, THAKKAR PATH, BHAVNAGAR 304127","29, SAXENA CHOWK, KAVALI 147593",BALODA BAZAR,C.G.,NO,ladlikorpal@example.org,827423027217,,,,GRADUATION,2023,SCIENCE,05231682,051276545,CBSE,500,238,SECOND,47.6,
324/44044,ONVEER BAKSHI,9355759229,M.Sc. (Chemistry - Previous),CHEMISTRY,05-02-2026,TEJAS MANGAL,AVNI KADAKIA,DRIVER,10-12-2007,Male,GEN,,"054, VARTY, AMRAVATI 769347","46/651, DE MARG, ALAPPUZHA 004998",KONDAGAON,C.G.,YES,gabanitara@example.org,952418622199,,,,GRADUATION,2022,SCIENCE,70195828,998509795,STATE BOARD,500,440,FIRST,88.0,
233/97070,CHARAN TARA,4864763897,B.Sc. Micro Biology,BIOLOGY,02-02-2026,BAKHSHI BAJWA,SARA SANKAR,POLICE,20-11-2006,Male,ST,,"94/468, KAR MARG, ALWAR 784317","H.NO. 25, ANNE NAGAR, KAKINADA 442285",SUKMA,C.G.,YES,chaitalybuch@example.net,363392688379,,,,12TH,2020,SCIENCE,40799708,459444107,CBSE,500,357,FIRST,71.4,
336/87403,URVASHI TIWARI,1590024361,M.Sc. (Botany - Final),BOTANY,21-01-2026,JACK SURESH,AVNI KULKARNI,SHOPKEEPER,08-05-2006,Female,ST,,"064, BAIL MARG, AMROHA-017260","574, PALAN GANJ, PUNE 476442",DHAMTARI,C.G.,YES,wgandhi@example.net,568846925654,,,,GRADUATION,2022,SCIENCE,18626361,841732367,HEMCHAND YADAV UNIVERSITY,500,290,SECOND,58.0,
473/25694,RONITH SAMPATH,8232333679,M.Com. (Final),COMMERCE,24-01-2026,ROBERT SUNDER,SUHANI BADAL,ACCOUNTANT,18-06-2008,Male,GEN,,"H.NO. 980, MANDAL CIRCLE, NAIHATI-990256","H.NO. 38, DEVI, AKOLA-757422",RAIGARH,C.G.,NO,pcherian@example.net,712590644501,,,,GRADUATION,2023,COMMERCE,28690398,443303525,CBSE,500,396,FIRST,79.2,
401/54257,CHARVI JHAVERI,9593894310,BAJMC (Bachelor of Arts in Journalism & Mass Communication),COMMERCE,16-01-2026,THEODORE LAL,JHALAK KAPADIA,PLUMBER,25-11-2008,Female,ST,,"H.NO. 157, WARRIOR CHOWK, MAHESHTALA 284477","H.NO. 287, UPPAL NAGAR, ICHALKARANJI 821312",DHAMTARI,C.G.,NO,ushroff@example.net,888056106337,,,,12TH,2025,ARTS,54846167,740370287,HEMCHAND YADAV UNIVERSITY,500,338,FIRST,67.6,
818/56922,DAMINI KUMER,3805966905,M.Sc. (Mathematics - Previous),MATHEMATICS,06-02-2026,MANAN SAHOTA,YASHICA PILLAY,BUSINESS,23-06-2003,Female,GEN,,"01/15, ROUT GANJ, CHANDIGARH 692340","08/277, RAVAL MARG, TUMKUR 584393",DHAMTARI,C.G.,NO,deshpandemanbir@example.net,340333876914,,,,GRADUATION,2024,SCIENCE,71864007,546432890,STATE BOARD,500,304,FIRST,60.8,
162/42018,ISHANVI BUMB,6592782294,M.Sc. (Botany - Previous),BOTANY,06-02-2026,YASH KORPAL,HEMA KATA,ACCOUNTANT,29-05-2006,Female,ST,,"92/67, GOPAL NAGAR, GWALIOR 788196","H.NO. 779, DUGAL CIRCLE, JAMSHEDPUR 647521",NARAYANPUR,C.G.,NO,karinakul@example.com,418235492687,,,,GRADUATION,2021,SCIENCE,54620533,312864821,CBSE,500,386,FIRST,77.2,
675/39374,BARKHA RAM,1774383942,M.Sc. (Biotechnology - Previous),-,17-02-2026,KRISHNA MANE,ZILMIL BADAL,PRIVATE JOB,27-07-2007,Female,ST,,"279, BAIL CIRCLE, RAICHUR 375213","79/001, DUA CIRCLE, SECUNDERABAD 993820",JASHPUR,C.G.,YES,frederick39@example.com,200649244941,,,,GRADUATION,2025,SCIENCE,06448749,339665694,CBSE,500,487,FIRST,97.4,
760/14888,VARENYA LALLA,2819518358,M.Com. (Final),COMMERCE,22-02-2026,ZAYYAN DARA,CHAMELI UPPAL,ARTIST,08-12-2000,Female,ST,,"H.NO. 769, BHATNAGAR STREET, BHARATPUR-724928","43, KAKAR GANJ, BERHAMPUR 286843",KORBA,C.G.,NO,murthyupadhriti@example.org,188553852030,,,,GRADUATION,2022,COMMERCE,12062832,828582976,HEMCHAND YADAV UNIVERSITY,500,415,FIRST,83.0,
462/33297,AGASTYA DALAL,2298283141,B.Sc. Computer Science,COMPUTER,04-01-2026,SIDDHARTH BARAD,CHANDANI LOKE,ENGINEER,09-05-2008,Male,ST,,"62/98, BASAK CHOWK, BIHAR SHARIF 624690","02, BAINS ROAD, SAGAR 836799",BILASPUR,C.G.,NO,balvandora@example.net,537855294426,,,,12TH,2023,SCIENCE,67665438,282331795,HEMCHAND YADAV UNIVERSITY,500,432,FIRST,86.4,
149/29842,URISHILLA RAVAL,0942660012,M.Sc. (Zoology - Previous),ZOOLOGY,04-01-2026,IKBAL GUHA,XALAK COMAR,ARTIST,05-09-2006,Female,SC,,"824, CHOWDHURY CHOWK, IMPHAL-451013","29/52, SASTRY, MOTIHARI 959082",BALODA BAZAR,C.G.,YES,emital@example.org,525802251779,,,,GRADUATION,2020,SCIENCE,08023245,974944504,CBSE,500,487,FIRST,97.4,
726/44908,NEELIMA MINHAS,8600336694,BAJMC (Bachelor of Arts in Journalism & Mass Communication),COMMERCE,13-02-2026,ANSH CHANDA,HEMA PRABHU,SHOPKEEPER,20-11-2007,Female,SC,,"H.NO. 507, VALA CHOWK, LATUR 806613","H.NO. 48, KARI NAGAR, HAJIPUR 702838",RAIPUR,C.G.,NO,anay51@example.net,621871433568,,,,12TH,2024,ARTS,91149917,340725400,HEMCHAND YADAV UNIVERSITY,500,380,FIRST,76.0,
773/12418,WATIKA NAGAR,4943874428,PGDCA (Post Graduate Diploma in Computer Applications),COMPUTER,20-01-2026,SHIVANSH WALIA,UDYATI NARAYANAN,CARPENTER,02-05-2004,Female,SC,,"H.NO. 066, DHALIWAL GANJ, JAMALPUR-661798","443, KARPE CIRCLE, TIRUCHIRAPPALLI 989139",MAHASAMUND,C.G.,YES,ranganathaninaya@example.net,492281572224,,,,GRADUATION,2023,ARTS,61015910,798560069,STATE BOARD,500,203,THIRD,40.6,
717/19958,OWEN BHAKTA,3327615026,M.Sc. (Chemistry - Previous),CHEMISTRY,24-01-2026,WAHAB MUKHOPADHYAY,INDALI NADKARNI,RETIRED,28-03-2007,Male,OBC,,"48/26, PATHAK CHOWK, HARIDWAR 891403","H.NO. 33, SWAMINATHAN CHOWK, DHANBAD-441458",RAJNANDGAON,C.G.,NO,isastry@example.net,676698735914,,,,GRADUATION,2021,SCIENCE,68681829,870095038,CBSE,500,424,FIRST,84.8,
595/30203,WATIKA NAIK,5441422391,M.Sc. (Biotechnology - Previous),-,30-01-2026,ISAIAH MITTER,PANINI DEOL,SHOPKEEPER,10-12-2003,Female,OBC,,"H.NO. 02, SEN GANJ, VIJAYAWADA-541825","30/37, SULE CIRCLE, JALANDHAR-671479",BIJAPUR,C.G.,YES,lukeshetty@example.com,460677550976,,,,GRADUATION,2025,SCIENCE,03815915,976395203,CBSE,500,493,FIRST,98.6,
465/23096,EKAJA KHATRI,8286944019,B.Sc. (Mathematics),MATHEMATICS,01-03-2026,HARSHIL MITRA,KAVYA TAILOR,PLUMBER,13-04-2007,Female,ST,,"29, YOGI ZILA, ORAI-367547","82/80, BHARDWAJ, BHILWARA-265942",DHAMTARI,C.G.,NO,draj@example.com,009045975728,,,,12TH,2025,SCIENCE,45567972,825004568,HEMCHAND YADAV UNIVERSITY,500,219,THIRD,43.8,
640/58055,ANUSHA RATTA,2559193011,M.Sc. (Chemistry - Final),CHEMISTRY,19-02-2026,BALVAN HAYER,ANAMIKA TALWAR,ACCOUNTANT,05-09-2003,Female,SC,,"38/51, DEWAN ZILA, SONIPAT-553340","H.NO. 714, OZA STREET, NOIDA-112728",JANJGIR-CHAMPA,C.G.,YES,bhaviniramesh@example.org,948027427727,,,,GRADUATION,2020,SCIENCE,27640905,456554636,STATE BOARD,500,416,FIRST,83.2,
659/37783,NIRJA BANERJEE,2661390595,B.Lib (Bachelor of Library Science),LIBRARY SCIENCE,28-02-2026,JOSHUA DEEP,FORUM KUNDA,CLERK,02-09-2001,Female,GEN,,"49/02, VOHRA MARG, AVADI-902083","27/84, WALIA CIRCLE, SHIMOGA-568200",KORBA,C.G.,YES,ishita31@example.org,432066728479,,,,12TH,2022,ARTS,60058180,369475633,HEMCHAND YADAV UNIVERSITY,500,358,FIRST,71.6,
456/46506,HAMSINI ATWAL,7301913641,M.Sc. (Zoology - Final),ZOOLOGY,21-01-2026,KALPIT DARA,RADHA MORAR,SELF EMPLOYED,15-06-2006,Female,OBC,,"H.NO. 753, ROY CIRCLE, VELLORE-486898","872, SAXENA NAGAR, ADONI 803348",BALODA BAZAR,C.G.,YES,zachariahredhaan@example.net,600943868876,,,,GRADUATION,2024,SCIENCE,59375448,775660865,HEMCHAND YADAV UNIVERSITY,500,267,SECOND,53.4,
774/65056,GABRIEL DUBE,7870353424,M.A. (Previous),ARTS,28-01-2026,GIRISH BADAMI,INDALI GALA,CONSULTANT,11-10-2005,Male,GEN,,"H.NO. 888, KARPE, BAREILLY 336333","H.NO. 62, MANN GANJ, PUNE 379990",RAJNANDGAON,C.G.,YES,nakul12@example.org,901119432647,,,,GRADUATION,2022,ARTS,61862602,933866276,CBSE,500,318,FIRST,63.6,
689/68009,OSCAR YOGI,7782699584,BBA (Bachelor of Business Administration),MANAGEMENT,04-02-2026,ZASHIL PINGLE,DAMYANTI BHAVSAR,CONSULTANT,06-04-2006,Male,OBC,,"13, CHACKO, PALLAVARAM-166173","285, LOYAL ZILA, ADONI-187752",KONDAGAON,C.G.,NO,fradodivan@example.com,290429753223,,,,12TH,2025,ARTS,59920719,300642247,CBSE,500,255,SECOND,51.0,
933/18163,TRIYA SACHDEV,3144725990,M.Sc. (Botany - Final),BOTANY,10-03-2026,ABEER SHARMA,VANSHA MUNI,CLERK,30-10-2003,Female,GEN,,"30/20, DARA NAGAR, JORHAT 927378","79, KALA ROAD, SHIMOGA 414111",SURGUJA,C.G.,YES,ahayre@example.org,634496667923,,,,GRADUATION,2025,SCIENCE,67864514,522771722,HEMCHAND YADAV UNIVERSITY,500,381,FIRST,76.2,
630/64463,WIDISHA PILLAI,1057950288,M.Sc. (Physics - Previous),PHYSICS,10-02-2026,EKANSH COMAR,JEEVIKA CHAUDHRY,CONSULTANT,03-08-2002,Female,OBC,,"H.NO. 35, SUR STREET, KOTTAYAM-786013","95/91, BADAL, VIJAYAWADA 851806",DURG,C.G.,YES,vanya51@example.org,790733598935,,,,GRADUATION,2024,SCIENCE,96040214,959665413,CBSE,500,336,FIRST,67.2,
548/43162,THEODORE MALLICK,5402996915,M.Sc. (Physics - Previous),PHYSICS,19-02-2026,ARIN KAPADIA,VAMAKSHI KARA,MECHANIC,27-05-2008,Male,GEN,,"H.NO. 077, RAGHAVAN ZILA, PATNA 606048","99, BAKSHI STREET, MALEGAON 852433",DURG,C.G.,YES,farishegde@example.net,875674754529,,,,GRADUATION,2020,SCIENCE,22935849,663676038,CBSE,500,325,FIRST,65.0,
864/81777,JANUJA GARDE,0682011521,M.Sc. (Botany - Final),BOTANY,23-02-2026,YATIN IYENGAR,ANUSHA SARKAR,ARMY PERSONNEL,18-05-2003,Female,ST,,"266, NORI, PRODDATUR 661181","H.NO. 36, PRASHAD GANJ, GANGTOK 213170",RAIGARH,C.G.,NO,noahdhar@example.org,088476409863,,,,GRADUATION,2020,SCIENCE,77810114,577543863,HEMCHAND YADAV UNIVERSITY,500,400,FIRST,80.0,
602/81062,GAURI DEOL,7618914262,B.Sc. (Biology),BIOLOGY,01-01-2026,HITESH COMAR,NISHA MANGAT,DRIVER,09-01-2004,Female,SC,,"H.NO. 957, BATRA, PHUSRO 009364","91, CHAR PATH, GWALIOR-923257",JANJGIR-CHAMPA,C.G.,YES,brijeshbasak@example.net,381284347208,,,,12TH,2023,SCIENCE,95315027,456251954,HEMCHAND YADAV UNIVERSITY,500,295,SECOND,59.0,
812/73287,MAX LALLA,2415722638,B.Sc. Micro Biology,BIOLOGY,27-01-2026,SIMON NARAYAN,DAMYANTI NATARAJAN,TEACHER,28-08-2004,Male,GEN,,"135, CHANA STREET, KHANDWA 605001","04/170, DEEP GANJ, PANIPAT-069776",GARIABAND,C.G.,NO,amol33@example.com,717851975987,,,,12TH,2021,SCIENCE,61289796,506880185,HEMCHAND YADAV UNIVERSITY,500,409,FIRST,81.8,
452/22820,JANANI NARAYAN,7292743311,B.Lib (Bachelor of Library Science),LIBRARY SCIENCE,07-02-2026,MAANAV JOHAL,EKANTA MAND,ACCOUNTANT,28-07-2006,Female,ST,,"62, BARAD CHOWK, KATNI 499557","64/929, MUKHERJEE CIRCLE, NAGAON 283722",MAHASAMUND,C.G.,YES,omyadua@example.org,587066786721,,,,12TH,2023,ARTS,75134269,938708581,CBSE,500,492,FIRST,98.4,
155/64953,ISAAC CHAKRABORTY,8795106046,B.Sc. IT (Information Technology),COMPUTER,07-01-2026,AAYUSH PANCHAL,NIMRAT SANKARAN,DRIVER,02-04-2001,Male,GEN,,"65/270, SAMRA, KHORA -410513","32/30, KALA, KHAMMAM 529810",NARAYANPUR,C.G.,NO,latawakeeta@example.net,036944497914,,,,12TH,2021,SCIENCE,40149196,737559979,STATE BOARD,500,394,FIRST,78.8,
852/33665,KEVIN DUBE,5712838768,M.Com. (Final),COMMERCE,23-01-2026,ZAID VERMA,UPMA BHATIA,SHOPKEEPER,03-01-2009,Male,OBC,,"50/46, SUBRAMANIAM ZILA, JABALPUR 056153","15/373, AMBLE CIRCLE, UJJAIN 857054",KONDAGAON,C.G.,NO,maya96@example.org,572244872053,,,,GRADUATION,2024,COMMERCE,83832316,584669788,CBSE,500,424,FIRST,84.8,
285/75983,SANAYA RAY,2912748045,M.Com. (Final),COMMERCE,08-03-2026,CHARLES MAGAR,AMRUTA SHARAF,ARMY PERSONNEL,13-09-2007,Female,SC,,"H.NO. 778, TRIVEDI NAGAR, KADAPA-651140","H.NO. 128, RANGANATHAN ROAD, DARBHANGA-857962",RAIPUR,C.G.,NO,poojaaurora@example.com,273769932718,,,,GRADUATION,2025,COMMERCE,03411191,020091486,STATE BOARD,500,238,SECOND,47.6,
348/88008,JAGDISH SAWHNEY,2343974909,M.Sc. (Zoology - Final),ZOOLOGY,06-03-2026,WARINDER AGGARWAL,MANYA CONTRACTOR,DRIVER,04-03-2003,Male,SC,,"13/40, DESHPANDE ROAD, ALWAR-223212","85/59, BAIL GANJ, BALLY-283591",BILASPUR,C.G.,YES,valarishi@example.net,371979930538,,,,GRADUATION,2024,SCIENCE,52725085,520039749,STATE BOARD,500,227,SECOND,45.4,
902/96101,TRISTAN CHAUDHRY,7086305256,M.Sc. (Mathematics - Final),MATHEMATICS,14-02-2026,REHAAN MUNSHI,ZANSI CHAUDHARI,DRIVER,19-10-2006,Male,OBC,,"51, DEY GANJ, KHORA  120326","17/85, SAVANT ZILA, KORBA-479359",RAIGARH,C.G.,YES,msekhon@example.net,064441335910,,,,GRADUATION,2022,SCIENCE,24146661,841215859,HEMCHAND YADAV UNIVERSITY,500,316,FIRST,63.2,
689/94565,KASHVI BUMB,5381790521,M.Sc. (Chemistry - Previous),CHEMISTRY,21-02-2026,PETER JOHAL,CHAITALY CHOUDHURY,POLICE,04-12-2000,Female,ST,,"394, WARRIOR ROAD, MALEGAON 771290","H.NO. 17, PATIL ROAD, KATNI-139700",KONDAGAON,C.G.,YES,shettyavi@example.com,322273200884,,,,GRADUATION,2025,SCIENCE,55763819,686876997,HEMCHAND YADAV UNIVERSITY,500,400,FIRST,80.0,
214/41181,DOMINIC JAGGI,5655171221,M.Sc. (Physics - Previous),PHYSICS,03-02-2026,DHRUV WASON,UBIKA MODY,LABOUR,15-09-2007,Male,SC,,"H.NO. 51, SARNA GANJ, TEZPUR-550582","889, UPPAL CHOWK, ALWAR 523040",BASTAR,C.G.,YES,ucchalpingle@example.com,658513902793,,,,GRADUATION,2024,SCIENCE,93963667,138424892,CBSE,500,297,SECOND,59.4,
509/50836,ETHAN CHOUDHARY,0882404889,B.Com.,COMMERCE,21-02-2026,QADIM GILL,CHANCHAL SETHI,FARMER,23-08-2005,Male,OBC,,"H.NO. 553, ANAND STREET, RAURKELA INDUSTRIAL TOWNSHIP-139535","H.NO. 919, THAKUR NAGAR, DEHRI-072525",JANJGIR-CHAMPA,C.G.,YES,sameshhans@example.com,008984707452,,,,12TH,2025,COMMERCE,19933491,435233642,HEMCHAND YADAV UNIVERSITY,500,417,FIRST,83.4,
177/47989,BRINDA RAO,3316272562,M.Sc. (Mathematics - Previous),MATHEMATICS,27-02-2026,SHAURYA SOMAN,ANAMIKA REGE,ELECTRICIAN,01-01-2009,Female,ST,,"H.NO. 26, PARSA PATH, ARRAH 900003","442, BEDI STREET, GHAZIABAD 695658",KORBA,C.G.,NO,mannechavvi@example.net,857332686446,,,,GRADUATION,2024,SCIENCE,43599120,293832399,STATE BOARD,500,345,FIRST,69.0,
477/63622,ANITA VIG,4729481178,M.Sc. (Zoology - Final),ZOOLOGY,16-02-2026,RISHI SRIVASTAVA,YAUVANI RAM,POLICE,13-01-2009,Female,OBC,,"43, BATTA PATH, LONI 084941","H.NO. 371, NARAYANAN ZILA, ULUBERIA 304438",BALODA BAZAR,C.G.,NO,fsahota@example.com,247918643774,,,,GRADUATION,2025,SCIENCE,36356274,286314192,CBSE,500,286,SECOND,57.2,
315/43170,WARHI PRASAD,5447902575,M.Sc. (Mathematics - Previous),MATHEMATICS,29-01-2026,JAIRAJ SACHAR,VINAYA MUKHERJEE,STUDENT,09-07-2002,Female,ST,,"70/01, BOSE GANJ, ETAWAH 771748","H.NO. 87, PARMER NAGAR, MORENA 864346",DURG,C.G.,YES,hacharya@example.net,545499147967,,,,GRADUATION,2025,SCIENCE,87010398,910183483,STATE BOARD,500,356,FIRST,71.2,
278/84850,CHAITANYA AHUJA,1841418786,B.Com.,COMMERCE,02-03-2026,NAKSH KEER,ADYA AMBLE,LABOUR,19-06-2007,Male,ST,,"04/27, REGE ZILA, AURANGABAD-976039","17/56, MALHOTRA CHOWK, KATIHAR-990589",KORBA,C.G.,YES,chatresh84@example.com,237173848507,,,,12TH,2023,COMMERCE,62957262,168910864,CBSE,500,456,FIRST,91.2,
298/68754,WARINDER SUBRAMANIAM,7667412527,BCA (Bachelor of Computer Applications),COMPUTER,11-01-2026,AARAV SENGUPTA,SANAYA CHADA,LAWYER,04-05-2003,Male,ST,,"28/485, JOHAL STREET, JAMALPUR 512544","98/13, SANKARAN CHOWK, DHARMAVARAM-445841",MAHASAMUND,C.G.,NO,yashawini63@example.com,545482727925,,,,12TH,2022,ARTS,16624277,847783439,HEMCHAND YADAV UNIVERSITY,500,427,FIRST,85.4,
852/49305,WARHI VYAS,6112856251,B.Sc. IT (Information Technology),COMPUTER,12-01-2026,AYAAN KARPE,YAHVI NATH,POLICE,15-01-2002,Female,GEN,,"H.NO. 59, KRISH ZILA, BAHRAICH 683590","H.NO. 388, CHOUDHURY STREET, NANGLOI JAT 579817",SURGUJA,C.G.,YES,jagat11@example.com,273264522603,,,,12TH,2024,SCIENCE,91172239,513654622,CBSE,500,210,THIRD,42.0,
615/39755,AMOL THAKER,4886596629,M.Sc. (Zoology - Previous),ZOOLOGY,13-02-2026,VIHAAN CHOUDHURY,URMI ANDRA,STUDENT,30-05-2004,Male,SC,,"H.NO. 745, YOHANNAN ROAD, RATLAM 256181","84/812, PARMER PATH, RAIPUR 427256",RAIPUR,C.G.,YES,anjali99@example.net,311175359894,,,,GRADUATION,2024,SCIENCE,88948296,218138645,CBSE,500,387,FIRST,77.4,
907/30166,ONVEER CHAUDHURI,3863292839,M.Sc. (Biotechnology - Previous),-,21-02-2026,GAURAV GOPAL,PALLAVI SHUKLA,TEACHER,22-03-2008,Male,OBC,,"41/927, MADAN ROAD, IMPHAL 876251","580, BAL ROAD, BERHAMPUR-309312",JASHPUR,C.G.,NO,yatansrinivas@example.net,855853397547,,,,GRADUATION,2020,SCIENCE,83392633,253077916,HEMCHAND YADAV UNIVERSITY,500,379,FIRST,75.8,
534/25842,NICHOLAS HORA,2460311800,BAJMC (Bachelor of Arts in Journalism & Mass Communication),COMMERCE,13-02-2026,FARAJ PATLA,AMARA BALA,ACCOUNTANT,08-09-2004,Male,SC,,"04, DAR MARG, MADURAI 113866","119, BISWAS, NANDED-308284",KANKER,C.G.,YES,dsule@example.org,774968422794,,,,12TH,2020,ARTS,33988980,928264468,CBSE,500,483,FIRST,96.6,
729/68421,DAKSHA SINGHAL,0718037231,PGDCA (Post Graduate Diploma in Computer Applications),COMPUTER,14-02-2026,GAGAN GOPAL,ZARNA DHINGRA,CARPENTER,02-06-2004,Female,GEN,,"98/862, BABU, TADEPALLIGUDEM 135899","043, SANKARAN, MUZAFFARNAGAR 388237",RAIGARH,C.G.,YES,palanjagrati@example.net,719926219785,,,,GRADUATION,2024,ARTS,96683876,405844034,HEMCHAND YADAV UNIVERSITY,500,227,SECOND,45.4,
247/93341,AARUSH CHOUDHRY,0737408643,M.Com. (Final),COMMERCE,25-01-2026,QADIM LALLA,ARADHANA RATTI,ARTIST,12-03-2004,Male,OBC,,"22/84, BHATNAGAR CIRCLE, MANGO 769539","71/17, DHINGRA ROAD, MORBI-917922",NARAYANPUR,C.G.,YES,dev88@example.net,823560736196,,,,GRADUATION,2025,COMMERCE,54361062,298846994,STATE BOARD,500,259,SECOND,51.8,
891/38860,BALJIWAN CONTRACTOR,8455451636,B.Sc. Micro Biology,BIOLOGY,11-03-2026,ELIJAH DESHPANDE,KAMALA BISWAS,CARPENTER,14-04-2003,Male,SC,,"H.NO. 185, REDDY CHOWK, JABALPUR 206194","76, DUTTA ZILA, MEHSANA 526981",KANKER,C.G.,YES,dubeyhamsini@example.com,724151154264,,,,12TH,2020,SCIENCE,42301649,005909264,HEMCHAND YADAV UNIVERSITY,500,349,FIRST,69.8,
225/68684,FREDERICK AGARWAL,7685276420,M.Sc. (Zoology - Final),ZOOLOGY,18-02-2026,HARDIK SETH,WAIDA DUTT,ARMY PERSONNEL,12-12-2007,Male,SC,,"09/92, SURESH NAGAR, GHAZIABAD-046507","62/532, BATRA CHOWK, JODHPUR-925943",SURGUJA,C.G.,NO,ssinha@example.com,016151404087,,,,GRADUATION,2021,SCIENCE,30497045,370702935,HEMCHAND YADAV UNIVERSITY,500,494,FIRST,98.8,
322/64258,KASHVI SIBAL,6150503907,B.Sc. Micro Biology,BIOLOGY,25-01-2026,TANAY DE,ABHA SACHDEV,TEACHER,04-07-2007,Female,OBC,,"47/58, PADMANABHAN CIRCLE, BELLARY 465404","H.NO. 27, PANCHAL MARG, NASHIK 258712",SURGUJA,C.G.,YES,osundaram@example.org,797135205718,,,,12TH,2020,SCIENCE,41620216,310180484,HEMCHAND YADAV UNIVERSITY,500,247,SECOND,49.4,
105/47329,EKANSH RAJA,9480159976,M.A. (Previous),ARTS,20-02-2026,ISHAAN NAGY,WARHI YOHANNAN,MECHANIC,28-03-2000,Male,OBC,,"03/16, SHETTY, ERODE 138475","89, SHA PATH, BANGALORE-346553",SURGUJA,C.G.,NO,dsule@example.org,994318074100,,,,GRADUATION,2021,ARTS,78519709,432193703,STATE BOARD,500,283,SECOND,56.6,
908/47275,VRINDA SEM,1170820253,B.Sc. Electronics,-,28-02-2026,PARTH PANDIT,CHAKRIKA KRISH,ENGINEER,12-06-2003,Female,SC,,"H.NO. 87, SACHAR MARG, MUZAFFARPUR-508916","H.NO. 095, NADKARNI MARG, DEWAS 137990",JASHPUR,C.G.,YES,zehaan09@example.net,578557992492,,,,12TH,2023,SCIENCE,23548524,045970871,HEMCHAND YADAV UNIVERSITY,500,486,FIRST,97.2,
997/70589,LAKSHIT DIVAN,6636926280,M.Sc. (Zoology - Final),ZOOLOGY,14-01-2026,ONKAR BASSI,YASTI GOLLA,SHOPKEEPER,19-01-2009,Male,OBC,,"72/229, BALA, BHIWANDI 059590","H.NO. 23, MANGAT ROAD, SASARAM 533795",JASHPUR,C.G.,NO,dalaja37@example.net,617868299898,,,,GRADUATION,2023,SCIENCE,88266854,925710915,CBSE,500,229,SECOND,45.8,
896/93288,KALA DUA,2645903011,PGDCA (Post Graduate Diploma in Computer Applications),COMPUTER,11-02-2026,RACHIT SETHI,TAMANNA LALLA,PRIVATE JOB,01-02-2006,Female,ST,,"H.NO. 94, SARRAF ZILA, GANDHIDHAM 619060","H.NO. 256, HANDA STREET, BHILWARA-542610",BALOD,C.G.,NO,chakrikayohannan@example.org,472438197553,,,,GRADUATION,2021,ARTS,35084896,539782051,HEMCHAND YADAV UNIVERSITY,500,304,FIRST,60.8,
235/48171,VRINDA PAU,0077407328,M.Sc. (Physics - Final),PHYSICS,11-02-2026,VEDANT PARIKH,ARYA HANS,ENGINEER,07-09-2007,Female,GEN,,"H.NO. 116, SETTY STREET, BHIWANI 595891","71/85, DUTTA NAGAR, NAIHATI 284061",KONDAGAON,C.G.,YES,tanveer51@example.org,970562503425,,,,GRADUATION,2021,SCIENCE,71446158,836819683,CBSE,500,351,FIRST,70.2,
224/53656,UNNATI MAMMEN,6608119600,M.Sc. (Zoology - Final),ZOOLOGY,07-01-2026,ETHAN SUNDARAM,MOHINI BALASUBRAMANIAN,CLERK,08-07-2006,Female,SC,,"70/89, ANDRA, BHILWARA 900132","H.NO. 79, GANDHI CHOWK, THIRUVANANTHAPURAM-800837",SURGUJA,C.G.,YES,bhavnanayak@example.net,184246777370,,,,GRADUATION,2023,SCIENCE,40205540,403706891,HEMCHAND YADAV UNIVERSITY,500,208,THIRD,41.6,
806/12090,PATRICK SAHA,1734797343,M.Sc. (Physics - Previous),PHYSICS,14-01-2026,ZAID BARAL,ALKA KUNDA,TEACHER,21-06-2001,Male,SC,,"172, PRASHAD CHOWK, GUWAHATI-529396","H.NO. 27, SUNDER, NAIHATI-901146",DHAMTARI,C.G.,NO,saanvi04@example.com,969868362185,,,,GRADUATION,2021,SCIENCE,73918214,956938271,STATE BOARD,500,434,FIRST,86.8,
377/60392,WARDA VASA,2908893858,M.Sc. (Mathematics - Final),MATHEMATICS,17-02-2026,BALVEER SARMA,SHIVANI BATRA,SELF EMPLOYED,11-12-2001,Female,SC,,"H.NO. 63, CHANA NAGAR, GAYA-556813","654, KOTA MARG, CHANDIGARH 061149",BALRAMPUR,C.G.,NO,echana@example.com,987332019614,,,,GRADUATION,2023,SCIENCE,89421446,509780845,CBSE,500,313,FIRST,62.6,
148/68088,NAVEEN KARAN,0545241204,BBA (Bachelor of Business Administration),MANAGEMENT,01-02-2026,EKALINGA GOPAL,RACHITA GOPAL,FREELANCER,14-07-2003,Male,OBC,,"113, LALA STREET, SRI GANGANAGAR-867613","65/005, ARORA PATH, AJMER 670033",RAJNANDGAON,C.G.,YES,wsanghvi@example.net,458051046977,,,,12TH,2024,ARTS,28800829,547139211,STATE BOARD,500,322,FIRST,64.4,
594/41873,OJAS VALA,5100023355,M.Sc. (Mathematics - Final),MATHEMATICS,28-01-2026,OJAS JAGGI,VINAYA KARNIK,STUDENT,23-02-2007,Male,ST,,"41/820, RADHAKRISHNAN GANJ, SULTAN PUR MAJRA 275578","H.NO. 03, WADHWA CIRCLE, RAMPUR-370153",BEMETARA,C.G.,NO,manan56@example.org,736450033141,,,,GRADUATION,2022,SCIENCE,75867522,970067634,STATE BOARD,500,410,FIRST,82.0,
766/88168,JEEVIKA KHARE,6559869806,M.Sc. (Chemistry - Previous),CHEMISTRY,21-01-2026,AAYUSH DARA,UPMA SANGHVI,STUDENT,20-07-2008,Female,SC,,"75, HALDER, NAGAON-447516","13/21, MOHANTY ZILA, BILASPUR-513596",SURGUJA,C.G.,YES,gdara@example.org,825973312669,,,,GRADUATION,2023,SCIENCE,92743913,599365500,STATE BOARD,500,443,FIRST,88.6,
170/98166,JATIN MUKHOPADHYAY,6603454495,M.Sc. (Botany - Final),BOTANY,05-01-2026,LAKSHIT VARUGHESE,NITARA KORPAL,RETIRED,07-06-2003,Male,OBC,,"32/210, SAVANT ROAD, GANDHIDHAM 270269","H.NO. 375, SABHARWAL ZILA, JALANDHAR 574209",BIJAPUR,C.G.,NO,trivenibhasin@example.net,189812689685,,,,GRADUATION,2020,SCIENCE,81161069,644045310,STATE BOARD,500,482,FIRST,96.4,
957/54783,FARIS MITRA,0087784328,M.A. (Previous),ARTS,30-01-2026,NAKUL MANE,EKANI DEWAN,CLERK,07-05-2000,Male,GEN,,"185, DAR ROAD, KURNOOL 878869","19/16, SARIN PATH, KUMBAKONAM-833614",KORBA,C.G.,YES,rameshneel@example.org,642566217202,,,,GRADUATION,2022,ARTS,63160581,227705431,CBSE,500,485,FIRST,97.0,
681/75659,ZILMIL BARMAN,3723282008,BBA (Bachelor of Business Administration),MANAGEMENT,29-01-2026,SIMON MAHAL,EIRAVATI LAD,ARTIST,24-08-2006,Female,ST,,"17, DIN, SIKAR 945047","H.NO. 356, LALA CIRCLE, BHOPAL-692641",BIJAPUR,C.G.,NO,ivarkey@example.net,619823483699,,,,12TH,2020,ARTS,55666721,234674880,HEMCHAND YADAV UNIVERSITY,500,225,SECOND,45.0,
811/67343,WAKEETA CHAKRABARTI,7874262528,B.Com.,COMMERCE,17-01-2026,CHATRESH SONI,ODIKA SAMPATH,PRIVATE JOB,15-07-2002,Female,GEN,,"03/753, VENKATESH NAGAR, VELLORE-054787","86/45, BEHL, DARBHANGA-501669",GARIABAND,C.G.,NO,hrege@example.com,704156917664,,,,12TH,2025,COMMERCE,79470426,291693821,STATE BOARD,500,214,THIRD,42.8,
640/62366,ADITYA NARAYAN,5849213987,M.Sc. (Zoology - Previous),ZOOLOGY,26-01-2026,CHATRESH SAGAR,NIHARIKA SETH,SHOPKEEPER,26-06-2008,Male,SC,,"H.NO. 473, CHAD ROAD, MUMBAI 858305","H.NO. 75, RATTA NAGAR, GHAZIABAD 360194",MAHASAMUND,C.G.,YES,bhavnakhurana@example.net,346698597446,,,,GRADUATION,2020,SCIENCE,55107226,385737139,CBSE,500,493,FIRST,98.6,
300/35334,ISHANI SHUKLA,3890057892,B.Sc. Computer Science,COMPUTER,11-03-2026,PRANIT DAVE,HEMAL BHANDARI,ELECTRICIAN,07-08-2001,Female,SC,,"34, KRISHNA PATH, MANGO 832659","53/866, CHADA MARG, DHULE 513534",SUKMA,C.G.,NO,ryan90@example.com,616621363987,,,,12TH,2023,SCIENCE,51295667,964110129,HEMCHAND YADAV UNIVERSITY,500,443,FIRST,88.6,
902/98942,NEELIMA PATEL,9722324220,M.Sc. (Computer Science - Previous),COMPUTER,02-01-2026,LAKSHIT LOYAL,URISHILLA MANI,ARTIST,14-09-2002,Female,GEN,,"H.NO. 23, TIWARI STREET, ALAPPUZHA-483445","H.NO. 320, DAS NAGAR, NAGAON-830922",BIJAPUR,C.G.,NO,veer84@example.org,967877502450,,,,GRADUATION,2025,SCIENCE,78806732,081584473,CBSE,500,348,FIRST,69.6,
192/61409,YAHVI BHAGAT,6094347690,B.Sc. (Mathematics),MATHEMATICS,14-01-2026,CHAMPAK KADE,BRINDA HANS,NURSE,19-01-2005,Female,OBC,,"25/62, SUNDER PATH, RAIPUR-472790","487, BALA NAGAR, MYSORE-454991",KANKER,C.G.,NO,isagar@example.net,159879894006,,,,12TH,2025,SCIENCE,78474648,110923038,STATE BOARD,500,474,FIRST,94.8,
326/69898,AYAAN DHAR,5852874148,BAJMC (Bachelor of Arts in Journalism & Mass Communication),COMMERCE,14-01-2026,SAMESH SANI,HAMSINI GOKHALE,FREELANCER,12-12-2005,Male,ST,,"H.NO. 01, KRISH NAGAR, HINDUPUR-330322","H.NO. 430, MAHAL PATH, LONI-938597",BEMETARA,C.G.,YES,mitali49@example.org,015948506047,,,,12TH,2024,ARTS,75644341,741857341,STATE BOARD,500,422,FIRST,84.4,
177/32828,RISHI CHAND,1605919025,B.Lib (Bachelor of Library Science),LIBRARY SCIENCE,27-02-2026,ONKAR MITAL,URVASHI TAILOR,LABOUR,03-01-2001,Male,ST,,"H.NO. 58, SEM ZILA, SULTAN PUR MAJRA 630527","947, KHATRI PATH, BELGAUM-393794",SURGUJA,C.G.,NO,balayudyati@example.org,212308014376,,,,12TH,2021,ARTS,05467233,326112498,STATE BOARD,500,431,FIRST,86.2,
805/40841,ANIRUDH KALITA,5957619132,B.Sc. (Biology),BIOLOGY,09-01-2026,CALEB PALAN,ARUNIMA CHERIAN,STUDENT,25-11-2007,Male,GEN,,"H.NO. 631, TOOR CIRCLE, CHITTOOR-843666","H.NO. 491, BHARDWAJ PATH, VARANASI-010976",RAIGARH,C.G.,YES,lajita71@example.com,790391366704,,,,12TH,2020,SCIENCE,36774847,616580163,STATE BOARD,500,339,FIRST,67.8,
795/71881,BHAVINI KRISH,9376327986,M.Sc. (Chemistry - Final),CHEMISTRY,21-01-2026,BAHADURJIT RAJU,KAMALA KEER,MECHANIC,15-11-2002,Female,OBC,,"06, KAPADIA NAGAR, RAURKELA INDUSTRIAL TOWNSHIP 661289","17/27, MANGAL ZILA, KADAPA-446813",BEMETARA,C.G.,NO,vraval@example.org,642480749539,,,,GRADUATION,2021,SCIENCE,69762009,177528825,STATE BOARD,500,350,FIRST,70.0,
317/30139,MANTHAN SACHDEVA,5575041736,B.Sc. IT (Information Technology),COMPUTER,08-03-2026,SIMON ARORA,AMARA MEMON,SHOPKEEPER,08-04-2004,Male,GEN,,"H.NO. 10, TIWARI STREET, MORENA-311000","H.NO. 845, PILLAI NAGAR, BELLARY-493387",JANJGIR-CHAMPA,C.G.,NO,chaudharilucky@example.com,314286144074,,,,12TH,2025,SCIENCE,32828952,450371265,CBSE,500,299,SECOND,59.8,
809/32611,URISHILLA SACHAR,6911398419,M.A. (Final),ARTS,11-01-2026,EKANSH RAJAGOPALAN,RIA KALLA,DRIVER,11-06-2005,Female,ST,,"96, SAVANT CIRCLE, JUNAGADH 130887","78/390, BAIL, KOTTAYAM-208920",JANJGIR-CHAMPA,C.G.,YES,balayoshita@example.org,091860494360,,,,GRADUATION,2021,ARTS,30294423,694857672,HEMCHAND YADAV UNIVERSITY,500,213,THIRD,42.6,
271/79282,YOCHANA BAVA,1843723494,M.Sc. (Biotechnology - Final),-,25-01-2026,AZAAN KALA,HARITA LAD,ARTIST,04-05-2003,Female,GEN,,"57/199, THAMAN STREET, PHAGWARA-270239","90/725, MURTY CIRCLE, TIRUVOTTIYUR-731840",BASTAR,C.G.,YES,yachana91@example.org,439132332251,,,,GRADUATION,2020,SCIENCE,14802448,354640082,STATE BOARD,500,288,SECOND,57.6,
516/51204,ABHIMANYU GILL,0887075286,M.Sc. (Zoology - Previous),ZOOLOGY,23-02-2026,JACOB BHANDARI,WARDA BUCH,LAWYER,31-07-2008,Male,SC,,"H.NO. 897, D’ALIA CHOWK, COIMBATORE 296967","82/764, SURI, SAHARSA-163630",JANJGIR-CHAMPA,C.G.,NO,yuvrajmishra@example.net,408683609458,,,,GRADUATION,2025,SCIENCE,61396714,718830976,CBSE,500,367,FIRST,73.4,
949/86386,ANAY MENON,2277881268,BCA (Bachelor of Computer Applications),COMPUTER,07-01-2026,TEJAS VYAS,NIMRAT CHAD,GOVT EMPLOYEE,19-03-2004,Male,OBC,,"H.NO. 425, PALLA MARG, KAVALI-328631","H.NO. 25, DYAL ROAD, PURNIA 363012",DURG,C.G.,NO,sanya73@example.com,036244137397,,,,12TH,2025,ARTS,12770814,851844266,STATE BOARD,500,210,THIRD,42.0,
613/81694,UTKARSH SOOD,1808238274,M.Sc. (Chemistry - Previous),CHEMISTRY,21-02-2026,TANISH GOEL,SAI SANI,RETIRED,16-12-2002,Male,OBC,,"132, KULKARNI STREET, SHIMOGA 334778","79/153, KAR MARG, SASARAM 144505",BALRAMPUR,C.G.,YES,farhan44@example.org,278739626073,,,,GRADUATION,2021,SCIENCE,26321537,144195890,CBSE,500,486,FIRST,97.2,
888/58894,DEVANSH PANDYA,3683594891,M.Sc. (Physics - Final),PHYSICS,06-03-2026,FRADO MAHAJAN,KAMYA SUBRAMANIAM,PRIVATE JOB,26-12-2002,Male,OBC,,"H.NO. 941, BORA ZILA, NARASARAOPET-769968","37/559, KAMDAR STREET, GOPALPUR 689907",DHAMTARI,C.G.,NO,finnkaur@example.org,580961848971,,,,GRADUATION,2021,SCIENCE,88319644,844763178,CBSE,500,414,FIRST,82.8,
156/28847,GOPAL MISHRA,4083781168,M.Sc. (Botany - Final),BOTANY,27-01-2026,MATTHEW KANNAN,ZAITRA ARYA,CARPENTER,09-07-2000,Male,GEN,,"70/777, CHANDRAN, SATARA 245530","H.NO. 49, CHHABRA STREET, RAIPUR 754148",BIJAPUR,C.G.,YES,shravyapall@example.org,359844077988,,,,GRADUATION,2022,SCIENCE,66466940,003080747,HEMCHAND YADAV UNIVERSITY,500,419,FIRST,83.8,
686/95401,ONKAR WALLA,8620669505,BCA (Bachelor of Computer Applications),COMPUTER,14-02-2026,MOHAMMED SHROFF,PUSHTI BARMAN,RETIRED,31-03-2008,Male,SC,,"H.NO. 32, RAMA NAGAR, KARNAL 315256","H.NO. 54, RASTOGI GANJ, HOWRAH 876266",RAJNANDGAON,C.G.,YES,panditadvaith@example.com,438326302997,,,,12TH,2020,ARTS,11432113,538246760,HEMCHAND YADAV UNIVERSITY,500,222,THIRD,44.4,
145/81513,IKBAL BANSAL,9613433833,M.Sc. (Chemistry - Final),CHEMISTRY,16-01-2026,ATHARV PATEL,MITALI GANESAN,NURSE,22-07-2001,Male,SC,,"H.NO. 766, SAVANT STREET, RAMPUR 938188","15/121, BARAD ROAD, NAGAON-320462",GARIABAND,C.G.,NO,ybiswas@example.net,192198343432,,,,GRADUATION,2021,SCIENCE,28095306,778274307,STATE BOARD,500,361,FIRST,72.2,
455/93780,NITESH BAINS,7634544966,B.Sc. (Biology),BIOLOGY,29-01-2026,WRIDESH KOHLI,INDIRA DAR,ARTIST,08-12-2003,Male,GEN,,"H.NO. 924, SOM, NORTH DUMDUM 834258","189, SOM, MADANAPALLE 715168",SUKMA,C.G.,YES,dhaliwalyoshita@example.org,670143364820,,,,12TH,2020,SCIENCE,53449468,829488946,CBSE,500,230,SECOND,46.0,
441/55960,BALVEER PILLAI,7157566315,M.Sc. (Chemistry - Previous),CHEMISTRY,09-02-2026,ZAYAN KANNAN,LIPIKA LALLA,BUSINESS,19-03-2008,Male,SC,,"H.NO. 83, RATTA PATH, BULANDSHAHR-405135","91/92, BRAR GANJ, SAHARSA 613737",BILASPUR,C.G.,NO,udeol@example.net,301791038872,,,,GRADUATION,2021,SCIENCE,12535816,484830174,CBSE,500,255,SECOND,51.0,
716/38681,YAHVI KARNIK,5875232826,B.Sc. (Biology),BIOLOGY,31-01-2026,MANBIR SEKHON,BISHAKHA GILL,NURSE,18-04-2007,Female,GEN,,"39/511, PATHAK, SRINAGAR-056623","420, MANN GANJ, MAHBUBNAGAR 964592",JASHPUR,C.G.,YES,saumya33@example.org,263198491726,,,,12TH,2022,SCIENCE,05287595,751565569,STATE BOARD,500,490,FIRST,98.0,
653/75991,VIDHI SATHE,7588289280,M.Sc. (Mathematics - Previous),MATHEMATICS,10-02-2026,VIHAAN NATARAJAN,BAGHYAWATI ROY,ELECTRICIAN,29-07-2001,Female,OBC,,"H.NO. 73, MALHOTRA GANJ, GUDIVADA 606101","24, NATARAJAN PATH, NAGERCOIL-501060",KANKER,C.G.,YES,nandiniyadav@example.org,631256402858,,,,GRADUATION,2022,SCIENCE,52780329,512234882,CBSE,500,344,FIRST,68.8,
371/86886,VRINDA DESHPANDE,0063251999,B.A.,ARTS,28-02-2026,VEER RAGHAVAN,HEMA MUTTI,CLERK,31-01-2007,Female,SC,,"94, DARA ZILA, BIDAR-121346","001, DASGUPTA NAGAR, HINDUPUR 756107",SUKMA,C.G.,YES,garagaurav@example.net,252325233661,,,,12TH,2025,ARTS,77520495,994224376,HEMCHAND YADAV UNIVERSITY,500,400,FIRST,80.0,
105/29411,YATAN KHURANA,5312203361,M.Sc. (Biotechnology - Final),-,31-01-2026,RUSHIL AGRAWAL,REVA SONI,POLICE,06-09-2001,Male,ST,,"17/23, SARAN PATH, SAMBALPUR 968606","89/68, SIBAL ZILA, PANVEL-077760",BIJAPUR,C.G.,YES,gerameera@example.net,166526687804,,,,GRADUATION,2022,SCIENCE,45862126,362620335,CBSE,500,245,SECOND,49.0,
975/19619,HRITIK SAMRA,7257402431,B.Sc. IT (Information Technology),COMPUTER,04-03-2026,NATHANIEL GANESAN,VRISHTI SANGHVI,STUDENT,31-10-2008,Male,GEN,,"H.NO. 062, KOSHY STREET, NELLORE-784880","H.NO. 931, MAMMEN ZILA, KANPUR-519867",BASTAR,C.G.,NO,forum08@example.net,418023396922,,,,12TH,2021,SCIENCE,34711561,167369205,CBSE,500,297,SECOND,59.4,
871/33519,IKBAL DUGAR,6539049357,M.Sc. (Mathematics - Final),MATHEMATICS,27-01-2026,EKALINGA GHOSH,UPMA MORE,LAWYER,09-10-2000,Male,ST,,"H.NO. 959, HANDA NAGAR, BELGAUM 624460","991, DIXIT ROAD, HAPUR-141599",KONDAGAON,C.G.,YES,jmadan@example.net,091414544640,,,,GRADUATION,2021,SCIENCE,66167120,965194258,HEMCHAND YADAV UNIVERSITY,500,432,FIRST,86.4,
568/72674,LUCKY RAJAGOPALAN,6096320146,M.Sc. (Mathematics - Previous),MATHEMATICS,04-01-2026,ARJUN PALAN,ESHANA OZA,PRIVATE JOB,08-04-2001,Male,SC,,"02/974, SARNA PATH, MADANAPALLE 591373","H.NO. 17, GARA CIRCLE, GUNTAKAL 810661",JANJGIR-CHAMPA,C.G.,NO,biswaslogan@example.com,507884971350,,,,GRADUATION,2020,SCIENCE,24619583,732150312,STATE BOARD,500,403,FIRST,80.6,
357/53505,ESHANA MADAN,9171727989,B.Sc. Micro Biology,BIOLOGY,05-01-2026,GOPAL GANGULY,PAVANI MUKHOPADHYAY,ARTIST,07-08-2000,Female,GEN,,"16/718, GOLA MARG, SASARAM 092817","H.NO. 662, VISWANATHAN MARG, NAGERCOIL 685597",BASTAR,C.G.,NO,rehaanchaudhary@example.com,264891741477,,,,12TH,2022,SCIENCE,31340846,454973983,HEMCHAND YADAV UNIVERSITY,500,485,FIRST,97.0,
362/75167,PARTH SANKARAN,3378322515,B.Sc. IT (Information Technology),COMPUTER,06-03-2026,BACHITTAR UPPAL,SHRAVYA MANI,SELF EMPLOYED,01-01-2004,Male,ST,,"23/948, BADAL MARG, CHAPRA-726734","H.NO. 49, SHARAF CIRCLE, KHANDWA-230052",KONDAGAON,C.G.,YES,xtandon@example.com,529462279458,,,,12TH,2020,SCIENCE,43839564,693134064,CBSE,500,360,FIRST,72.0,
472/87010,NOAH MANDA,5484820887,M.Com. (Previous),COMMERCE,07-03-2026,SAMAKSH SATHE,KALA SHUKLA,PRIVATE JOB,04-08-2007,Male,SC,,"H.NO. 417, SRIVASTAVA, BIKANER 859229","H.NO. 674, SRIDHAR CIRCLE, RAIGANJ-630585",RAIPUR,C.G.,YES,babuqabil@example.net,784976094509,,,,GRADUATION,2024,COMMERCE,31553420,683093313,HEMCHAND YADAV UNIVERSITY,500,363,FIRST,72.6,
938/45099,BIMALA BALAN,1317660091,M.Sc. (Computer Science - Final),COMPUTER,13-02-2026,FREDERICK DUGAR,ATI THAKKAR,PRIVATE JOB,07-05-2000,Female,GEN,,"H.NO. 948, MADAN STREET, ASANSOL-552291","99/134, AMBLE CIRCLE, JUNAGADH 454848",BALRAMPUR,C.G.,YES,gulatiranbir@example.com,748226770636,,,,GRADUATION,2025,SCIENCE,09249442,423994326,HEMCHAND YADAV UNIVERSITY,500,413,FIRST,82.6,
529/41697,TEERTH SARRAF,6321654155,BBA (Bachelor of Business Administration),MANAGEMENT,19-03-2026,JOSHUA KHALSA,ARUNIMA BANDI,PLUMBER,12-12-2000,Male,GEN,,"90/75, VARMA CIRCLE, BIDHANNAGAR 126114","H.NO. 76, KURIAN PATH, CHANDRAPUR 887209",BALODA BAZAR,C.G.,NO,henrymammen@example.com,466580512189,,,,12TH,2024,ARTS,23446091,547668892,HEMCHAND YADAV UNIVERSITY,500,443,FIRST,88.6,
966/79200,ALKA HANDA,5696914690,B.Com.,COMMERCE,10-03-2026,LUCKY GOUR,KEYA SANKAR,STUDENT,04-12-2006,Female,OBC,,"62, SENGUPTA PATH, BAHRAICH 117471","H.NO. 568, KUMAR GANJ, TIRUNELVELI 160281",BILASPUR,C.G.,NO,gmittal@example.com,604516478215,,,,12TH,2024,COMMERCE,16444713,081191612,STATE BOARD,500,404,FIRST,80.8,
646/26655,HAMSINI SRINIVAS,8965040100,BCA (Bachelor of Computer Applications),COMPUTER,01-01-2026,DOMINIC BHATTACHARYYA,VAISHNAVI DUGAR,TEACHER,11-12-2003,Female,GEN,,"93, DASS, KARAIKUDI 069935","61/25, WALIA ROAD, ULUBERIA 740806",GARIABAND,C.G.,NO,bahadurjitmander@example.org,423749716549,,,,12TH,2024,ARTS,39748715,962930859,STATE BOARD,500,489,FIRST,97.8,
804/72733,ANSH SEHGAL,4258578803,B.Sc. Electronics,-,15-01-2026,NIHAL LAD,SARA GARG,DOCTOR,14-06-2000,Male,ST,,"H.NO. 730, CHEEMA STREET, TIRUCHIRAPPALLI 642237","95/07, SAMI ROAD, BARANAGAR 084791",NARAYANPUR,C.G.,NO,orinder15@example.org,504775538052,,,,12TH,2022,SCIENCE,96549291,595943186,STATE BOARD,500,432,FIRST,86.4,
680/53038,SAANVI RAVAL,2618722280,B.Sc. Electronics,-,20-01-2026,YAGNESH SACHAR,ZAITRA DAYAL,MECHANIC,30-08-2007,Female,SC,,"H.NO. 92, DORA GANJ, ONGOLE-339384","16/59, KEER ROAD, TINSUKIA 202707",JANJGIR-CHAMPA,C.G.,NO,qadimganesan@example.net,481154536038,,,,12TH,2020,SCIENCE,26504778,547034976,CBSE,500,466,FIRST,93.2,
250/55976,SHIVANSH VYAS,1715599264,B.Com.,COMMERCE,13-03-2026,FALAN VIG,KASHISH RAJAGOPAL,STUDENT,30-12-2001,Male,ST,,"233, SULE PATH, MIRA-BHAYANDAR-192271","97, TIWARI NAGAR, BARANAGAR 687334",BALODA BAZAR,C.G.,NO,chopralakshmi@example.org,388315604332,,,,12TH,2023,COMMERCE,61358164,761027239,STATE BOARD,500,308,FIRST,61.6,
653/34761,AVI SRIDHAR,7435357586,B.Sc. (Biology),BIOLOGY,08-02-2026,DAKSHESH PALLA,UPMA BALASUBRAMANIAN,ARMY PERSONNEL,16-12-2001,Male,OBC,,"745, GANESH CIRCLE, BERHAMPORE 937109","H.NO. 162, LUTHRA NAGAR, KULTI-032101",MAHASAMUND,C.G.,NO,chaudharyvamakshi@example.org,176867948714,,,,12TH,2020,SCIENCE,93876537,995828139,HEMCHAND YADAV UNIVERSITY,500,479,FIRST,95.8,
996/88905,WARDA BAVA,0725949494,B.Sc. Biotechnology,-,07-01-2026,OWEN PALLA,NETRA RAI,LAWYER,06-05-2005,Female,SC,,"88, SHAH NAGAR, SALEM-036798","44/24, BOBAL CHOWK, IMPHAL 305677",RAIPUR,C.G.,YES,alexanderdewan@example.net,519490470160,,,,12TH,2021,SCIENCE,81664878,103428983,STATE BOARD,500,204,THIRD,40.8,
182/95327,JANUJA NAGY,9354726991,B.Sc. (Biology),BIOLOGY,02-03-2026,DAKSH SODHI,QUSHI CHERIAN,CONSULTANT,23-11-2007,Female,OBC,,"797, CHAD NAGAR, LUDHIANA 111577","26/15, KRISH NAGAR, TADEPALLIGUDEM-242269",SUKMA,C.G.,NO,balhaarkeer@example.net,511953572532,,,,12TH,2025,SCIENCE,55047495,675738328,CBSE,500,270,SECOND,54.0,
118/45934,NICHOLAS SABHARWAL,8442831289,M.A. (Previous),ARTS,25-02-2026,PRANEEL BHAT,BARKHA BAHRI,GOVT EMPLOYEE,27-02-2004,Male,OBC,,"977, DEVI PATH, AHMEDABAD 434876","09, MUNI MARG, BHUSAWAL 701591",BEMETARA,C.G.,YES,abha36@example.com,970173252280,,,,GRADUATION,2023,ARTS,56401546,381513302,HEMCHAND YADAV UNIVERSITY,500,233,SECOND,46.6,
785/83774,PUSHTI NAZARETH,7292202951,M.Sc. (Chemistry - Previous),CHEMISTRY,26-02-2026,ISAAC AHLUWALIA,BISHAKHA LALA,MECHANIC,08-12-2005,Female,SC,,"08, SOOD CIRCLE, MADURAI-181708","26/454, MALLICK ZILA, MEDININAGAR 766533",DHAMTARI,C.G.,YES,wsahni@example.com,029527606603,,,,GRADUATION,2020,SCIENCE,55128444,172694417,HEMCHAND YADAV UNIVERSITY,500,388,FIRST,77.6,
364/90041,ZINAL BHARDWAJ,4054659340,B.Sc. IT (Information Technology),COMPUTER,08-02-2026,QARIN MALHOTRA,PALLAVI SARNA,CLERK,08-09-2007,Female,SC,,"55, GABA GANJ, CHAPRA-207742","63, SURI ROAD, RANCHI 999997",BASTAR,C.G.,YES,rkalita@example.org,514531445883,,,,12TH,2024,SCIENCE,30107768,809551389,CBSE,500,478,FIRST,95.6,
458/77194,AAHANA BABU,0134532732,M.Sc. (Zoology - Previous),ZOOLOGY,27-01-2026,KRISHNA KEER,IRYA CHOUDHURY,SHOPKEEPER,27-09-2008,Female,OBC,,"H.NO. 518, BUTALA CHOWK, CHANDIGARH 007711","69/629, SONI CIRCLE, THRISSUR-864501",SUKMA,C.G.,NO,rmistry@example.com,067787681156,,,,GRADUATION,2020,SCIENCE,59851744,105190757,STATE BOARD,500,400,FIRST,80.0,
823/29537,JASON BAIL,3694250711,B.Sc. Electronics,-,18-02-2026,AARNAV MINHAS,ANUSHA THAMAN,NURSE,27-11-2001,Male,OBC,,"404, PARSA ROAD, GWALIOR 395592","95, OM, ARRAH-199378",KORBA,C.G.,NO,yashawini17@example.com,175216154134,,,,12TH,2021,SCIENCE,99751824,669142931,HEMCHAND YADAV UNIVERSITY,500,240,SECOND,48.0,
818/11430,VEER KALA,1718826667,B.Com.,COMMERCE,17-01-2026,FINN SUNDARAM,URVASHI KIBE,CONSULTANT,27-10-2008,Male,ST,,"H.NO. 78, BARAD GANJ, AMBARNATH-682915","128, KAMDAR ZILA, AJMER-882199",KANKER,C.G.,NO,christopher05@example.org,432860727449,,,,12TH,2021,COMMERCE,79265923,464056692,CBSE,500,209,THIRD,41.8,
931/29515,ADVIKA KALA,1678268258,M.Sc. (Botany - Final),BOTANY,04-01-2026,NAVEEN KHANNA,TARA JOSHI,RETIRED,02-01-2005,Female,SC,,"H.NO. 99, OZA MARG, GUWAHATI-437648","H.NO. 07, WALIA NAGAR, SANGLI-MIRAJ & KUPWAD-991517",DURG,C.G.,NO,rattiradhika@example.net,490119924287,,,,GRADUATION,2024,SCIENCE,73734194,104415894,CBSE,500,500,FIRST,100.0,
687/45868,JATIN DARA,1175604475,M.A. (Previous),ARTS,05-03-2026,NATHAN MINHAS,YASHICA TANK,LABOUR,27-05-2003,Male,GEN,,"08, PARMAR PATH, BHIWANI-887593","H.NO. 444, PALAN MARG, JHANSI 546884",BALOD,C.G.,YES,katamohammed@example.com,957901279917,,,,GRADUATION,2022,ARTS,04401276,338500888,CBSE,500,274,SECOND,54.8,
200/99093,UBIKA TANDON,4294914869,B.A.,ARTS,19-02-2026,SAMAKSH ACHARYA,ODIKA BHANDARI,FREELANCER,13-02-2006,Female,GEN,,"978, THAKER MARG, ERODE-349033","88/76, RANA ROAD, BERHAMPUR-332123",BALRAMPUR,C.G.,YES,harinibanerjee@example.org,618281164353,,,,12TH,2024,ARTS,46252794,231316954,CBSE,500,405,FIRST,81.0,
610/29968,BALJIWAN RATTI,4894202361,M.Sc. (Computer Science - Final),COMPUTER,30-01-2026,AYAAN RAMAN,TRIVENI YOGI,FARMER,04-05-2003,Male,GEN,,"H.NO. 848, SAVANT MARG, BAREILLY 273104","268, BARMAN MARG, JALNA 147252",KONDAGAON,C.G.,YES,fnarain@example.org,254009688588,,,,GRADUATION,2023,SCIENCE,02898861,110913608,STATE BOARD,500,413,FIRST,82.6,
436/74767,EKAJA SANKARAN,7666907957,B.Sc. (Biology),BIOLOGY,06-01-2026,PRANAV RAJAGOPALAN,LOPA PANDEY,MECHANIC,03-11-2001,Female,GEN,,"98/81, PERI PATH, AKOLA 207244","H.NO. 73, MAMMEN, MUZAFFARNAGAR 678262",KORBA,C.G.,NO,rray@example.net,690940054561,,,,12TH,2022,SCIENCE,23738852,256890124,CBSE,500,394,FIRST,78.8,
114/49855,ISAAC MURTHY,5401505396,M.Sc. (Physics - Final),PHYSICS,07-01-2026,GIRISH SAHOTA,LADLI BATRA,CLERK,28-07-2002,Male,OBC,,"H.NO. 925, OAK ZILA, REWA-474094","955, SEKHON MARG, PUNE 335490",BEMETARA,C.G.,YES,warriorethan@example.org,067798152821,,,,GRADUATION,2023,SCIENCE,73059571,150141844,CBSE,500,393,FIRST,78.6,
227/39306,LOPA GHOSE,5289119171,M.Sc. (Mathematics - Final),MATHEMATICS,08-02-2026,UDANT BANSAL,DEEPA UPPAL,PLUMBER,06-11-2007,Female,OBC,,"57/684, KHURANA MARG, YAMUNANAGAR-407009","65/307, RAMA NAGAR, PHAGWARA 926602",RAIGARH,C.G.,NO,gaurangi85@example.net,193854690168,,,,GRADUATION,2024,SCIENCE,11949818,707873460,STATE BOARD,500,346,FIRST,69.2,
702/56844,YASHICA SETH,2675995448,BAJMC (Bachelor of Arts in Journalism & Mass Communication),COMMERCE,12-01-2026,BALHAAR KEER,CHAKRIKA PILLAY,POLICE,07-11-2005,Female,ST,,"H.NO. 65, SHARMA ZILA, PURNIA-138642","H.NO. 752, RAJAGOPAL NAGAR, TUMKUR-089392",BALRAMPUR,C.G.,NO,tripathibrinda@example.org,643319595491,,,,12TH,2023,ARTS,95780143,773812628,CBSE,500,219,THIRD,43.8,
851/55518,QUSHI BIR,1170790929,BAJMC (Bachelor of Arts in Journalism & Mass Communication),COMMERCE,05-01-2026,DOMINIC GOSWAMI,URMI CHAD,RETIRED,19-02-2004,Female,OBC,,"78, DUA MARG, AMRITSAR 630112","H.NO. 045, SARAF CIRCLE, ULUBERIA-594948",NARAYANPUR,C.G.,YES,yochana25@example.net,234256968324,,,,12TH,2022,ARTS,60730782,522005624,CBSE,500,385,FIRST,77.0,
107/94906,SAKSHAM DEOL,3162423379,M.Sc. (Computer Science - Final),COMPUTER,11-02-2026,ABHIRAM KHURANA,BISHAKHA CHERIAN,TEACHER,08-09-2006,Male,OBC,,"47, OM STREET, ANANTAPUR 654350","58/56, GOLA MARG, NAIHATI-665345",DURG,C.G.,NO,cwadhwa@example.org,873840330873,,,,GRADUATION,2021,SCIENCE,30461001,525602611,CBSE,500,437,FIRST,87.4,
983/71735,KEYA KAKAR,5752228663,M.Sc. (Physics - Final),PHYSICS,08-01-2026,CHAKRADHAR REGE,DIYA VYAS,GOVT EMPLOYEE,10-07-2008,Female,GEN,,"440, NAYAK, KARNAL-696126","H.NO. 94, TELLA ZILA, NAGAON 313421",RAIGARH,C.G.,YES,xsampath@example.org,589221175205,,,,GRADUATION,2024,SCIENCE,46648140,114758255,CBSE,500,201,THIRD,40.2,
576/64336,KEVIN NAIR,9909801314,B.Lib (Bachelor of Library Science),LIBRARY SCIENCE,12-03-2026,HITESH SHUKLA,RACHANA BABU,ACCOUNTANT,01-02-2005,Male,ST,,"917, CHADHA MARG, REWA 022963","H.NO. 662, NANDA GANJ, MIRA-BHAYANDAR 557940",SUKMA,C.G.,NO,xkala@example.net,526435514675,,,,12TH,2020,ARTS,93810238,339529003,HEMCHAND YADAV UNIVERSITY,500,285,SECOND,57.0,
741/54549,CHANDRESH PALL,8586274035,BBA (Bachelor of Business Administration),MANAGEMENT,18-03-2026,AARNAV HAYRE,VEDHIKA VARKEY,STUDENT,12-04-2004,Male,ST,,"H.NO. 322, CHAND, BHIND 264308","308, VORA STREET, NORTH DUMDUM-647747",BASTAR,C.G.,NO,wazirsankaran@example.net,660267607836,,,,12TH,2022,ARTS,72716285,466508892,STATE BOARD,500,412,FIRST,82.4,
469/14717,NATHANIEL BAL,5939765720,PGDCA (Post Graduate Diploma in Computer Applications),COMPUTER,09-01-2026,YASH DEOL,CHAMAN MURTY,SHOPKEEPER,17-11-2005,Male,OBC,,"270, DARA CHOWK, GUWAHATI 784271","H.NO. 42, KOSHY NAGAR, GOPALPUR 046690",BALOD,C.G.,NO,wakeetamagar@example.org,610192884301,,,,GRADUATION,2020,ARTS,38281976,161253846,CBSE,500,252,SECOND,50.4,
661/30258,HARISH CHOPRA,9131339242,M.Com. (Previous),COMMERCE,08-02-2026,QUINCY UPPAL,TRIYA VYAS,CONSULTANT,01-09-2002,Male,SC,,"856, PATEL NAGAR, SILCHAR-482483","11, SHARMA MARG, GUNA-746701",BEMETARA,C.G.,YES,xdara@example.org,750737709307,,,,GRADUATION,2022,COMMERCE,72166262,947331538,STATE BOARD,500,319,FIRST,63.8,
664/32729,AZAD BHATNAGAR,3639107978,M.A. (Final),ARTS,10-02-2026,GUNBIR RAU,LAVANYA SOLANKI,PLUMBER,03-10-2008,Male,ST,,"H.NO. 750, BAHRI CHOWK, MATHURA 522643","H.NO. 63, MEMON STREET, PALI-620994",KOREA,C.G.,YES,hrana@example.org,738222563265,,,,GRADUATION,2020,ARTS,55110890,738569317,STATE BOARD,500,299,SECOND,59.8,
142/97680,YAMINI OZA,6767466091,B.Sc. Micro Biology,BIOLOGY,17-01-2026,BALENDRA MISHRA,JANANI JHAVERI,TEACHER,13-06-2006,Female,GEN,,"374, KONDA, HOSPET 101190","H.NO. 244, DAVE PATH, HOSUR 791629",KANKER,C.G.,YES,wazir66@example.net,514044128461,,,,12TH,2023,SCIENCE,25240023,492112262,HEMCHAND YADAV UNIVERSITY,500,403,FIRST,80.6,
886/96301,TURVI MEMON,1714046956,M.Sc. (Botany - Final),BOTANY,08-03-2026,ABHIMANYU MUTTI,HEMANGINI BANERJEE,SELF EMPLOYED,05-06-2005,Female,OBC,,"36/90, MALL CIRCLE, JALNA-236762","56/15, SAHA STREET, MACHILIPATNAM-434827",JANJGIR-CHAMPA,C.G.,YES,sakshambath@example.com,054662556207,,,,GRADUATION,2024,SCIENCE,88410698,077593042,HEMCHAND YADAV UNIVERSITY,500,475,FIRST,95.0,
924/67515,CHATRESH SAXENA,7658653603,M.Sc. (Botany - Final),BOTANY,18-01-2026,KABIR VYAS,WAKEETA KUMER,FREELANCER,28-10-2004,Male,SC,,"93/92, ANAND GANJ, BHIWANI 702514","H.NO. 245, DUTT STREET, PALLAVARAM-609435",SUKMA,C.G.,NO,dasharin@example.org,601465118609,,,,GRADUATION,2024,SCIENCE,74503628,665117201,HEMCHAND YADAV UNIVERSITY,500,474,FIRST,94.8,
518/95354,JACKSON BOASE,5494892049,B.Sc. (Mathematics),MATHEMATICS,30-01-2026,QASIM BUCH,WIDISHA MAHAL,DOCTOR,15-05-2005,Male,GEN,,"620, NAGI PATH, MEDININAGAR-884081","69, KADE ZILA, IMPHAL-488914",BALRAMPUR,C.G.,NO,rthaker@example.net,631639111232,,,,12TH,2020,SCIENCE,02112881,864977236,STATE BOARD,500,390,FIRST,78.0,
379/98474,DEVIKA SACHDEV,0943155459,M.Sc. (Physics - Final),PHYSICS,18-01-2026,PETER SOMAN,MEERA KHURANA,FREELANCER,03-06-2003,Female,OBC,,"H.NO. 109, GANESH CHOWK, TIRUPATI 116944","18, UPADHYAY ZILA, SANGLI-MIRAJ & KUPWAD-702003",DURG,C.G.,NO,jagratiseth@example.org,490193729250,,,,GRADUATION,2020,SCIENCE,98963564,393894251,CBSE,500,236,SECOND,47.2,
836/21485,NEHA JAIN,0146979989,B.Sc. Electronics,-,16-01-2026,HARSH SEHGAL,ANIKA KARA,CARPENTER,30-07-2001,Female,ST,,"H.NO. 92, BHALLA ZILA, HARIDWAR 089170","87, DHAWAN GANJ, KIRARI SULEMAN NAGAR-976347",NARAYANPUR,C.G.,NO,sanihenry@example.org,017144825198,,,,12TH,2023,SCIENCE,29234904,896222602,HEMCHAND YADAV UNIVERSITY,500,264,SECOND,52.8,
526/20051,EKTA SAMRA,3349400419,M.Sc. (Chemistry - Final),CHEMISTRY,16-01-2026,ANIRUDH BHATTI,PUSHTI GOLA,POLICE,15-06-2000,Female,ST,,"H.NO. 642, GHOSE ROAD, DURGAPUR-990725","H.NO. 707, MANN PATH, KARIMNAGAR 060940",RAJNANDGAON,C.G.,NO,qmallick@example.net,414297114840,,,,GRADUATION,2025,SCIENCE,77618996,422309684,STATE BOARD,500,227,SECOND,45.4,
119/82130,AYAAN PRABHU,2356632920,M.Sc. (Chemistry - Previous),CHEMISTRY,01-03-2026,NOAH RATTA,ARUNIMA PRABHU,ARTIST,03-07-2000,Male,OBC,,"915, DUGAR CHOWK, BELLARY 333235","62/69, LALLA CHOWK, MANGALORE-037279",MAHASAMUND,C.G.,NO,luke75@example.org,448459635808,,,,GRADUATION,2023,SCIENCE,77074418,004533771,HEMCHAND YADAV UNIVERSITY,500,279,SECOND,55.8,
981/51901,PAHAL SIDHU,6780297084,B.Sc. (Biology),BIOLOGY,17-03-2026,KEVIN GANDHI,HEMANGINI SANI,SHOPKEEPER,15-11-2004,Female,GEN,,"H.NO. 43, SHETTY PATH, SULTAN PUR MAJRA 823679","H.NO. 28, CONTRACTOR STREET, AHMEDNAGAR-161311",RAJNANDGAON,C.G.,YES,lohit84@example.net,685452282271,,,,12TH,2024,SCIENCE,96037473,791600059,CBSE,500,471,FIRST,94.2,
773/21123,DAMINI PURI,8514998104,M.Sc. (Computer Science - Previous),COMPUTER,25-01-2026,ABEER CHOUDHARY,YASHASVI SAMRA,SHOPKEEPER,16-06-2007,Female,GEN,,"326, PANDEY ZILA, BIKANER 543593","31/46, SHUKLA ROAD, WARANGAL 044230",BALOD,C.G.,NO,ykhosla@example.com,284888513498,,,,GRADUATION,2022,SCIENCE,73134072,236879759,STATE BOARD,500,239,SECOND,47.8,
737/53655,BRINDA KALE,1889305832,M.Sc. (Mathematics - Previous),MATHEMATICS,02-02-2026,NAKSH DHALIWAL,UPASNA SAMPATH,MECHANIC,25-10-2002,Female,SC,,"H.NO. 16, VERMA PATH, JALGAON-865347","10, CHADHA, KOLKATA 542688",JASHPUR,C.G.,NO,anthonytaneja@example.com,268983613161,,,,GRADUATION,2020,SCIENCE,81054858,940247028,STATE BOARD,500,268,SECOND,53.6,
149/85487,RIA BADAMI,7832737583,BBA (Bachelor of Business Administration),MANAGEMENT,13-01-2026,WAHAB RAVEL,CHARITA CHAR,CONSULTANT,21-09-2005,Female,OBC,,"48, AMBLE STREET, BETTIAH-568258","25, MADAN NAGAR, JODHPUR 404967",BIJAPUR,C.G.,YES,qthaman@example.net,313615785371,,,,12TH,2021,ARTS,21142819,420849489,STATE BOARD,500,275,SECOND,55.0,
944/92334,ADVIKA HANDA,2227590326,M.A. (Previous),ARTS,21-01-2026,PRANAV MANGAL,DAKSHA DOSHI,PRIVATE JOB,31-01-2001,Female,ST,,"46/83, KOSHY STREET, RAMPUR-024861","56/553, MUKHERJEE ZILA, PARBHANI-233960",BILASPUR,C.G.,YES,okumar@example.org,203834725908,,,,GRADUATION,2024,ARTS,00064852,079252472,STATE BOARD,500,294,SECOND,58.8,
522/39831,KIAAN RAJ,9360062178,M.Sc. (Botany - Final),BOTANY,11-01-2026,CHAKRADEV LANKA,CHANCHAL BHAT,DOCTOR,25-02-2005,Male,OBC,,"00, BORAH, DAVANAGERE 905631","H.NO. 553, NATT CIRCLE, GUDIVADA 329389",DURG,C.G.,YES,nishagrover@example.net,862385292452,,,,GRADUATION,2021,SCIENCE,19384085,897919036,STATE BOARD,500,328,FIRST,65.6,
481/67142,HARSH SHROFF,2134152330,B.Sc. IT (Information Technology),COMPUTER,07-02-2026,CHAKRADHAR AMBLE,YADAVI DUTTA,PLUMBER,24-12-2000,Male,OBC,,"H.NO. 655, GALA CHOWK, GUNA-268459","37/854, VENKATESH MARG, JABALPUR 820820",GARIABAND,C.G.,NO,tankishaan@example.net,508036026387,,,,12TH,2023,SCIENCE,64142759,182603017,CBSE,500,341,FIRST,68.2,
538/20490,VINAYA JAIN,6616733756,B.Sc. (Mathematics),MATHEMATICS,17-02-2026,KABIR MODY,WIDISHA PATHAK,LAWYER,19-02-2005,Female,ST,,"141, MEMON MARG, CUTTACK-620135","H.NO. 857, RAVI STREET, BIDAR 367809",RAJNANDGAON,C.G.,YES,chandmanbir@example.net,472930626798,,,,12TH,2021,SCIENCE,03615072,441909322,STATE BOARD,500,270,SECOND,54.0,
656/96384,VASUDHA DADA,0519933556,M.Sc. (Biotechnology - Final),-,12-01-2026,BALENDRA SOLANKI,LEELA RAJAGOPALAN,STUDENT,16-09-2005,Female,GEN,,"382, BUCH ROAD, NANDED-752915","36/77, KAPADIA STREET, SIKAR-758710",BALODA BAZAR,C.G.,NO,widishadubey@example.net,379186410157,,,,GRADUATION,2022,SCIENCE,20947529,549112322,STATE BOARD,500,407,FIRST,81.4,
622/20727,PARTH DUGAR,9942498536,B.Sc. Biotechnology,-,01-02-2026,AYAAN PRASHAD,WATIKA VARMA,GOVT EMPLOYEE,02-08-2003,Male,ST,,"H.NO. 98, SUBRAMANIAN PATH, GUDIVADA 050466","80, SHUKLA NAGAR, BHUSAWAL-848156",JANJGIR-CHAMPA,C.G.,NO,bobalfaraj@example.org,185131337535,,,,12TH,2022,SCIENCE,77236249,556255019,CBSE,500,487,FIRST,97.4,
492/61881,PRANAV KOTHARI,1013947598,BBA (Bachelor of Business Administration),MANAGEMENT,11-03-2026,NEEL OM,JANANI CONTRACTOR,SELF EMPLOYED,03-11-2002,Male,GEN,,"H.NO. 776, RATTA CHOWK, BIJAPUR 250393","00, CHAUDHARI ZILA, JAUNPUR 422830",SURGUJA,C.G.,NO,darsh25@example.net,821300799430,,,,12TH,2025,ARTS,56689362,796361440,CBSE,500,216,THIRD,43.2,
605/80528,NILIMA CHEEMA,4547274634,B.Sc. (Mathematics),MATHEMATICS,21-01-2026,AZAD SARAF,NIDHI THAMAN,ENGINEER,05-08-2008,Female,ST,,"67/36, BALAY, VADODARA-862032","603, GANESAN PATH, MACHILIPATNAM 316600",RAIGARH,C.G.,YES,janyabawa@example.net,281228051248,,,,12TH,2020,SCIENCE,82349510,939113697,STATE BOARD,500,499,FIRST,99.8,
161/84376,LIAM PARMER,1286155032,B.Sc. Micro Biology,BIOLOGY,14-02-2026,AYUSHMAN LAL,YAMINI RAVI,PRIVATE JOB,03-07-2000,Male,SC,,"H.NO. 65, GARDE PATH, BERHAMPORE-402598","H.NO. 76, SANDHU, OZHUKARAI-573936",MAHASAMUND,C.G.,YES,zaitrasachar@example.org,633020934555,,,,12TH,2023,SCIENCE,70440710,947491646,CBSE,500,425,FIRST,85.0,
861/90290,BHANUMATI BEN,2314315565,BCA (Bachelor of Computer Applications),COMPUTER,25-01-2026,MANTHAN BARAL,MITALI LOYAL,TEACHER,21-10-2005,Female,SC,,"H.NO. 90, PADMANABHAN ROAD, SINGRAULI 138773","72/34, BARIA ROAD, GORAKHPUR-697735",RAIPUR,C.G.,YES,chakradevbasu@example.org,060714494526,,,,12TH,2025,ARTS,36019538,037332972,HEMCHAND YADAV UNIVERSITY,500,329,FIRST,65.8,
201/30800,AARNA BANDI,5520754143,M.Sc. (Physics - Final),PHYSICS,05-01-2026,TEJAS BHATNAGAR,DEEPA DORA,ELECTRICIAN,16-09-2001,Female,ST,,"12/518, PARMAR GANJ, KARAIKUDI 288649","67/645, GOUR NAGAR, SERAMPORE 412207",KORBA,C.G.,NO,sankaranmahika@example.net,755460941934,,,,GRADUATION,2022,SCIENCE,86115053,246315547,STATE BOARD,500,219,THIRD,43.8,
762/74809,NATHAN BEN,2213856548,M.A. (Previous),ARTS,20-01-2026,QARIN NAGARAJAN,SHIVANI WABLE,LAWYER,23-08-2004,Male,GEN,,"18/96, SINGHAL GANJ, ANAND-997527","48/034, BIR NAGAR, JALGAON-369690",KORBA,C.G.,YES,gkunda@example.org,063066742543,,,,GRADUATION,2024,ARTS,72803443,705165350,HEMCHAND YADAV UNIVERSITY,500,397,FIRST,79.4,
188/83385,WYATT MINHAS,0876974148,B.Sc. Computer Science,COMPUTER,05-01-2026,QARIN MEMON,VYANJANA KHARE,LABOUR,04-08-2004,Male,ST,,"H.NO. 26, VARMA NAGAR, AMBALA-940579","H.NO. 36, REDDY MARG, JEHANABAD 548862",SUKMA,C.G.,NO,nilimarastogi@example.net,271394683234,,,,12TH,2022,SCIENCE,68098535,463947186,CBSE,500,297,SECOND,59.4,
331/45134,DAKSHA MODY,2373335991,B.Com.,COMMERCE,05-02-2026,PRANEEL KOHLI,SIYA SWAMINATHAN,PRIVATE JOB,05-01-2005,Female,ST,,"H.NO. 32, KRISHNAMURTHY ZILA, PUDUKKOTTAI 958502","139, COMAR STREET, VIJAYAWADA-813273",SUKMA,C.G.,NO,saranchanakya@example.com,460310958138,,,,12TH,2024,COMMERCE,32646359,662383433,HEMCHAND YADAV UNIVERSITY,500,462,FIRST,92.4,
619/64777,ONVEER IYER,6873325995,M.Sc. (Biotechnology - Previous),-,01-01-2026,ADVAY NATH,VYANJANA VIG,DOCTOR,04-01-2002,Male,OBC,,"453, GOYAL PATH, JORHAT-887035","73/573, NATT GANJ, GHAZIABAD-875969",NARAYANPUR,C.G.,YES,utkarsh41@example.com,877454361663,,,,GRADUATION,2023,SCIENCE,81059522,999105217,HEMCHAND YADAV UNIVERSITY,500,340,FIRST,68.0,
638/86679,VIVAAN WALLA,9618065249,M.Sc. (Physics - Previous),PHYSICS,24-02-2026,SAI ZACHARIAH,ONI DARA,NURSE,08-10-2007,Male,GEN,,"33/59, RAU PATH, NORTH DUMDUM 868379","76/90, NARULA ZILA, BULANDSHAHR-633579",KORBA,C.G.,YES,soniurmi@example.org,280504695808,,,,GRADUATION,2025,SCIENCE,08383251,521680206,CBSE,500,300,FIRST,60.0,
760/77791,JAGVI GHOSH,5090878619,B.Sc. (Mathematics),MATHEMATICS,16-01-2026,HITESH HANDA,AMRITA THAKKAR,DOCTOR,16-06-2008,Female,ST,,"85/69, VYAS GANJ, AMBARNATH 309986","35/120, D’ALIA CIRCLE, GANGTOK 059788",BALOD,C.G.,YES,irakhare@example.com,002576394281,,,,12TH,2025,SCIENCE,63442923,765535432,HEMCHAND YADAV UNIVERSITY,500,438,FIRST,87.6,
432/11113,SIMON HANS,5570176807,B.Sc. Computer Science,COMPUTER,25-02-2026,ISHAAN DIXIT,MAYA GOUR,TEACHER,02-08-2002,Male,GEN,,"698, TELLA PATH, ADONI 640275","59, CHANDER NAGAR, SERAMPORE-175193",RAIGARH,C.G.,NO,karupasna@example.org,898697258996,,,,12TH,2020,SCIENCE,22972381,417401571,HEMCHAND YADAV UNIVERSITY,500,430,FIRST,86.0,
164/58488,BAHADURJIT REDDY,3141399369,B.Sc. Computer Science,COMPUTER,13-03-2026,CHAMPAK BEN,IKSHITA BASSI,POLICE,31-03-2006,Male,GEN,,"87, PRADHAN STREET, BHIWANI-692397","31/89, GOEL CHOWK, REWA-910156",RAJNANDGAON,C.G.,YES,vihaan42@example.com,469714091295,,,,12TH,2022,SCIENCE,48939579,747904986,CBSE,500,380,FIRST,76.0,
608/77830,KRISHA PANDIT,7603702286,M.Sc. (Chemistry - Final),CHEMISTRY,21-02-2026,CHAKRADHAR PURI,AAHANA GALA,STUDENT,29-09-2002,Female,GEN,,"H.NO. 450, CHAWLA ROAD, KHORA  398364","71, GROVER NAGAR, AHMEDABAD 667685",RAIPUR,C.G.,NO,indaliramesh@example.com,260876381393,,,,GRADUATION,2024,SCIENCE,96896739,067845708,HEMCHAND YADAV UNIVERSITY,500,390,FIRST,78.0,
268/85987,BISHAKHA DIXIT,3248894096,M.Sc. (Chemistry - Previous),CHEMISTRY,07-02-2026,ZAID DHILLON,YASHODHARA MANNAN,POLICE,11-06-2008,Female,ST,,"26, BHARDWAJ NAGAR, AMRITSAR-797981","324, DEVI MARG, PATIALA-888447",RAJNANDGAON,C.G.,NO,harinipalan@example.org,866967854277,,,,GRADUATION,2023,SCIENCE,62959925,271865968,HEMCHAND YADAV UNIVERSITY,500,258,SECOND,51.6,
639/81710,QARIN SETHI,0681188306,BAJMC (Bachelor of Arts in Journalism & Mass Communication),COMMERCE,06-01-2026,DARPAN DHALIWAL,WISHI SARIN,ACCOUNTANT,18-03-2001,Male,GEN,,"581, KALE PATH, JALGAON-880868","45/98, MAMMEN ROAD, AHMEDABAD 227366",BILASPUR,C.G.,YES,beraekalinga@example.net,501035523879,,,,12TH,2021,ARTS,15723954,866658507,STATE BOARD,500,420,FIRST,84.0,
356/11767,ODIKA RAMESH,6928748669,M.Com. (Previous),COMMERCE,15-02-2026,NATHANIEL KRISHNAN,MOHINI KONDA,CONSULTANT,06-08-2000,Female,SC,,"05/759, DUGAR CIRCLE, PHUSRO-484656","H.NO. 44, OOMMEN GANJ, GANDHIDHAM 783933",RAIPUR,C.G.,YES,shererayaan@example.com,476520123855,,,,GRADUATION,2025,COMMERCE,83093391,513940776,HEMCHAND YADAV UNIVERSITY,500,302,FIRST,60.4,
489/27912,DAYITA REGE,4301064119,M.Sc. (Computer Science - Final),COMPUTER,03-03-2026,ARJUN MALHOTRA,KALA BAHRI,DRIVER,03-11-2003,Female,GEN,,"H.NO. 91, SUNDER STREET, BERHAMPORE 003211","49/662, DUBEY GANJ, TIRUPATI-023943",BASTAR,C.G.,NO,pathakdev@example.net,142802322299,,,,GRADUATION,2022,SCIENCE,51744813,217554325,HEMCHAND YADAV UNIVERSITY,500,285,SECOND,57.0,
514/34102,ISHAAN BAHL,2870341398,M.Sc. (Zoology - Previous),ZOOLOGY,21-02-2026,LIAM KHATRI,BARKHA KURIAN,ENGINEER,20-06-2008,Male,SC,,"H.NO. 71, BRAHMBHATT CIRCLE, ALIGARH 023431","31/20, YADAV PATH, CHENNAI-556565",JANJGIR-CHAMPA,C.G.,YES,irajagopal@example.net,322817511960,,,,GRADUATION,2021,SCIENCE,98880388,574149003,CBSE,500,276,SECOND,55.2,
394/46339,JACKSON RAMASWAMY,6647793385,B.Sc. Computer Science,COMPUTER,13-02-2026,MICHAEL LALLA,NISHA CHAKRABARTI,LAWYER,31-10-2001,Male,OBC,,"06, CHADHA NAGAR, TIRUVOTTIYUR-462881","642, RAMACHANDRAN ROAD, NANDYAL-658722",BILASPUR,C.G.,NO,oyadav@example.com,528289783734,,,,12TH,2021,SCIENCE,89855307,982257649,HEMCHAND YADAV UNIVERSITY,500,264,SECOND,52.8,
874/16043,OMYA KAKAR,5029082975,M.Sc. (Physics - Final),PHYSICS,09-03-2026,ONVEER CHAND,KALA BASSI,SHOPKEEPER,15-08-2008,Female,OBC,,"180, MEMON MARG, ICHALKARANJI-736230","20/07, DEWAN PATH, GUDIVADA 760659",BALODA BAZAR,C.G.,YES,hemani61@example.net,696636004767,,,,GRADUATION,2024,SCIENCE,37203410,362320297,HEMCHAND YADAV UNIVERSITY,500,211,THIRD,42.2,
185/28848,YASHODHARA JANI,8655427185,M.Com. (Final),COMMERCE,02-01-2026,THEODORE BAVA,SANAYA KHANNA,CONSULTANT,25-09-2000,Female,ST,,"H.NO. 53, BHARGAVA ZILA, SRIKAKULAM-317227","H.NO. 85, GREWAL NAGAR, BHUBANESWAR 138812",NARAYANPUR,C.G.,YES,kbose@example.org,467493517378,,,,GRADUATION,2021,COMMERCE,41176190,208531452,STATE BOARD,500,309,FIRST,61.8,
462/66109,VRITTI DESHMUKH,9278247495,M.Sc. (Botany - Previous),BOTANY,07-01-2026,ANDREW TRIPATHI,KRITIKA DUGAR,CARPENTER,10-01-2005,Female,OBC,,"H.NO. 87, WALI PATH, ALAPPUZHA 991718","H.NO. 587, PRABHAKAR STREET, SOUTH DUMDUM-717923",RAIGARH,C.G.,YES,zashilchoudhry@example.com,013209809999,,,,GRADUATION,2025,SCIENCE,94085673,671351867,HEMCHAND YADAV UNIVERSITY,500,387,FIRST,77.4,
502/31523,WARJAS LAD,9097223628,B.Sc. Micro Biology,BIOLOGY,14-03-2026,SAI RAJA,WARDA DIVAN,ELECTRICIAN,05-03-2007,Male,GEN,,"09/90, D’ALIA ZILA, BONGAIGAON-719265","10/18, MALL STREET, PUNE-421887",GARIABAND,C.G.,NO,subramanianamrita@example.com,104527920208,,,,12TH,2025,SCIENCE,10187806,540691946,STATE BOARD,500,220,THIRD,44.0,
766/15586,CHANDRAN IYER,5431081959,BBA (Bachelor of Business Administration),MANAGEMENT,30-01-2026,CHAMPAK DANI,MOHINI NATARAJAN,CONSULTANT,09-01-2006,Male,OBC,,"504, BAHRI NAGAR, KARIMNAGAR-376739","H.NO. 599, BORRA STREET, KULTI-279662",BALOD,C.G.,NO,klal@example.net,512968030696,,,,12TH,2025,ARTS,33002758,011675481,STATE BOARD,500,499,FIRST,99.8,
983/19317,ZAID MITAL,6233643339,M.Sc. (Zoology - Final),ZOOLOGY,25-02-2026,UPKAAR DESAI,YASHICA MISHRA,STUDENT,17-11-2004,Male,OBC,,"H.NO. 047, RATTAN ROAD, NAIHATI-027426","57/55, DAS MARG, RAMPUR-998325",BASTAR,C.G.,YES,zaidbajaj@example.org,626694886677,,,,GRADUATION,2023,SCIENCE,72459648,561478952,HEMCHAND YADAV UNIVERSITY,500,475,FIRST,95.0,
894/51203,YAGNESH NAGY,2404405779,M.Sc. (Zoology - Previous),ZOOLOGY,17-02-2026,IKBAL SUNDER,ESHANA KRISHNAN,TEACHER,24-02-2007,Male,OBC,,"78/319, MUKHOPADHYAY PATH, KARAWAL NAGAR 332049","30, PUROHIT PATH, KOCHI-293208",BASTAR,C.G.,YES,darvictor@example.net,213683785789,,,,GRADUATION,2021,SCIENCE,96558306,017060259,STATE BOARD,500,409,FIRST,81.8,
686/79509,REVA DUBEY,3328394557,M.Sc. (Computer Science - Final),COMPUTER,03-02-2026,GIRISH VAIDYA,JALSA SHAN,PLUMBER,19-10-2003,Female,SC,,"234, DIVAN CIRCLE, MALDA 764250","H.NO. 133, DE CHOWK, SIRSA 426342",RAIPUR,C.G.,NO,deshmukhchandani@example.com,165029766471,,,,GRADUATION,2024,SCIENCE,73173961,930788151,STATE BOARD,500,476,FIRST,95.2,
452/51284,CHAKRIKA RATTA,9639642140,M.Sc. (Chemistry - Final),CHEMISTRY,28-02-2026,CHRISTOPHER CHAND,OJASVI WALIA,LAWYER,27-09-2005,Female,OBC,,"293, TAILOR CHOWK, RAIGANJ-399910","25/12, LANKA NAGAR, SASARAM 167036",BALRAMPUR,C.G.,YES,maanavsahni@example.org,763022101701,,,,GRADUATION,2025,SCIENCE,45578186,557814990,HEMCHAND YADAV UNIVERSITY,500,494,FIRST,98.8,
936/83008,OVIYA SULE,2080004437,BBA (Bachelor of Business Administration),MANAGEMENT,07-01-2026,AAYUSH PANT,YASHAWINI KALITA,ENGINEER,18-09-2001,Female,ST,,"H.NO. 69, DE PATH, ORAI 789542","H.NO. 684, KALLA ZILA, SAMBALPUR 954387",BASTAR,C.G.,YES,onisur@example.org,065311497960,,,,12TH,2022,ARTS,13441489,795352589,HEMCHAND YADAV UNIVERSITY,500,403,FIRST,80.6,
817/71139,SHRAVYA PANDYA,6857204210,BBA (Bachelor of Business Administration),MANAGEMENT,08-02-2026,MICHAEL GUHA,DAYITA DADA,BUSINESS,03-05-2007,Female,ST,,"994, KARPE NAGAR, GHAZIABAD-806665","18/235, SRIDHAR PATH, BERHAMPORE-655123",SURGUJA,C.G.,YES,jdubey@example.com,429435208969,,,,12TH,2021,ARTS,22229641,601605757,HEMCHAND YADAV UNIVERSITY,500,290,SECOND,58.0,
247/79961,OMISHA SABHARWAL,9686703676,M.Sc. (Zoology - Previous),ZOOLOGY,15-03-2026,KRISH SABHARWAL,YAUVANI PATLA,FREELANCER,23-02-2006,Female,SC,,"H.NO. 42, KUNDA ROAD, NANDED 743445","H.NO. 40, MITAL GANJ, AVADI-682550",DURG,C.G.,NO,banjeet67@example.com,555182098321,,,,GRADUATION,2021,SCIENCE,23391770,361342270,CBSE,500,352,FIRST,70.4,
988/65982,MEGHANA PANDEY,9065778174,M.Sc. (Mathematics - Final),MATHEMATICS,11-01-2026,KALPIT RAO,UPASNA RANGANATHAN,PRIVATE JOB,03-04-2006,Female,ST,,"236, PILLAY STREET, BUXAR 930313","62, GULATI STREET, JAMNAGAR-361805",SURGUJA,C.G.,NO,hayreradha@example.org,186199369732,,,,GRADUATION,2020,SCIENCE,50137106,817029645,CBSE,500,485,FIRST,97.0,
975/12984,JAGVI SUR,7992690380,B.Lib (Bachelor of Library Science),LIBRARY SCIENCE,07-01-2026,JATIN DHILLON,MAHIKA MANGAT,SELF EMPLOYED,03-12-2001,Female,OBC,,"00/98, BALA CIRCLE, GIRIDIH-674069","38, AGATE CHOWK, REWA 539101",NARAYANPUR,C.G.,YES,varenyagrewal@example.org,595902529331,,,,12TH,2025,ARTS,77608878,050026561,STATE BOARD,500,317,FIRST,63.4,
410/88738,FARAJ MORE,9893309317,B.A.,ARTS,19-01-2026,ELIJAH SESHADRI,EIRAVATI KADAKIA,TEACHER,23-03-2002,Male,OBC,,"52/23, SEKHON GANJ, SAMBHAL-880385","H.NO. 23, SHUKLA ZILA, ALWAR 572423",SUKMA,C.G.,YES,chaitanyavaidya@example.net,523345660624,,,,12TH,2022,ARTS,03572554,881949633,HEMCHAND YADAV UNIVERSITY,500,375,FIRST,75.0,
730/28023,ANSH BAWA,5571686330,B.Sc. (Biology),BIOLOGY,07-02-2026,BALVAN VARUGHESE,ODIKA GOPAL,ELECTRICIAN,22-04-2004,Male,OBC,,"76, BAJAJ MARG, MUZAFFARNAGAR 798787","H.NO. 56, GOSWAMI MARG, DEHRI-439674",BALODA BAZAR,C.G.,YES,qadimbobal@example.org,316754581597,,,,12TH,2021,SCIENCE,14709914,931171064,STATE BOARD,500,352,FIRST,70.4,
510/33054,NAKSH BALAKRISHNAN,1562762952,M.Sc. (Computer Science - Previous),COMPUTER,25-01-2026,FARAJ KAR,HARITA DUGAL,TEACHER,10-02-2001,Male,ST,,"H.NO. 09, PRAKASH CIRCLE, NADIAD-487765","206, DEVI NAGAR, RAEBARELI 814098",NARAYANPUR,C.G.,NO,udube@example.org,855264411486,,,,GRADUATION,2022,SCIENCE,59223072,930661513,HEMCHAND YADAV UNIVERSITY,500,202,THIRD,40.4,
495/23231,BRIJESH WAGLE,4038215117,M.Sc. (Botany - Final),BOTANY,19-03-2026,NAVEEN WALIA,NIRJA KANNAN,ARMY PERSONNEL,11-10-2003,Male,OBC,,"05/259, SHETTY ZILA, JAIPUR-443813","53, VIRK MARG, LONI-473427",BALRAMPUR,C.G.,NO,ektadixit@example.com,226300613767,,,,GRADUATION,2021,SCIENCE,91792620,308936600,HEMCHAND YADAV UNIVERSITY,500,333,FIRST,66.6,
393/74466,AASHI GOPAL,1429111121,M.Sc. (Botany - Previous),BOTANY,15-03-2026,KARAN PATEL,ARADHANA SAHOTA,TEACHER,23-04-2008,Female,SC,,"67, MANNAN CHOWK, BILASPUR-983655","04/305, MAHAJAN MARG, CHANDIGARH-261882",BEMETARA,C.G.,YES,nrau@example.com,291023027470,,,,GRADUATION,2021,SCIENCE,37319397,703776671,CBSE,500,292,SECOND,58.4,
951/13438,PRIYA SRINIVASAN,7912975782,M.Sc. (Zoology - Final),ZOOLOGY,06-03-2026,OM DEOL,DIYA KUMAR,BUSINESS,26-06-2000,Female,SC,,"H.NO. 27, BORRA ZILA, SHIMOGA 073681","55, SACHAR ZILA, BEGUSARAI 484175",BIJAPUR,C.G.,NO,ayaanbandi@example.net,073699958708,,,,GRADUATION,2020,SCIENCE,29267911,598040477,STATE BOARD,500,281,SECOND,56.2,
675/81350,TANAY TELLA,5517692442,B.Sc. (Biology),BIOLOGY,25-02-2026,AADI MUKHOPADHYAY,EIRAVATI SHETTY,TEACHER,20-02-2003,Male,SC,,"458, WALI ZILA, MANGALORE-665133","H.NO. 36, GOLA MARG, MAU 567417",BASTAR,C.G.,YES,netra99@example.org,087173356168,,,,12TH,2024,SCIENCE,45030548,658051630,STATE BOARD,500,382,FIRST,76.4,
975/70201,YAGNESH VARKEY,2413637013,M.Sc. (Zoology - Previous),ZOOLOGY,01-03-2026,HENRY BASSI,AVNI MANDER,FARMER,23-06-2003,Male,SC,,"682, KAKAR PATH, VIJAYAWADA-969715","59/985, PAI MARG, KHARAGPUR-237701",BALOD,C.G.,YES,anthonyanne@example.com,548968342929,,,,GRADUATION,2023,SCIENCE,41102078,952983393,HEMCHAND YADAV UNIVERSITY,500,331,FIRST,66.2,
720/13923,UMANG BANIK,9472566977,B.Com.,COMMERCE,11-03-2026,RANBIR BOSE,IJAYA KAUL,ARMY PERSONNEL,01-08-2000,Male,ST,,"340, BADAL MARG, TADEPALLIGUDEM-511752","55/61, BOASE PATH, ETAWAH 903456",GARIABAND,C.G.,YES,sachdeveesha@example.net,271634067993,,,,12TH,2021,COMMERCE,20924091,764834044,HEMCHAND YADAV UNIVERSITY,500,227,SECOND,45.4,
281/52746,UBIKA DANI,3558686897,M.Sc. (Mathematics - Previous),MATHEMATICS,22-01-2026,BALJIWAN RAMACHANDRAN,YOCHANA MITRA,SHOPKEEPER,02-12-2001,Female,SC,,"H.NO. 65, VARKEY ROAD, BETTIAH 524257","81, RANDHAWA CHOWK, AJMER 135711",RAIPUR,C.G.,NO,dakshesh66@example.net,677569658970,,,,GRADUATION,2025,SCIENCE,10246614,855654512,STATE BOARD,500,446,FIRST,89.2,
552/93412,CHARVI BORRA,2133308720,M.Sc. (Zoology - Final),ZOOLOGY,01-02-2026,RONITH KANDA,BIMALA DHAR,FREELANCER,28-07-2008,Female,OBC,,"H.NO. 73, NATT MARG, TUMKUR-130195","64/113, SAMA ROAD, TINSUKIA 279046",DURG,C.G.,NO,eshanamandal@example.org,663872998461,,,,GRADUATION,2022,SCIENCE,75093893,607579007,STATE BOARD,500,411,FIRST,82.2,
483/61903,URVI DUGAR,7435593692,B.A.,ARTS,17-01-2026,BENJAMIN KARAN,BHAVIKA DASH,FARMER,14-01-2001,Female,SC,,"96/11, SWAMINATHAN CIRCLE, DHARMAVARAM-318063","54, ACHARYA, GUDIVADA-104659",BALODA BAZAR,C.G.,YES,devansh57@example.org,911017289560,,,,12TH,2021,ARTS,91509824,608316874,CBSE,500,333,FIRST,66.6,
406/86202,RIDHI DOSHI,3800003447,BBA (Bachelor of Business Administration),MANAGEMENT,06-03-2026,WARJAS BANERJEE,VRISHTI SATHE,ARMY PERSONNEL,01-02-2003,Female,OBC,,"64, DORA ROAD, LATUR-458413","63/57, DADA GANJ, SILIGURI-048379",KORBA,C.G.,YES,yamininagi@example.net,053365084260,,,,12TH,2021,ARTS,63572992,843595308,CBSE,500,334,FIRST,66.8,
466/68376,RAAGINI BRAR,8016448456,B.Sc. Biotechnology,-,31-01-2026,CHAKRADHAR GOLLA,PALLAVI REGE,PRIVATE JOB,11-06-2008,Female,GEN,,"69/23, VASA, HARIDWAR-070508","H.NO. 32, GHOSH STREET, FIROZABAD 010779",BALRAMPUR,C.G.,YES,samiayushman@example.org,782842643242,,,,12TH,2024,SCIENCE,83637071,757331036,CBSE,500,441,FIRST,88.2,
548/59264,RAYAAN MURTHY,5043056251,B.Sc. Biotechnology,-,23-02-2026,ANAY RAMACHANDRAN,URMI RAMASWAMY,CONSULTANT,24-04-2001,Male,ST,,"23/862, OOMMEN PATH, SIKAR-834661","16/74, RAMA, PONDICHERRY 379574",DURG,C.G.,NO,raksha74@example.org,892289085974,,,,12TH,2021,SCIENCE,95535888,786867568,CBSE,500,338,FIRST,67.6,
276/14496,UTKARSH ATWAL,8062075687,B.Sc. IT (Information Technology),COMPUTER,07-01-2026,GABRIEL BALA,BRINDA NAGY,DRIVER,27-01-2007,Male,ST,,"85/826, OM NAGAR, LUCKNOW-736880","H.NO. 55, SARKAR MARG, TADIPATRI-901277",RAJNANDGAON,C.G.,NO,cagarwal@example.org,566602272096,,,,12TH,2024,SCIENCE,60298232,346332870,CBSE,500,331,FIRST,66.2,
844/82211,CHAITANYA AMBLE,8414129358,B.Sc. Biotechnology,-,14-03-2026,ADVAY MITRA,LADLI BATRA,TEACHER,22-11-2001,Male,OBC,,"263, THAMAN STREET, GWALIOR 219351","65/60, KUNDA PATH, AMBARNATH-481804",RAJNANDGAON,C.G.,NO,anirudh00@example.net,788495602240,,,,12TH,2020,SCIENCE,43112467,210643918,CBSE,500,334,FIRST,66.8,
774/52000,TURVI LATA,7642427214,BCA (Bachelor of Computer Applications),COMPUTER,25-02-2026,VEER KHOSLA,AMRUTA UPADHYAY,ARMY PERSONNEL,10-02-2009,Female,ST,,"61/55, BHATIA GANJ, LUCKNOW-049712","68/93, BUCH CIRCLE, NAVI MUMBAI-594339",BASTAR,C.G.,YES,wardasibal@example.net,662438714109,,,,12TH,2023,ARTS,14436747,548843580,CBSE,500,395,FIRST,79.0,
787/24666,KEVIN BANIK,3447051512,M.Sc. (Mathematics - Final),MATHEMATICS,21-01-2026,GAVIN DHAWAN,BIMALA BALAN,BUSINESS,21-06-2006,Male,ST,,"H.NO. 499, KALLA PATH, ULUBERIA 187539","11/05, YADAV CIRCLE, HAPUR 691302",KONDAGAON,C.G.,NO,madhavthakur@example.net,274580650341,,,,GRADUATION,2020,SCIENCE,19811707,711222352,HEMCHAND YADAV UNIVERSITY,500,399,FIRST,79.8,
359/18328,MATTHEW KOHLI,1740331762,M.Com. (Final),COMMERCE,14-03-2026,OLIVER BHARDWAJ,NIRJA RADHAKRISHNAN,RETIRED,06-10-2006,Male,GEN,,"071, HARI, TINSUKIA 306906","01/09, KRISHNAN CHOWK, VIJAYANAGARAM-141171",BIJAPUR,C.G.,NO,memonsudiksha@example.org,102638514666,,,,GRADUATION,2023,COMMERCE,38507324,884651285,STATE BOARD,500,355,FIRST,71.0,
666/10967,ADVIK SHAH,4691119531,M.Sc. (Botany - Previous),BOTANY,06-02-2026,REHAAN HAYRE,FORUM GOEL,CARPENTER,18-01-2007,Male,ST,,"617, KUMER NAGAR, PHAGWARA-848600","H.NO. 79, UPADHYAY MARG, FARIDABAD 998583",KOREA,C.G.,YES,saggarwal@example.org,121037198090,,,,GRADUATION,2021,SCIENCE,33401040,484715418,STATE BOARD,500,246,SECOND,49.2,
175/27433,VRINDA KARI,6645336724,B.Lib (Bachelor of Library Science),LIBRARY SCIENCE,07-03-2026,BENJAMIN BARIA,YASTI SUBRAMANIAM,GOVT EMPLOYEE,06-10-2008,Female,SC,,"H.NO. 82, VORA NAGAR, KOCHI-041425","93, BUCH, JAIPUR-806671",KONDAGAON,C.G.,NO,jeremiah78@example.com,555147702447,,,,12TH,2025,ARTS,47161764,517528669,HEMCHAND YADAV UNIVERSITY,500,424,FIRST,84.8,
734/73245,LABAN ANAND,6350735903,M.Sc. (Botany - Previous),BOTANY,14-03-2026,DAVID BHAKTA,YASTI MANGAL,DRIVER,21-06-2000,Male,ST,,"H.NO. 916, SOM STREET, AMRITSAR 541820","49/23, HAYRE STREET, ORAI 576495",KORBA,C.G.,NO,dbala@example.com,592883223350,,,,GRADUATION,2024,SCIENCE,85454030,035976821,CBSE,500,420,FIRST,84.0,
538/83532,KAMALA VORA,0976922973,M.Sc. (Mathematics - Final),MATHEMATICS,15-01-2026,FARAJ SHROFF,RADHA RATTAN,NURSE,29-05-2006,Female,OBC,,"H.NO. 46, THAKKAR CHOWK, CHITTOOR 925346","37, HORA CHOWK, KARNAL-703882",BEMETARA,C.G.,NO,ramachandranmanbir@example.com,126750532715,,,,GRADUATION,2023,SCIENCE,40883145,261374525,STATE BOARD,500,232,SECOND,46.4,
994/95735,NATHANIEL KIBE,9908078284,PGDCA (Post Graduate Diploma in Computer Applications),COMPUTER,05-02-2026,MANAN PALLA,VRISHTI PATLA,SELF EMPLOYED,01-12-2003,Male,OBC,,"69/173, LATA CIRCLE, UDUPI-237468","09, SURA STREET, DEOGHAR-683729",BEMETARA,C.G.,YES,pdhingra@example.net,413733000679,,,,GRADUATION,2022,ARTS,68391304,566517679,CBSE,500,366,FIRST,73.2,
958/83917,NIKITA MURTY,7649083489,M.Sc. (Botany - Previous),BOTANY,03-01-2026,EKAVIR RAI,CHAMAN TAILOR,SELF EMPLOYED,26-05-2007,Female,ST,,"H.NO. 40, MERCHANT NAGAR, AMRITSAR 082501","00, SARKAR MARG, BHIWANDI 093793",JANJGIR-CHAMPA,C.G.,NO,leelanatt@example.net,268778790781,,,,GRADUATION,2023,SCIENCE,93293930,025371857,STATE BOARD,500,306,FIRST,61.2,
831/88112,NEELIMA BAHRI,5926899945,B.Sc. Micro Biology,BIOLOGY,01-02-2026,YASH GABA,HEMA GULATI,LAWYER,12-02-2002,Female,OBC,,"93/436, BHATT STREET, BUXAR-511607","04/30, MORE PATH, SERAMPORE 029951",SUKMA,C.G.,YES,reyansh03@example.net,448003510261,,,,12TH,2022,SCIENCE,47946176,454172852,CBSE,500,341,FIRST,68.2,
134/31959,DALBIR DUA,7568510371,B.Sc. Micro Biology,BIOLOGY,18-03-2026,ANMOL MAMMEN,CHARVI BALAN,DOCTOR,08-09-2001,Male,ST,,"70/430, BERA ROAD, DANAPUR-438476","30/18, DEY CIRCLE, JEHANABAD-221464",BALODA BAZAR,C.G.,NO,sagarpriya@example.net,434095104184,,,,12TH,2022,SCIENCE,56703818,203745959,HEMCHAND YADAV UNIVERSITY,500,394,FIRST,78.8,
380/36500,VRINDA HAYER,9622063726,B.Sc. Micro Biology,BIOLOGY,27-02-2026,UTKARSH RAJAN,PRIYA VENKATARAMAN,RETIRED,13-03-2007,Female,OBC,,"28/67, KHANNA PATH, GANGTOK 124622","37, SANKAR ZILA, KHAMMAM 003288",KANKER,C.G.,NO,samesh84@example.net,525852914722,,,,12TH,2023,SCIENCE,23661735,674484982,STATE BOARD,500,350,FIRST,70.0,
171/57071,PALLAVI SAMRA,7746211475,M.Sc. (Physics - Previous),PHYSICS,03-03-2026,ZASHIL RAMAKRISHNAN,OMYA BALAN,PLUMBER,15-05-2004,Female,OBC,,"H.NO. 33, DEVAN PATH, SINGRAULI 150277","69/364, PANCHAL NAGAR, ALIGARH 201051",KANKER,C.G.,YES,kallaaryan@example.net,986056926929,,,,GRADUATION,2021,SCIENCE,75890032,089616101,HEMCHAND YADAV UNIVERSITY,500,231,SECOND,46.2,
396/72126,ZAYAN MURTHY,6571926495,B.Lib (Bachelor of Library Science),LIBRARY SCIENCE,15-01-2026,ATHARV SARKAR,YOSHITA ACHARYA,DOCTOR,11-10-2006,Male,GEN,,"H.NO. 762, HALDER CIRCLE, NANDED 585471","98/503, SANGHVI ZILA, MAU-554891",BALOD,C.G.,YES,nkhosla@example.com,338231229895,,,,12TH,2022,ARTS,52513435,492189650,STATE BOARD,500,257,SECOND,51.4,
646/41652,SARTHAK NARULA,4369412350,B.A.,ARTS,20-02-2026,MATTHEW VORA,ETA MAHAL,CARPENTER,26-10-2001,Male,SC,,"29/09, CHAND NAGAR, TUMKUR 944773","H.NO. 953, OM ROAD, VARANASI 715110",NARAYANPUR,C.G.,NO,ghans@example.net,670570484113,,,,12TH,2022,ARTS,22086424,658983555,STATE BOARD,500,427,FIRST,85.4,
618/65481,XALAK BERA,1566003098,M.Sc. (Mathematics - Final),MATHEMATICS,19-02-2026,HARRISON KATA,AASHI SURA,PRIVATE JOB,05-11-2000,Female,OBC,,"H.NO. 623, KAKAR, JEHANABAD 682887","H.NO. 58, BHAGAT CIRCLE, MADHYAMGRAM 035296",KANKER,C.G.,NO,cherianzayan@example.org,608352567638,,,,GRADUATION,2024,SCIENCE,11354586,455125704,HEMCHAND YADAV UNIVERSITY,500,338,FIRST,67.6,
352/59598,LUKE SOOD,9809706354,M.Sc. (Botany - Final),BOTANY,12-02-2026,TIMOTHY CHOUDHRY,JYOTI MERCHANT,ELECTRICIAN,09-08-2007,Male,ST,,"40, AHUJA PATH, NAGPUR-322262","12, SAMA GANJ, BALLY 939715",BALODA BAZAR,C.G.,NO,janaki77@example.com,581304880743,,,,GRADUATION,2021,SCIENCE,32598927,252454869,STATE BOARD,500,356,FIRST,71.2,
280/99336,AASHI MAJUMDAR,4430450617,M.Sc. (Computer Science - Previous),COMPUTER,17-03-2026,JAGAT KOHLI,ANAMIKA NANDA,NURSE,26-10-2002,Female,SC,,"57, BHAT NAGAR, HINDUPUR 474349","88/532, BAIL ZILA, IMPHAL 173006",BIJAPUR,C.G.,NO,nitarawarrior@example.net,626128498812,,,,GRADUATION,2024,SCIENCE,88503212,368378646,STATE BOARD,500,371,FIRST,74.2,
793/53192,KALPIT GOLA,2215623930,BAJMC (Bachelor of Arts in Journalism & Mass Communication),COMMERCE,12-03-2026,BAKHSHI GANESAN,UNNATI DATTA,POLICE,09-09-2001,Male,SC,,"33/065, BAKSHI NAGAR, ROHTAK 602627","420, MANE NAGAR, TEZPUR 784329",RAIGARH,C.G.,NO,yachanamohan@example.org,026270168209,,,,12TH,2022,ARTS,06279240,036647600,STATE BOARD,500,281,SECOND,56.2,
770/59271,FREDERICK BADAL,2105862897,M.Com. (Previous),COMMERCE,24-02-2026,ISAAC OOMMEN,UDYATI MISTRY,SHOPKEEPER,27-02-2008,Male,ST,,"42, WALLA NAGAR, SAHARSA 878406","H.NO. 90, KAPOOR, BANGALORE 485017",RAJNANDGAON,C.G.,NO,xbaral@example.org,256187286528,,,,GRADUATION,2025,COMMERCE,83199352,755595607,HEMCHAND YADAV UNIVERSITY,500,432,FIRST,86.4,
181/62114,INDIRA BORRA,3438086127,M.Sc. (Botany - Previous),BOTANY,16-01-2026,ARIN BHAGAT,UCCHAL MUKHERJEE,CARPENTER,18-10-2005,Female,OBC,,"95/03, SARMA, AMBALA-615413","766, KHURANA CHOWK, JHANSI 592088",BEMETARA,C.G.,NO,nilima70@example.net,257102474576,,,,GRADUATION,2022,SCIENCE,98894086,737186500,STATE BOARD,500,442,FIRST,88.4,
446/38584,JACOB KUMER,6523273167,M.Sc. (Botany - Previous),BOTANY,04-03-2026,BALVAN BHAGAT,MANYA SANDHU,LAWYER,30-06-2001,Male,SC,,"H.NO. 25, THAKER NAGAR, SINGRAULI-719532","81/404, MEMON PATH, AMBATTUR-901344",MAHASAMUND,C.G.,NO,prisha51@example.com,719507540075,,,,GRADUATION,2024,SCIENCE,28648432,023367258,CBSE,500,212,THIRD,42.4,
401/53342,JACKSON BHATTACHARYYA,0248351263,M.A. (Previous),ARTS,11-01-2026,BALENDRA RAMA,CHASMUM TANDON,CONSULTANT,30-09-2007,Male,SC,,"52/84, PADMANABHAN CIRCLE, DELHI 314491","33/51, MEMON PATH, BULANDSHAHR 345964",BASTAR,C.G.,YES,dasguptaedhitha@example.org,244249422101,,,,GRADUATION,2025,ARTS,27227736,565887860,HEMCHAND YADAV UNIVERSITY,500,298,SECOND,59.6,
861/13238,WAKEETA GARDE,5079407308,M.Sc. (Computer Science - Final),COMPUTER,17-01-2026,WILLIAM BHARDWAJ,YASHODA RANA,ARTIST,02-10-2003,Female,OBC,,"50/001, YADAV GANJ, GUWAHATI 883053","41, DASS CIRCLE, PIMPRI-CHINCHWAD 382527",JANJGIR-CHAMPA,C.G.,NO,cbrahmbhatt@example.org,365682902761,,,,GRADUATION,2020,SCIENCE,93570609,689756903,STATE BOARD,500,245,SECOND,49.0,
196/34420,ABEER KAPOOR,9737271047,B.Com.,COMMERCE,14-01-2026,DALBIR COMAR,ANYA LOYAL,DRIVER,16-09-2007,Male,SC,,"50/997, PARMER ROAD, BHOPAL-665729","52/99, JAYARAMAN NAGAR, KHAMMAM 121453",BASTAR,C.G.,NO,chaudhryaarini@example.net,110633104136,,,,12TH,2022,COMMERCE,53878923,119238027,STATE BOARD,500,491,FIRST,98.2,
277/22069,VARSHA SACHAR,7781741995,M.Sc. (Mathematics - Final),MATHEMATICS,08-01-2026,EKAVIR GREWAL,LIBNI BARMAN,DOCTOR,31-08-2001,Female,GEN,,"952, NAYAR MARG, KARAIKUDI 306637","H.NO. 440, TANDON ZILA, NAGPUR-364986",BILASPUR,C.G.,NO,charles58@example.com,966563961966,,,,GRADUATION,2020,SCIENCE,00323712,579695884,CBSE,500,368,FIRST,73.6,
118/20075,ANMOL SHAN,3191497548,BCA (Bachelor of Computer Applications),COMPUTER,05-02-2026,AADI DEVAN,KASHISH MAND,TEACHER,02-12-2004,Male,SC,,"H.NO. 658, KAPOOR MARG, SALEM-371809","304, CHADA ZILA, NOIDA-398599",DHAMTARI,C.G.,NO,barkhakumer@example.org,850329533681,,,,12TH,2022,ARTS,42913872,850794194,HEMCHAND YADAV UNIVERSITY,500,379,FIRST,75.8,
547/84860,ANYA TRIPATHI,9667184763,B.Sc. IT (Information Technology),COMPUTER,10-01-2026,FINN VALA,LOPA KAKAR,ARMY PERSONNEL,07-07-2001,Female,ST,,"H.NO. 487, DEO CIRCLE, BHALSWA JAHANGIR PUR-457057","10/990, KALE CIRCLE, NAVI MUMBAI-082905",JASHPUR,C.G.,NO,wardarau@example.org,727620099600,,,,12TH,2024,SCIENCE,30709630,005910633,STATE BOARD,500,352,FIRST,70.4,
518/70064,MASON PALAN,2003963275,M.Sc. (Physics - Previous),PHYSICS,20-02-2026,OSCAR KULKARNI,AISHANI NATH,RETIRED,21-08-2000,Male,ST,,"579, ARORA STREET, CHANDIGARH-612679","287, CHANDRA NAGAR, ARRAH 605931",BEMETARA,C.G.,NO,nsampath@example.com,942692378024,,,,GRADUATION,2023,SCIENCE,45686936,812743226,STATE BOARD,500,467,FIRST,93.4,
518/26663,RADHIKA AHLUWALIA,9583039714,B.Sc. (Biology),BIOLOGY,12-02-2026,PRATYUSH GOUR,BHAVINI GABA,DOCTOR,01-04-2002,Female,SC,,"30/312, D’ALIA CHOWK, ALAPPUZHA-998140","H.NO. 383, KALITA CIRCLE, MORBI-928036",DHAMTARI,C.G.,NO,pkrish@example.net,813858169607,,,,12TH,2021,SCIENCE,57403530,111353485,HEMCHAND YADAV UNIVERSITY,500,303,FIRST,60.6,
113/55322,JALSA TANDON,3945540247,B.A.,ARTS,22-01-2026,LIAM RAVAL,SAANVI RATTA,SHOPKEEPER,11-07-2006,Female,ST,,"09/020, UPPAL CHOWK, KHANDWA 971107","H.NO. 31, WAGLE ROAD, LATUR 319289",BALRAMPUR,C.G.,NO,ekanshprabhakar@example.net,731654647499,,,,12TH,2020,ARTS,08976542,246174739,HEMCHAND YADAV UNIVERSITY,500,297,SECOND,59.4,
390/36691,BHAVYA BHARGAVA,6857095875,M.Sc. (Zoology - Final),ZOOLOGY,21-02-2026,MADHAV BANIK,ADYA DATE,ELECTRICIAN,10-10-2001,Female,OBC,,"36/703, SANT CIRCLE, BOKARO 997569","H.NO. 19, DUGAL NAGAR, JAMMU 403399",GARIABAND,C.G.,YES,zaitrasaxena@example.net,318303909721,,,,GRADUATION,2020,SCIENCE,05244573,752591773,HEMCHAND YADAV UNIVERSITY,500,271,SECOND,54.2,
112/12432,ARADHANA CHOUDHRY,7508465628,B.Sc. IT (Information Technology),COMPUTER,25-01-2026,SARTHAK RAMAKRISHNAN,AISHANI SHAH,CARPENTER,23-09-2001,Female,GEN,,"H.NO. 138, DALAL PATH, MORENA-128643","148, AGATE STREET, GIRIDIH 336870",DURG,C.G.,NO,bumbosha@example.org,462829282155,,,,12TH,2024,SCIENCE,62711098,688465831,HEMCHAND YADAV UNIVERSITY,500,400,FIRST,80.0,
645/92009,KALPIT RAM,8379090116,M.Sc. (Zoology - Final),ZOOLOGY,11-03-2026,ANIRUDH DAVE,MOHINI BORA,CLERK,01-02-2003,Male,GEN,,"H.NO. 06, SARAF ZILA, KADAPA 332308","85, SHARAF PATH, LONI 416518",GARIABAND,C.G.,NO,nihal32@example.com,818550227710,,,,GRADUATION,2025,SCIENCE,86903309,424371122,CBSE,500,417,FIRST,83.4,
749/14365,MAANAS SAINI,8522613619,M.Sc. (Mathematics - Previous),MATHEMATICS,27-01-2026,MANBIR DAVE,YACHANA RADHAKRISHNAN,PLUMBER,16-06-2001,Male,ST,,"H.NO. 10, AHLUWALIA NAGAR, SAHARSA-959508","71, SUR CIRCLE, BHOPAL-169290",BALODA BAZAR,C.G.,NO,iradyal@example.org,961752574261,,,,GRADUATION,2025,SCIENCE,27950202,213333625,HEMCHAND YADAV UNIVERSITY,500,419,FIRST,83.8,
114/55306,NEELIMA PARMAR,6541215942,M.Sc. (Botany - Final),BOTANY,19-01-2026,OLIVER PRABHU,VARSHA THAMAN,STUDENT,18-08-2001,Female,SC,,"445, SUNDER CHOWK, NANDYAL-117374","44/97, BATH STREET, SIKAR-050878",DURG,C.G.,NO,varughesebarkha@example.net,595794924516,,,,GRADUATION,2024,SCIENCE,32644226,694134788,STATE BOARD,500,384,FIRST,76.8,
774/16372,AADI SARAN,7757728899,M.A. (Final),ARTS,21-02-2026,FARIS DIVAN,ALKA PATLA,NURSE,29-12-2001,Male,ST,,"441, SUNDER ROAD, HAPUR 478977","929, DHAR CIRCLE, SATARA 892919",RAJNANDGAON,C.G.,NO,yugbala@example.net,890842802809,,,,GRADUATION,2020,ARTS,35989730,659352856,STATE BOARD,500,353,FIRST,70.6,
258/87449,ABEER RAVAL,2153920290,PGDCA (Post Graduate Diploma in Computer Applications),COMPUTER,18-03-2026,YATAN VAIDYA,ANJALI BIR,TEACHER,01-10-2003,Male,OBC,,"83/65, SACHAR STREET, NAGERCOIL 703356","94/479, BATRA ZILA, PANIPAT-892630",RAIGARH,C.G.,YES,balangirish@example.com,888574700327,,,,GRADUATION,2025,ARTS,86143352,522400644,CBSE,500,202,THIRD,40.4,
469/55100,ANDREW KHARE,9776349365,M.Sc. (Physics - Final),PHYSICS,27-02-2026,JATIN REGE,ANAMIKA PILLAI,POLICE,06-01-2004,Male,GEN,,"H.NO. 109, KAPADIA CHOWK, NADIAD 827485","32, MERCHANT ROAD, BIJAPUR-244594",NARAYANPUR,C.G.,NO,sarmajai@example.net,751868324229,,,,GRADUATION,2020,SCIENCE,22097999,076528829,HEMCHAND YADAV UNIVERSITY,500,344,FIRST,68.8,
699/60039,VAISHNAVI MALL,1527813301,M.Sc. (Biotechnology - Final),-,11-03-2026,FRADO ROY,OJASVI RAJAN,DOCTOR,08-10-2000,Female,GEN,,"50, PATLA GANJ, NAGPUR 229334","41, DEEP CIRCLE, SRIKAKULAM-343280",JASHPUR,C.G.,NO,abeerzacharia@example.com,324599026654,,,,GRADUATION,2024,SCIENCE,14276430,133317811,STATE BOARD,500,459,FIRST,91.8,
231/99953,RANBIR SEKHON,6978106213,B.Sc. (Mathematics),MATHEMATICS,13-01-2026,AARUSH BASSI,BHAVNA BAKSHI,SELF EMPLOYED,14-06-2000,Male,OBC,,"967, PINGLE CHOWK, AJMER-939802","89/53, CHANDER ROAD, BURHANPUR-898463",BIJAPUR,C.G.,NO,imalhotra@example.net,694498993757,,,,12TH,2021,SCIENCE,25487523,388187405,CBSE,500,293,SECOND,58.6,
292/88527,SAMAKSH BALAY,0357391436,PGDCA (Post Graduate Diploma in Computer Applications),COMPUTER,19-03-2026,KAI CHAD,GAURIKA MURTY,RETIRED,28-11-2001,Male,ST,,"96, KHOSLA STREET, PHUSRO 714711","83/75, PILLAY GANJ, MOTIHARI 001217",KOREA,C.G.,NO,vihaanchopra@example.net,383348624034,,,,GRADUATION,2022,ARTS,74388792,180639359,STATE BOARD,500,487,FIRST,97.4,
508/30496,RAAGINI PATHAK,0801348988,M.Sc. (Chemistry - Final),CHEMISTRY,07-03-2026,VEER LALLA,SHIVANI SANE,BUSINESS,07-04-2000,Female,OBC,,"14/18, KANDA ZILA, TUMKUR-734504","H.NO. 07, CHAKRABORTY ZILA, NORTH DUMDUM 072019",BIJAPUR,C.G.,YES,vkurian@example.net,351980850014,,,,GRADUATION,2021,SCIENCE,12714856,994977637,CBSE,500,329,FIRST,65.8,
840/67920,ZAID RAY,1194186212,BCA (Bachelor of Computer Applications),COMPUTER,11-02-2026,FARAS DALAL,AACHAL PRAKASH,PLUMBER,23-05-2006,Male,ST,,"20, SONI NAGAR, KAMARHATI 022069","99, PALLA GANJ, PANCHKULA 161956",BILASPUR,C.G.,NO,jainchandran@example.net,573772856273,,,,12TH,2025,ARTS,36023408,109309478,HEMCHAND YADAV UNIVERSITY,500,243,SECOND,48.6,
869/81962,RADHIKA TELLA,2686635919,B.Lib (Bachelor of Library Science),LIBRARY SCIENCE,11-02-2026,PETER BOBAL,ARUNIMA SHETTY,CARPENTER,30-05-2001,Female,SC,,"82/513, BUTALA CIRCLE, KOLLAM 847238","H.NO. 11, KARI STREET, CHANDIGARH-665255",SUKMA,C.G.,YES,zashil20@example.net,811576888545,,,,12TH,2021,ARTS,46693823,806158100,CBSE,500,203,THIRD,40.6,
241/32151,LIPIKA SRIVASTAVA,5339111705,B.Sc. IT (Information Technology),COMPUTER,01-02-2026,BALHAAR BATTA,PAVANI MANDA,DRIVER,17-04-2007,Female,GEN,,"79, SHUKLA, NASHIK-754324","H.NO. 23, KHATRI GANJ, BARDHAMAN-200303",JASHPUR,C.G.,YES,daksh51@example.org,793691323221,,,,12TH,2020,SCIENCE,94005733,943927167,HEMCHAND YADAV UNIVERSITY,500,352,FIRST,70.4,
832/33819,MASON YADAV,8834163981,B.Sc. (Mathematics),MATHEMATICS,26-01-2026,ONKAR KANDA,JALSA CHAD,CONSULTANT,27-01-2004,Male,SC,,"72/610, MISRA CHOWK, BONGAIGAON 583175","H.NO. 61, VORA CHOWK, MIRYALAGUDA 806352",DURG,C.G.,YES,chakrabartiqabil@example.net,189725268744,,,,12TH,2021,SCIENCE,44252032,257471169,HEMCHAND YADAV UNIVERSITY,500,457,FIRST,91.4,
193/78558,ADVIK BAIL,9189416711,M.Sc. (Biotechnology - Final),-,18-01-2026,GIRISH MOHAN,YUTIKA MISRA,ELECTRICIAN,19-04-2004,Male,OBC,,"17, MAHAL GANJ, SASARAM 844571","H.NO. 94, LALA ROAD, TIRUPATI-286886",SUKMA,C.G.,YES,bathbhanumati@example.org,708456591802,,,,GRADUATION,2024,SCIENCE,11700534,265190616,HEMCHAND YADAV UNIVERSITY,500,445,FIRST,89.0,
456/96290,GABRIEL KORPAL,5044724389,PGDCA (Post Graduate Diploma in Computer Applications),COMPUTER,20-01-2026,MITESH OM,MITALI MAND,SHOPKEEPER,14-11-2004,Male,SC,,"05/97, DIN GANJ, JAMMU 141411","36, DATE CHOWK, DEWAS-667887",KORBA,C.G.,NO,sahautkarsh@example.org,831157656186,,,,GRADUATION,2021,ARTS,10761121,183110838,CBSE,500,224,THIRD,44.8,
849/74057,DAKSH PAL,4506619367,B.Com.,COMMERCE,23-02-2026,GOPAL DANI,EKANI JHAVERI,SELF EMPLOYED,18-06-2001,Male,SC,,"H.NO. 93, KATA MARG, SOUTH DUMDUM-331495","H.NO. 19, NATH NAGAR, NAVI MUMBAI 889822",RAJNANDGAON,C.G.,NO,dezashil@example.com,455857927413,,,,12TH,2024,COMMERCE,21536428,571286996,CBSE,500,316,FIRST,63.2,
526/40112,DALBIR SAGAR,4529352742,BCA (Bachelor of Computer Applications),COMPUTER,20-02-2026,CHATURA GABA,LIPIKA PANDEY,TEACHER,28-05-2006,Male,GEN,,"H.NO. 32, NAGAR ZILA, DHULE 868463","10/702, RATTI CIRCLE, SAHARSA 455117",NARAYANPUR,C.G.,NO,yashpall@example.com,939864796829,,,,12TH,2025,ARTS,57624373,212793343,HEMCHAND YADAV UNIVERSITY,500,221,THIRD,44.2,
180/22997,MANTHAN DHALIWAL,0514060483,BCA (Bachelor of Computer Applications),COMPUTER,10-01-2026,ZAYAN DADA,SANYA PANT,MECHANIC,01-02-2003,Male,GEN,,"85/000, RAJA ROAD, CUTTACK 953363","46/69, KEER ZILA, GUNTAKAL-099529",BIJAPUR,C.G.,YES,prisha80@example.com,144538491845,,,,12TH,2022,ARTS,58505356,395945965,HEMCHAND YADAV UNIVERSITY,500,450,FIRST,90.0,
391/70349,GAURIKA PRAKASH,2797464083,B.Sc. IT (Information Technology),COMPUTER,07-01-2026,JONATHAN CHAR,NANDINI GREWAL,LAWYER,25-11-2008,Female,ST,,"08/44, RAGHAVAN ROAD, NAIHATI-541654","99/94, DHAR CHOWK, ROHTAK-167874",GARIABAND,C.G.,YES,anusha64@example.org,038929963396,,,,12TH,2023,SCIENCE,19780904,302115866,STATE BOARD,500,374,FIRST,74.8,
764/31099,HIRAL DEOL,3091487957,M.Sc. (Botany - Final),BOTANY,29-01-2026,ANMOL SHANKER,BHAVYA BHASIN,NURSE,30-08-2008,Female,SC,,"67, WARRIOR STREET, REWA-044081","62, SARRAF MARG, MADANAPALLE-513228",SUKMA,C.G.,NO,hmukhopadhyay@example.net,988058638585,,,,GRADUATION,2022,SCIENCE,92763742,376799706,CBSE,500,217,THIRD,43.4,
882/32304,GAURIKA BAINS,4479684876,B.Sc. Micro Biology,BIOLOGY,06-02-2026,CHAITANYA PARMAR,EKANTA MITAL,BUSINESS,15-02-2007,Female,SC,,"928, OOMMEN ROAD, WARANGAL-164534","H.NO. 749, CHOPRA CIRCLE, HAJIPUR 269271",KOREA,C.G.,YES,ssom@example.net,618193658936,,,,12TH,2020,SCIENCE,94951831,197609538,HEMCHAND YADAV UNIVERSITY,500,209,THIRD,41.8,
907/24442,DAYAMAI CHAUDHRY,2791020709,M.Sc. (Mathematics - Previous),MATHEMATICS,11-02-2026,REHAAN GILL,ATI DEVI,NURSE,26-11-2006,Female,SC,,"H.NO. 25, SAHA NAGAR, THANJAVUR-514348","85/787, DADA MARG, MADHYAMGRAM 457988",SUKMA,C.G.,NO,adweta70@example.org,331825360216,,,,GRADUATION,2021,SCIENCE,89403256,344016806,STATE BOARD,500,414,FIRST,82.8,
150/30652,JEET SATHE,6501305268,B.Sc. Computer Science,COMPUTER,25-02-2026,GAURANG CHAKRABORTY,PAHAL BHAKTA,ARMY PERSONNEL,22-06-2000,Male,ST,,"H.NO. 054, RAJ NAGAR, RAMGARH-327427","12, BALI CHOWK, SRIKAKULAM 143527",JASHPUR,C.G.,NO,loganchaudhuri@example.com,588936983215,,,,12TH,2025,SCIENCE,66961131,639016246,HEMCHAND YADAV UNIVERSITY,500,243,SECOND,48.6,
879/48821,ADYA KRISHNAN,6364355963,B.Lib (Bachelor of Library Science),LIBRARY SCIENCE,26-02-2026,GAGAN SHETH,TRIYA KRISHNAMURTHY,ACCOUNTANT,18-08-2008,Female,GEN,,"H.NO. 83, KUMER CIRCLE, KISHANGANJ-645238","574, SANKAR CIRCLE, FARRUKHABAD 309866",RAIGARH,C.G.,NO,abajwa@example.net,212367918881,,,,12TH,2022,ARTS,94799579,561236684,CBSE,500,323,FIRST,64.6,
999/61576,SAKSHAM AURORA,9100167068,M.Sc. (Botany - Previous),BOTANY,19-03-2026,NAKSH MITRA,RADHIKA CHAWLA,LABOUR,05-06-2008,Male,ST,,"577, HORA STREET, GANDHIDHAM 929546","94/86, CHADA ROAD, REWA-941839",JASHPUR,C.G.,NO,iramutti@example.com,278257508386,,,,GRADUATION,2020,SCIENCE,72236042,462142015,CBSE,500,234,SECOND,46.8,
255/85812,ANIRUDH BHARGAVA,8806645076,B.Sc. Computer Science,COMPUTER,04-01-2026,EKAVIR VORA,AADHYA SINGHAL,ENGINEER,05-05-2008,Male,OBC,,"65, MANDER ROAD, BARDHAMAN 751008","78/726, SRIDHAR NAGAR, KOTA 361837",BASTAR,C.G.,YES,mannvidhi@example.net,974551880548,,,,12TH,2023,SCIENCE,08506784,319301895,CBSE,500,297,SECOND,59.4,
425/37910,MEERA SHERE,1544332213,M.Com. (Final),COMMERCE,18-01-2026,LIAM DHALIWAL,ADYA RAGHAVAN,NURSE,14-02-2001,Female,ST,,"17, BARAD ROAD, NORTH DUMDUM-501134","30, BAKSHI MARG, RAEBARELI-114455",DURG,C.G.,NO,benjamin50@example.org,652790379894,,,,GRADUATION,2021,COMMERCE,59377951,900452138,STATE BOARD,500,257,SECOND,51.4,
167/87716,LEENA TIWARI,2151704814,B.Sc. Electronics,-,28-02-2026,CHARAN MANN,BHANUMATI GOLA,NURSE,15-12-2001,Female,GEN,,"H.NO. 509, CHOUDHURY ZILA, AJMER-951870","60, LUTHRA ROAD, ALWAR 912324",BILASPUR,C.G.,YES,chadodika@example.org,813043059719,,,,12TH,2022,SCIENCE,41447019,913558539,HEMCHAND YADAV UNIVERSITY,500,407,FIRST,81.4,
686/44339,DAVID KARI,7830994379,M.A. (Final),ARTS,12-01-2026,VIHAAN SONI,UNNATI DESHPANDE,POLICE,03-04-2007,Male,GEN,,"961, TOOR MARG, RAJPUR SONARPUR 290344","89/765, PATLA MARG, TIRUNELVELI-738913",RAIGARH,C.G.,YES,sai04@example.net,294816599119,,,,GRADUATION,2025,ARTS,61189658,731237220,STATE BOARD,500,457,FIRST,91.4,
459/14558,EKALINGA GADE,8494609766,M.Sc. (Physics - Previous),PHYSICS,26-02-2026,WARINDER SEN,VARSHA PERI,FARMER,08-06-2007,Male,GEN,,"H.NO. 466, GOLLA ZILA, SHIMOGA-913050","H.NO. 085, GANDHI STREET, ETAWAH 845671",RAJNANDGAON,C.G.,YES,pushti19@example.com,679012176628,,,,GRADUATION,2023,SCIENCE,28508757,920396910,HEMCHAND YADAV UNIVERSITY,500,484,FIRST,96.8,
229/72072,LIBNI BORAH,2556228000,M.Com. (Previous),COMMERCE,05-02-2026,YUG HAYRE,FORUM YOHANNAN,ARTIST,09-05-2004,Female,SC,,"90/50, KAUR CHOWK, MUNGER 748835","70/187, KALA ZILA, TIRUNELVELI 478102",NARAYANPUR,C.G.,NO,nidhi21@example.org,912913382645,,,,GRADUATION,2025,COMMERCE,79465562,083229168,STATE BOARD,500,480,FIRST,96.0,
523/61168,MEERA BANIK,3172203897,M.Sc. (Zoology - Final),ZOOLOGY,14-02-2026,RACHIT BASAK,CHAITALY RAO,RETIRED,21-05-2004,Female,SC,,"74, BUTALA, BOKARO 051217","42, NATT MARG, NASHIK-156543",JASHPUR,C.G.,NO,grewaladya@example.org,099456285166,,,,GRADUATION,2020,SCIENCE,27638339,174574474,CBSE,500,340,FIRST,68.0,
445/17980,ARUNIMA SHAH,9626631488,B.Sc. Micro Biology,BIOLOGY,09-01-2026,SATHVIK KRISHNAMURTHY,BHAVIKA DEOL,CLERK,21-03-2008,Female,OBC,,"71/866, DUBE ZILA, SINGRAULI-726240","710, NAGI ZILA, DARBHANGA 756272",BEMETARA,C.G.,NO,sharafyash@example.net,228731685500,,,,12TH,2023,SCIENCE,74347650,264326934,STATE BOARD,500,423,FIRST,84.6,
358/96202,WARHI NAIK,7418805310,B.Lib (Bachelor of Library Science),LIBRARY SCIENCE,04-03-2026,UDANT TAK,LEENA SRINIVASAN,NURSE,13-07-2008,Female,OBC,,"H.NO. 187, LUTHRA NAGAR, HOWRAH 205917","90, BHARDWAJ, BHALSWA JAHANGIR PUR-682617",SURGUJA,C.G.,YES,ishaannanda@example.net,262770923654,,,,12TH,2021,ARTS,77808750,468965396,CBSE,500,277,SECOND,55.4,
707/29748,WAHAB CHANDRA,7187175309,M.Sc. (Chemistry - Previous),CHEMISTRY,02-02-2026,GEORGE DATE,OSHA BHATIA,TEACHER,16-12-2005,Male,GEN,,"H.NO. 64, BUCH PATH, LATUR 360632","69/98, BADAL MARG, MADANAPALLE-216982",MAHASAMUND,C.G.,YES,anjalisoni@example.net,820057019766,,,,GRADUATION,2025,SCIENCE,59443910,073542517,STATE BOARD,500,229,SECOND,45.8,
984/30536,YASH NIGAM,2865846314,M.Sc. (Botany - Previous),BOTANY,25-02-2026,NACHIKET KURIAN,NIMRAT BHAVSAR,DRIVER,24-08-2007,Male,SC,,"H.NO. 458, ZACHARIA CIRCLE, ALAPPUZHA 405661","H.NO. 482, DOCTOR CIRCLE, SIWAN 259656",BALOD,C.G.,NO,hsinghal@example.net,868414785579,,,,GRADUATION,2025,SCIENCE,65693261,675687220,CBSE,500,312,FIRST,62.4,
636/63685,NIHAL BADAL,4014312460,M.Sc. (Computer Science - Previous),COMPUTER,06-02-2026,BRIJESH SURESH,ARYA PATEL,LAWYER,17-12-2001,Male,SC,,"H.NO. 24, ZACHARIA STREET, DHARMAVARAM 879131","64, SUR ZILA, ICHALKARANJI 583781",BALRAMPUR,C.G.,NO,dchopra@example.org,441235477156,,,,GRADUATION,2022,SCIENCE,00205510,823757937,HEMCHAND YADAV UNIVERSITY,500,490,FIRST,98.0,
144/81540,ADVAITH BASSI,2971794535,M.Com. (Previous),COMMERCE,13-02-2026,HRITIK PALL,SAANVI BEDI,TEACHER,03-02-2008,Male,OBC,,"367, KANNAN ZILA, TIRUNELVELI 339001","H.NO. 946, GREWAL ROAD, JALGAON 192336",RAIPUR,C.G.,YES,ipatla@example.org,300046386403,,,,GRADUATION,2025,COMMERCE,85287101,564200159,CBSE,500,445,FIRST,89.0,
918/80906,UPKAAR AGRAWAL,3606167334,M.Sc. (Physics - Previous),PHYSICS,18-03-2026,EKANSH SARAF,TRIVENI CONTRACTOR,MECHANIC,21-03-2001,Male,SC,,"28/85, CHANA GANJ, NASHIK 308563","71/238, CHOUDHRY STREET, ULUBERIA-134731",MAHASAMUND,C.G.,NO,isharaf@example.com,831167539484,,,,GRADUATION,2021,SCIENCE,46980484,440569236,STATE BOARD,500,224,THIRD,44.8,
156/84370,ONVEER DAVE,5839326248,B.Com.,COMMERCE,19-03-2026,EKBAL TANDON,RIDHI OM,CONSULTANT,21-12-2004,Male,OBC,,"50, TANEJA MARG, NAGPUR 245123","540, NAGARAJAN ZILA, MATHURA 528664",GARIABAND,C.G.,YES,gnadig@example.net,594384637481,,,,12TH,2022,COMMERCE,85648265,044719909,HEMCHAND YADAV UNIVERSITY,500,230,SECOND,46.0,
502/21554,LAJITA SHETTY,9276369687,BBA (Bachelor of Business Administration),MANAGEMENT,19-02-2026,TANAY RAJA,LIBNI ISSAC,ARTIST,24-09-2001,Female,SC,,"88/253, KEER NAGAR, AMBATTUR 298254","H.NO. 15, RAMESH MARG, PANCHKULA 513605",KONDAGAON,C.G.,YES,sahnihritik@example.org,268309763060,,,,12TH,2024,ARTS,00632770,558623060,CBSE,500,450,FIRST,90.0,
420/76308,RACHIT KAPADIA,4861022095,M.Sc. (Mathematics - Final),MATHEMATICS,05-01-2026,YUG DAR,YAUVANI DAR,RETIRED,07-08-2008,Male,ST,,"93, NAGAR PATH, HYDERABAD-445980","12/112, MADAN PATH, NORTH DUMDUM-835404",RAIPUR,C.G.,NO,issactanveer@example.net,701411307648,,,,GRADUATION,2021,SCIENCE,90528425,451643254,CBSE,500,349,FIRST,69.8,
851/83896,ISHANVI HANDA,0418938467,BAJMC (Bachelor of Arts in Journalism & Mass Communication),COMMERCE,29-01-2026,MASON SETHI,VANSHA DHAR,PLUMBER,09-10-2002,Female,ST,,"H.NO. 517, OAK PATH, MALEGAON 142366","H.NO. 93, SUNDER MARG, SIWAN 451082",SURGUJA,C.G.,YES,zsandhu@example.net,843346587312,,,,12TH,2021,ARTS,52405509,328504567,HEMCHAND YADAV UNIVERSITY,500,458,FIRST,91.6,
928/71629,MEGHANA KALE,2331021266,M.Sc. (Zoology - Final),ZOOLOGY,08-03-2026,CHRISTOPHER DARA,LIPIKA MANDER,DRIVER,21-08-2006,Female,ST,,"546, PINGLE STREET, DHARMAVARAM-397221","72/663, BHATT GANJ, ORAI 592486",MAHASAMUND,C.G.,NO,chaitanyachakraborty@example.net,699416343667,,,,GRADUATION,2021,SCIENCE,96757597,347793143,STATE BOARD,500,214,THIRD,42.8,
646/59955,DAKSHESH GANGULY,5330673229,M.Sc. (Mathematics - Previous),MATHEMATICS,02-02-2026,GAGAN KONDA,VASUDHA BAHL,ELECTRICIAN,30-12-2002,Male,GEN,,"16/553, NAIK ZILA, BHUSAWAL 571973","089, SHETH STREET, GAYA-697624",KORBA,C.G.,NO,groverpranit@example.com,525051579376,,,,GRADUATION,2020,SCIENCE,67659228,556064571,CBSE,500,280,SECOND,56.0,
281/36984,MANTHAN RAY,5845298028,M.Sc. (Botany - Final),BOTANY,08-01-2026,CHATRESH SETH,JASMIT SHANKAR,BUSINESS,25-01-2007,Male,ST,,"19/138, AMBLE CHOWK, DAVANAGERE-368376","H.NO. 119, BORA, NANGLOI JAT-305448",DHAMTARI,C.G.,YES,dhillonrohan@example.net,863072231885,,,,GRADUATION,2025,SCIENCE,60898882,050817313,HEMCHAND YADAV UNIVERSITY,500,400,FIRST,80.0,
493/55179,NISHA DESAI,8708301372,M.Sc. (Botany - Final),BOTANY,19-03-2026,UTKARSH COMAR,QUSHI TAILOR,PLUMBER,06-01-2003,Female,GEN,,"H.NO. 502, KULKARNI CHOWK, MIRA-BHAYANDAR-260373","42, RAMAN PATH, VIJAYAWADA-914003",KORBA,C.G.,YES,chaman55@example.net,770023017485,,,,GRADUATION,2023,SCIENCE,12107240,834385330,STATE BOARD,500,281,SECOND,56.2,
517/37675,DOMINIC THAKKAR,0877320295,B.Sc. Micro Biology,BIOLOGY,25-01-2026,OM GOKHALE,BRINDA JAGGI,POLICE,07-11-2002,Male,OBC,,"H.NO. 328, VALA CIRCLE, SALEM 752943","H.NO. 89, CHAUDHRY GANJ, MAHBUBNAGAR 562344",BALODA BAZAR,C.G.,NO,krisha50@example.org,454127959874,,,,12TH,2023,SCIENCE,87256459,309443766,CBSE,500,377,FIRST,75.4,
517/50484,DAYAMAI RAJA,8485122175,M.Sc. (Botany - Final),BOTANY,17-03-2026,AYAAN VIRK,UPMA GODA,DRIVER,17-03-2007,Female,SC,,"82/98, SALVI, MEERUT 115743","83/447, SARKAR CIRCLE, NAIHATI 960080",BEMETARA,C.G.,YES,frado74@example.net,074153811990,,,,GRADUATION,2025,SCIENCE,79935247,204805423,CBSE,500,481,FIRST,96.2,
598/59118,AAYUSH BASU,4058693450,M.Sc. (Chemistry - Previous),CHEMISTRY,31-01-2026,LUKE AGRAWAL,SNEHA RANGANATHAN,MECHANIC,07-07-2005,Male,GEN,,"40/47, BAHL ROAD, AHMEDABAD 871968","13, DEY MARG, NANGLOI JAT 943555",GARIABAND,C.G.,YES,shanvasudha@example.com,601236635257,,,,GRADUATION,2021,SCIENCE,53412230,991153878,HEMCHAND YADAV UNIVERSITY,500,420,FIRST,84.0,
644/98007,ISHANVI HEGDE,0328253153,B.Com.,COMMERCE,22-02-2026,PETER SANGHVI,YASTI BOBAL,PLUMBER,19-09-2003,Female,GEN,,"H.NO. 693, SHANKER NAGAR, TIRUPATI 498157","96/661, WAGLE GANJ, LUDHIANA-088231",DHAMTARI,C.G.,NO,gagan80@example.org,846385384099,,,,12TH,2021,COMMERCE,94174941,873496726,CBSE,500,298,SECOND,59.6,
334/56164,IRYA SAMA,5722016054,BAJMC (Bachelor of Arts in Journalism & Mass Communication),COMMERCE,09-03-2026,ISAAC HANS,QUSHI DUGAR,BUSINESS,24-04-2008,Female,SC,,"H.NO. 23, PINGLE, CHINSURAH-283920","H.NO. 026, SURESH CIRCLE, JHANSI 912209",JANJGIR-CHAMPA,C.G.,NO,ravalurmi@example.net,120027080166,,,,12TH,2021,ARTS,94628826,520925152,CBSE,500,284,SECOND,56.8,
662/82178,VEDA KAUR,1034774182,PGDCA (Post Graduate Diploma in Computer Applications),COMPUTER,26-01-2026,LOHIT SANDHU,MAYA ANDRA,LAWYER,05-10-2001,Female,SC,,"28, IYER GANJ, DELHI-524864","H.NO. 76, SUBRAMANIAM MARG, MAU-085703",BASTAR,C.G.,NO,harrison46@example.org,527345794014,,,,GRADUATION,2022,ARTS,16952689,546786941,STATE BOARD,500,281,SECOND,56.2,
907/83208,NIMRAT TANEJA,0630222362,M.Sc. (Botany - Final),BOTANY,27-02-2026,YUG DASH,DIPTA MADAN,BUSINESS,24-01-2002,Female,ST,,"H.NO. 57, DAYAL ROAD, AMBATTUR 259023","17, RAMA ZILA, DIBRUGARH 799974",KOREA,C.G.,YES,fiyazrattan@example.org,497234395559,,,,GRADUATION,2024,SCIENCE,03345770,233608426,HEMCHAND YADAV UNIVERSITY,500,314,FIRST,62.8,
687/65745,DIYA BARAD,0828682395,M.Sc. (Computer Science - Final),COMPUTER,10-02-2026,FARAS TANDON,WARDA KHATRI,LABOUR,06-03-2005,Female,GEN,,"41, DHAR MARG, SOUTH DUMDUM-866784","40, DOCTOR ROAD, SHIMOGA-431161",KORBA,C.G.,YES,upalla@example.net,322642058920,,,,GRADUATION,2022,SCIENCE,38031359,195550039,HEMCHAND YADAV UNIVERSITY,500,310,FIRST,62.0,
301/33439,SANAYA BANERJEE,1509646380,M.Sc. (Botany - Previous),BOTANY,08-02-2026,FINN KAUL,HEMA BHATIA,ELECTRICIAN,18-03-2007,Female,GEN,,"02/89, DYAL, PRODDATUR 844625","H.NO. 914, CHOUDHRY ZILA, MEERUT-461740",JASHPUR,C.G.,YES,ssen@example.com,355520000825,,,,GRADUATION,2025,SCIENCE,70323309,234586763,CBSE,500,297,SECOND,59.4,
338/36547,HEMANI CONTRACTOR,2040087371,B.Sc. Computer Science,COMPUTER,24-02-2026,GIRISH GERA,NIHARIKA SHETH,FARMER,07-01-2002,Female,OBC,,"23, KALA MARG, VIJAYANAGARAM-325521","842, SHAH ROAD, GUDIVADA-106880",GARIABAND,C.G.,NO,akshaysamra@example.com,579275969504,,,,12TH,2022,SCIENCE,62377961,393676357,CBSE,500,242,SECOND,48.4,
413/40487,BALENDRA GOLA,4562610640,B.Com.,COMMERCE,11-01-2026,HARISH LANKA,AADHYA DATE,FARMER,15-09-2006,Male,GEN,,"197, HALDER ROAD, JEHANABAD-555485","52, KHOSLA MARG, PONDICHERRY 153438",KONDAGAON,C.G.,NO,gkaran@example.org,499793386062,,,,12TH,2022,COMMERCE,78271507,884422638,HEMCHAND YADAV UNIVERSITY,500,227,SECOND,45.4,
146/75987,HARDIK BAKSHI,7453570377,M.A. (Final),ARTS,11-03-2026,GIRINDRA BHAKTA,NIDHI KULKARNI,LAWYER,14-12-2008,Male,SC,,"477, PRABHU GANJ, RAJAHMUNDRY 429910","882, PADMANABHAN NAGAR, JAMMU 850021",KORBA,C.G.,NO,unnati14@example.com,973948207311,,,,GRADUATION,2024,ARTS,24726768,235926713,STATE BOARD,500,316,FIRST,63.2,
656/11838,HIRAL ISSAC,9321643790,M.Sc. (Mathematics - Final),MATHEMATICS,14-02-2026,AADI GANESH,ARYA MOHAN,TEACHER,19-04-2004,Female,OBC,,"H.NO. 929, ROUT PATH, AHMEDABAD 621288","41/110, SAMRA ZILA, HUBLI–DHARWAD-341804",JASHPUR,C.G.,YES,xdeshpande@example.net,549384954517,,,,GRADUATION,2025,SCIENCE,78942319,724100172,HEMCHAND YADAV UNIVERSITY,500,320,FIRST,64.0,
753/79205,AZAAN SUR,5653601173,B.Com.,COMMERCE,06-03-2026,TIMOTHY KOTA,YAUVANI DAR,ELECTRICIAN,26-11-2004,Male,SC,,"H.NO. 71, KHOSLA PATH, VISAKHAPATNAM 535697","07, KURIAN CHOWK, SAHARSA 399666",MAHASAMUND,C.G.,NO,divya67@example.org,809026686392,,,,12TH,2021,COMMERCE,04432994,930238417,STATE BOARD,500,360,FIRST,72.0,
260/97719,RAAGINI GILL,8577054110,BCA (Bachelor of Computer Applications),COMPUTER,16-01-2026,DAKSH JAGGI,DAYAMAI BHATT,CARPENTER,13-02-2005,Female,OBC,,"48, HALDER CHOWK, MUMBAI 278758","044, SALVI MARG, ULUBERIA 887208",GARIABAND,C.G.,NO,vaidyaaahana@example.com,568483032957,,,,12TH,2023,ARTS,56735683,731415686,STATE BOARD,500,491,FIRST,98.2,
721/32846,HARSH TANDON,4096299458,M.Sc. (Computer Science - Final),COMPUTER,04-03-2026,KABIR PALAN,MEGHANA KURUVILLA,ARMY PERSONNEL,18-09-2006,Male,OBC,,"H.NO. 35, LALL CHOWK, INDORE-606854","H.NO. 962, BOBAL GANJ, LUCKNOW 350343",KONDAGAON,C.G.,YES,kraghavan@example.com,124690799207,,,,GRADUATION,2023,SCIENCE,06114969,156898903,STATE BOARD,500,491,FIRST,98.2,
322/37304,LUCKY HORA,5237987467,M.Sc. (Mathematics - Previous),MATHEMATICS,15-03-2026,WAZIR PRABHU,POOJA DHALIWAL,LABOUR,15-05-2000,Male,OBC,,"H.NO. 045, NANDA NAGAR, UNNAO 387418","H.NO. 69, RAM CHOWK, NAGAON 799515",BALODA BAZAR,C.G.,YES,yashica19@example.com,396043506493,,,,GRADUATION,2024,SCIENCE,25780668,067779714,STATE BOARD,500,283,SECOND,56.6,
923/51800,DAKSHA PRASHAD,4408458830,M.Com. (Previous),COMMERCE,02-02-2026,CHANDRAN TOOR,BHAVIKA BHANDARI,SHOPKEEPER,13-07-2006,Female,OBC,,"12/218, GOPAL CHOWK, GAYA-107491","91/894, OOMMEN CHOWK, UJJAIN 334509",BALODA BAZAR,C.G.,YES,nathaniel34@example.com,462293145843,,,,GRADUATION,2025,COMMERCE,10826784,340409864,HEMCHAND YADAV UNIVERSITY,500,210,THIRD,42.0,
207/83387,TANISH DUGAL,7819445854,M.Sc. (Biotechnology - Previous),-,23-01-2026,GAGAN SHAN,NIHARIKA RAJU,ARMY PERSONNEL,13-06-2003,Male,OBC,,"H.NO. 513, DUA CHOWK, NASHIK 926266","15/24, BHANDARI ROAD, MEHSANA 263295",KONDAGAON,C.G.,NO,zgokhale@example.net,014803244038,,,,GRADUATION,2022,SCIENCE,67440332,060896336,CBSE,500,325,FIRST,65.0,
344/23116,DAMYANTI NAGI,3984726325,B.Sc. (Biology),BIOLOGY,08-01-2026,DALBIR DUGAR,NETRA VIG,SELF EMPLOYED,17-06-2008,Female,ST,,"H.NO. 06, PRAKASH ROAD, ALLAHABAD 693331","H.NO. 34, BADAL STREET, AJMER 452205",BALOD,C.G.,YES,peterpatil@example.net,072884400502,,,,12TH,2024,SCIENCE,43192778,557085575,CBSE,500,455,FIRST,91.0,
554/68766,IMARAN ARYA,7088634376,B.A.,ARTS,04-02-2026,GIRINDRA KURUVILLA,VARENYA DOCTOR,FREELANCER,12-07-2006,Male,ST,,"H.NO. 74, LALLA GANJ, BUXAR-242291","288, BAVA, BIHAR SHARIF 781021",BEMETARA,C.G.,NO,osandhu@example.net,260795979116,,,,12TH,2022,ARTS,33979826,102293793,CBSE,500,310,FIRST,62.0,
427/48326,WARJAS TANDON,5341863172,BBA (Bachelor of Business Administration),MANAGEMENT,15-01-2026,SHAURYA BALA,IRYA BANERJEE,SELF EMPLOYED,09-01-2004,Male,GEN,,"41/932, CHOUDHURY MARG, KARIMNAGAR 516497","H.NO. 09, NATARAJAN, KOLLAM 051966",BASTAR,C.G.,YES,tanmayimangal@example.net,091050705683,,,,12TH,2020,ARTS,97948543,468877759,HEMCHAND YADAV UNIVERSITY,500,484,FIRST,96.8,
865/69361,JASON VOHRA,3290791556,M.Sc. (Mathematics - Previous),MATHEMATICS,01-01-2026,WAHAB DARA,DALAJA GANESAN,POLICE,25-06-2001,Male,SC,,"H.NO. 99, PARIKH ROAD, BALLIA 767557","H.NO. 66, RAMANATHAN CIRCLE, BIHAR SHARIF 409148",JANJGIR-CHAMPA,C.G.,YES,fwalia@example.org,048769859710,,,,GRADUATION,2022,SCIENCE,34498358,809966321,HEMCHAND YADAV UNIVERSITY,500,279,SECOND,55.8,
775/13973,NIDRA AHLUWALIA,6312212060,B.Sc. (Biology),BIOLOGY,11-01-2026,ROBERT MAHAJAN,KASHISH MUTTI,ELECTRICIAN,02-05-2003,Female,ST,,"H.NO. 087, DEEP CIRCLE, SAHARSA-228331","H.NO. 050, MAND GANJ, FATEHPUR 364336",KOREA,C.G.,NO,charlesthaman@example.com,487809976121,,,,12TH,2021,SCIENCE,23723223,822192975,HEMCHAND YADAV UNIVERSITY,500,492,FIRST,98.4,
905/61248,PUSHTI TARA,9746216479,B.Sc. IT (Information Technology),COMPUTER,05-02-2026,SHIVANSH OZA,JALSA GULATI,ACCOUNTANT,07-03-2005,Female,GEN,,"H.NO. 88, LANKA STREET, BELGAUM-098864","H.NO. 024, RAMACHANDRAN MARG, MEHSANA 387408",DURG,C.G.,YES,rayaan24@example.com,864233380794,,,,12TH,2021,SCIENCE,92064980,377638029,STATE BOARD,500,387,FIRST,77.4,
973/46506,YOSHITA SWAMY,4029237228,B.Sc. Computer Science,COMPUTER,16-03-2026,EKAPAD BANSAL,ARYA CHADHA,SHOPKEEPER,23-06-2002,Female,GEN,,"H.NO. 393, KAUL CIRCLE, JAMALPUR 853204","68/872, SONI STREET, BHIND 540861",NARAYANPUR,C.G.,NO,ekaraj98@example.com,273184156490,,,,12TH,2021,SCIENCE,64360389,861208562,HEMCHAND YADAV UNIVERSITY,500,316,FIRST,63.2,
112/49543,RANVEER MANI,8746630162,M.A. (Previous),ARTS,13-03-2026,MICHAEL GARDE,UCCHAL PINGLE,GOVT EMPLOYEE,26-04-2001,Male,ST,,"H.NO. 131, SAHNI CHOWK, KOLKATA 064326","18, RAU MARG, UDAIPUR-292800",JASHPUR,C.G.,YES,cprakash@example.com,996181587890,,,,GRADUATION,2023,ARTS,48873305,637135449,CBSE,500,423,FIRST,84.6,
791/63415,RADHIKA DEY,1084466107,M.Sc. (Zoology - Final),ZOOLOGY,20-01-2026,ZEHAAN GUHA,VRISHTI BUCH,RETIRED,27-09-2003,Female,SC,,"59/96, MAHAL NAGAR, COIMBATORE-546085","03, SOM ROAD, BIJAPUR 367815",KOREA,C.G.,YES,lramesh@example.org,253710441054,,,,GRADUATION,2020,SCIENCE,38557971,592849056,HEMCHAND YADAV UNIVERSITY,500,265,SECOND,53.0,
488/19399,ZAITRA SACHDEV,2336314618,B.Sc. Computer Science,COMPUTER,07-03-2026,LUCKY KIBE,JALSA VALA,ENGINEER,19-05-2001,Female,OBC,,"H.NO. 869, CHAUDHURI STREET, CHANDIGARH 331677","H.NO. 571, AGGARWAL, KARAIKUDI 390764",BEMETARA,C.G.,YES,yashoda20@example.net,131451684690,,,,12TH,2022,SCIENCE,53736304,546584100,CBSE,500,455,FIRST,91.0,
485/44922,LAJITA BALAY,6968568259,PGDCA (Post Graduate Diploma in Computer Applications),COMPUTER,13-03-2026,NOAH SAMPATH,DIPTA BAKSHI,POLICE,22-02-2002,Female,OBC,,"96/866, DUGAR GANJ, KARAWAL NAGAR-356138","94/749, BAIL ROAD, SASARAM 720692",BALOD,C.G.,NO,mlad@example.com,318693338830,,,,GRADUATION,2020,ARTS,63721991,629461174,STATE BOARD,500,222,THIRD,44.4,
331/45863,CHAKRADEV MITRA,8463934221,M.Sc. (Physics - Final),PHYSICS,10-02-2026,JAGDISH SHENOY,YUTIKA KRISH,BUSINESS,26-09-2006,Male,SC,,"H.NO. 95, YOGI STREET, SECUNDERABAD 627925","93, BASSI PATH, NASHIK-735668",KONDAGAON,C.G.,NO,viswanathanurvi@example.com,107521440154,,,,GRADUATION,2021,SCIENCE,81942111,638482297,HEMCHAND YADAV UNIVERSITY,500,292,SECOND,58.4,
365/97580,EKBAL PRASAD,5511791057,BCA (Bachelor of Computer Applications),COMPUTER,06-03-2026,HEMANG RANGANATHAN,RADHIKA SETH,MECHANIC,06-03-2003,Male,OBC,,"44/17, DHINGRA PATH, SURYAPET-403583","62, BHALLA MARG, ROURKELA 537778",SURGUJA,C.G.,NO,qarinbuch@example.com,228374860324,,,,12TH,2024,ARTS,85266469,105873975,CBSE,500,475,FIRST,95.0,
165/71030,REHAAN TRIPATHI,7665544082,B.Sc. Computer Science,COMPUTER,02-03-2026,JACKSON BUTALA,YASHODHARA NAGY,DRIVER,16-06-2001,Male,GEN,,"42/59, BRAHMBHATT GANJ, GANDHINAGAR-215426","436, THAMAN GANJ, GWALIOR 368152",RAJNANDGAON,C.G.,YES,kkuruvilla@example.net,469300995502,,,,12TH,2020,SCIENCE,56536045,554778527,STATE BOARD,500,443,FIRST,88.6,
982/71643,WRIDESH MOHAN,4053925280,M.Sc. (Mathematics - Previous),MATHEMATICS,01-01-2026,BALENDRA SANI,YASHVI DAR,DRIVER,16-11-2005,Male,ST,,"37/33, KARAN CHOWK, KUMBAKONAM-439038","H.NO. 95, BASU, BUXAR 796936",BALRAMPUR,C.G.,NO,hsuri@example.com,106749415724,,,,GRADUATION,2022,SCIENCE,64080427,191321537,CBSE,500,362,FIRST,72.4,
644/39907,SANAYA AMBLE,6309975998,M.Com. (Final),COMMERCE,18-01-2026,GEORGE TAILOR,WARDA ZACHARIA,MECHANIC,07-09-2005,Female,SC,,"59/18, RASTOGI STREET, BHIWANDI 701312","H.NO. 91, SWAMINATHAN GANJ, KAVALI 327703",RAIPUR,C.G.,YES,balhaar83@example.org,378642250998,,,,GRADUATION,2024,COMMERCE,59594680,664464766,CBSE,500,263,SECOND,52.6,
459/96923,MANBIR SANGHVI,1472842917,M.Sc. (Biotechnology - Final),-,17-02-2026,OLIVER WALI,ARYA ACHARYA,MECHANIC,17-12-2003,Male,OBC,,"H.NO. 111, RAJU ROAD, BHATPARA 606416","70, APTE MARG, JODHPUR 982163",BASTAR,C.G.,NO,aryagrewal@example.org,803951121777,,,,GRADUATION,2021,SCIENCE,60622104,952805315,HEMCHAND YADAV UNIVERSITY,500,364,FIRST,72.8,
978/57353,AYUSHMAN PADMANABHAN,3930881846,M.Sc. (Zoology - Final),ZOOLOGY,09-03-2026,GAURANG GULATI,AMAIRA AGRAWAL,PRIVATE JOB,11-12-2002,Male,SC,,"91/17, PRAKASH ZILA, DIBRUGARH-768743","H.NO. 863, BHARGAVA, SERAMPORE-952479",MAHASAMUND,C.G.,YES,dattaansh@example.org,477232180277,,,,GRADUATION,2025,SCIENCE,47814229,361491821,CBSE,500,408,FIRST,81.6,
143/87299,JACOB KEER,0828265819,M.Sc. (Chemistry - Previous),CHEMISTRY,22-01-2026,KRISH PRAKASH,EKANI MAND,CARPENTER,08-12-2006,Male,SC,,"307, CHAR PATH, RAIPUR 168484","H.NO. 123, OZA MARG, BERHAMPORE-794469",KORBA,C.G.,NO,hkibe@example.com,596366419623,,,,GRADUATION,2025,SCIENCE,98291063,242989958,HEMCHAND YADAV UNIVERSITY,500,495,FIRST,99.0,
931/68296,JAGVI PALLA,0882336884,BBA (Bachelor of Business Administration),MANAGEMENT,28-02-2026,ARIN OM,WARHI SAVANT,BUSINESS,06-04-2002,Female,ST,,"954, MERCHANT NAGAR, BAREILLY 704484","H.NO. 363, THAMAN CHOWK, NORTH DUMDUM 346231",RAJNANDGAON,C.G.,NO,anjali23@example.com,382078840486,,,,12TH,2021,ARTS,01159264,988606514,STATE BOARD,500,364,FIRST,72.8,
528/55972,EKBAL CHAR,9816246683,M.Sc. (Physics - Final),PHYSICS,10-03-2026,ELIJAH JAGGI,MANYA CHERIAN,STUDENT,15-12-2000,Male,GEN,,"H.NO. 28, KIBE CHOWK, AMARAVATI-054702","H.NO. 912, DAVE GANJ, BHIND-833726",DHAMTARI,C.G.,YES,aryan74@example.com,210156168124,,,,GRADUATION,2025,SCIENCE,24152622,341984214,HEMCHAND YADAV UNIVERSITY,500,330,FIRST,66.0,
666/19898,WRIDESH PRABHU,6539735553,B.Sc. Biotechnology,-,12-02-2026,GEORGE SHENOY,RADHA DARA,DOCTOR,15-07-2004,Male,OBC,,"54, SHARMA PATH, ICHALKARANJI 677076","H.NO. 02, WAGLE MARG, AMROHA-267506",BEMETARA,C.G.,YES,anmolsuri@example.com,180079043858,,,,12TH,2022,SCIENCE,62410230,853972845,STATE BOARD,500,257,SECOND,51.4,
625/97227,VEDA RAJAGOPAL,8494565681,M.Sc. (Computer Science - Final),COMPUTER,18-02-2026,TANVEER DESHPANDE,UPMA CHATTERJEE,NURSE,15-09-2001,Female,ST,,"91/57, MALHOTRA PATH, MIRZAPUR-782327","H.NO. 86, MANGAT PATH, CHINSURAH 801057",DHAMTARI,C.G.,NO,sekhonbhanumati@example.com,193345974740,,,,GRADUATION,2023,SCIENCE,46621576,160514405,STATE BOARD,500,222,THIRD,44.4,
683/93988,BHAVANI JAIN,1271961486,M.Sc. (Botany - Previous),BOTANY,02-01-2026,KAI OAK,KRISHNA WABLE,FREELANCER,13-12-2000,Female,SC,,"30/318, DESAI GANJ, DHANBAD 408820","381, DIN MARG, MIRZAPUR-793165",SURGUJA,C.G.,YES,gulatiurvi@example.org,936915434913,,,,GRADUATION,2022,SCIENCE,71347830,524735235,STATE BOARD,500,242,SECOND,48.4,
586/86633,ATHARV SETH,6278793454,M.Sc. (Mathematics - Final),MATHEMATICS,20-02-2026,BALJIWAN SAMA,GAURI DATE,SELF EMPLOYED,13-04-2005,Male,GEN,,"07, SAMA CHOWK, SHIVPURI-596826","00/497, DUBEY, RAMAGUNDAM-792353",RAIPUR,C.G.,NO,moreijaya@example.net,150229164521,,,,GRADUATION,2025,SCIENCE,06517613,453795807,HEMCHAND YADAV UNIVERSITY,500,340,FIRST,68.0,
456/17989,HARSHIL NIGAM,4785521747,B.Com.,COMMERCE,27-02-2026,HEMANG JHA,LAJITA CHOUDHARY,ARTIST,01-03-2008,Male,GEN,,"H.NO. 86, PAREKH CHOWK, NAGERCOIL-686829","70, CHAUHAN ZILA, PALI 352400",KANKER,C.G.,NO,fiyazsen@example.org,488202226505,,,,12TH,2021,COMMERCE,19139433,919215682,STATE BOARD,500,447,FIRST,89.4,
883/64819,CHAMAN SALVI,6527472530,M.Com. (Final),COMMERCE,09-02-2026,ATHARV RAJAGOPAL,LIBNI DOCTOR,ARTIST,23-05-2008,Female,SC,,"985, SAMI STREET, TIRUVOTTIYUR-955980","98, JAIN NAGAR, YAMUNANAGAR-126608",BIJAPUR,C.G.,NO,oratta@example.com,934824664987,,,,GRADUATION,2021,COMMERCE,57877541,096347239,CBSE,500,323,FIRST,64.6,
446/81005,CHAAYA CHHABRA,3659131007,M.Sc. (Zoology - Final),ZOOLOGY,22-02-2026,ANAY RANGANATHAN,NIDRA VAIDYA,SELF EMPLOYED,16-05-2006,Female,ST,,"951, UPPAL STREET, AMRAVATI-309266","06/00, NAIK GANJ, ICHALKARANJI-896643",KANKER,C.G.,YES,vrishti61@example.net,807922399969,,,,GRADUATION,2021,SCIENCE,49418031,131311318,STATE BOARD,500,364,FIRST,72.8,
688/46399,SATHVIK SOMAN,3445567145,B.Sc. IT (Information Technology),COMPUTER,25-01-2026,QABIL NORI,PUSHTI SURI,PRIVATE JOB,07-03-2001,Male,OBC,,"H.NO. 533, DALAL CHOWK, AMBATTUR-686337","361, VERMA MARG, RATLAM 938699",KORBA,C.G.,NO,mekhalaagarwal@example.org,999416568270,,,,12TH,2024,SCIENCE,48562379,328882233,STATE BOARD,500,470,FIRST,94.0,
353/14738,URISHILLA DAS,1194398758,M.Sc. (Zoology - Previous),ZOOLOGY,11-03-2026,UMANG ATWAL,SUDIKSHA KUNDA,SELF EMPLOYED,10-04-2005,Female,OBC,,"05/41, MITRA, PANIPAT-676948","H.NO. 027, MORAR PATH, MATHURA 284938",KANKER,C.G.,NO,yohannanyashoda@example.org,233704653870,,,,GRADUATION,2022,SCIENCE,60912360,765803698,HEMCHAND YADAV UNIVERSITY,500,211,THIRD,42.2,
959/80605,OMKAAR NARAYAN,7866797222,M.A. (Final),ARTS,04-02-2026,TRISTAN BHATTACHARYYA,VAISHNAVI LAL,TEACHER,26-09-2005,Male,SC,,"54, KIBE PATH, HAZARIBAGH-244754","H.NO. 69, BANERJEE ZILA, SIKAR-114888",MAHASAMUND,C.G.,NO,wahabrajan@example.org,547710037159,,,,GRADUATION,2023,ARTS,72737225,751764357,STATE BOARD,500,345,FIRST,69.0,
306/60129,AYUSH PRAKASH,9844310191,M.Sc. (Biotechnology - Final),-,04-03-2026,RISHI GARG,DIYA ARYA,FARMER,18-01-2001,Male,SC,,"H.NO. 707, KURUVILLA MARG, BHAGALPUR 584559","30/099, SAHA PATH, AMARAVATI-143653",SUKMA,C.G.,YES,swaminathanmohini@example.com,083617308161,,,,GRADUATION,2023,SCIENCE,94316261,969715709,HEMCHAND YADAV UNIVERSITY,500,459,FIRST,91.8,
763/15347,SACHI ROUT,3335398234,B.Sc. (Biology),BIOLOGY,20-02-2026,LOHIT PERI,UNNATI KARI,BUSINESS,05-01-2003,Female,ST,,"02/17, SETHI, MANGO-355542","17/32, NANDA MARG, INDORE-943890",GARIABAND,C.G.,NO,aashi41@example.org,730425360287,,,,12TH,2024,SCIENCE,32159484,938792397,CBSE,500,430,FIRST,86.0,
105/60751,ABEER LALL,9190556574,M.Sc. (Botany - Previous),BOTANY,07-02-2026,LABAN VARKEY,ANITA NATH,DOCTOR,25-02-2007,Male,GEN,,"069, TAILOR PATH, IMPHAL-097169","009, BHATNAGAR, RAJPUR SONARPUR 072846",BALOD,C.G.,NO,arya37@example.net,635212593882,,,,GRADUATION,2020,SCIENCE,35787785,274401846,HEMCHAND YADAV UNIVERSITY,500,271,SECOND,54.2,
584/65071,CHAMPAK LAD,9156740090,M.Sc. (Mathematics - Final),MATHEMATICS,07-03-2026,VIHAAN BEDI,MEKHALA GULATI,FREELANCER,11-06-2002,Male,SC,,"09, KRISH CIRCLE, PALI-978941","45/856, DAVE CHOWK, JHANSI 774882",BALOD,C.G.,NO,naksh79@example.org,807040571057,,,,GRADUATION,2023,SCIENCE,88896863,479150230,CBSE,500,482,FIRST,96.4,
437/71215,BHAVANI DORA,1626361991,B.Sc. IT (Information Technology),COMPUTER,10-01-2026,LUKE SRIVASTAVA,WAIDA GOYAL,POLICE,14-02-2005,Female,OBC,,"35/747, KADE CIRCLE, MIRYALAGUDA-992634","H.NO. 181, DAS ROAD, PHUSRO 407454",BASTAR,C.G.,NO,ikashyap@example.net,778854760852,,,,12TH,2021,SCIENCE,96788084,647674989,STATE BOARD,500,381,FIRST,76.2,
646/85610,DHRITI RAMA,2885557184,M.Sc. (Botany - Final),BOTANY,01-01-2026,HENRY VIG,DAKSHA NATARAJAN,SHOPKEEPER,17-06-2008,Female,ST,,"948, DESHMUKH NAGAR, VARANASI-188026","69/30, THAKKAR CHOWK, GULBARGA 709334",BALODA BAZAR,C.G.,YES,qbhatnagar@example.com,777279799716,,,,GRADUATION,2024,SCIENCE,27046355,256224960,HEMCHAND YADAV UNIVERSITY,500,471,FIRST,94.2,
550/51722,KEYA LANKA,7020054710,M.Sc. (Physics - Previous),PHYSICS,06-02-2026,OJAS KOHLI,NISHA TANDON,STUDENT,22-02-2009,Female,OBC,,"55/323, KULKARNI ZILA, MATHURA-850152","28, GOEL NAGAR, RANCHI-146178",BILASPUR,C.G.,YES,dixitneel@example.net,979035782521,,,,GRADUATION,2022,SCIENCE,65137354,615528514,STATE BOARD,500,243,SECOND,48.6,
626/61206,PAVANI DEVAN,5945216959,B.Sc. Electronics,-,27-01-2026,ANAY LANKA,WATIKA PRASHAD,SELF EMPLOYED,07-02-2004,Female,GEN,,"42/560, HANDA CHOWK, SILCHAR 153943","271, DADA ZILA, JODHPUR-403517",RAIPUR,C.G.,NO,annejanya@example.org,458244904257,,,,12TH,2023,SCIENCE,92438870,833810035,CBSE,500,496,FIRST,99.2,
441/13980,FARIS KADE,7962142369,BCA (Bachelor of Computer Applications),COMPUTER,21-01-2026,JOSHUA DHAR,GARIMA KADAKIA,TEACHER,02-09-2004,Male,ST,,"25/728, GADE STREET, AMBALA-868876","89/605, KUNDA STREET, TIRUPPUR 369135",BEMETARA,C.G.,YES,krishamerchant@example.net,130602495368,,,,12TH,2025,ARTS,28502613,224399429,CBSE,500,210,THIRD,42.0,
653/60620,NILIMA MASTER,3661187206,M.Com. (Previous),COMMERCE,10-02-2026,MANAN JAGGI,IRYA NAIDU,CONSULTANT,24-12-2004,Female,GEN,,"27, BASSI CHOWK, DEWAS 454150","33, KANT NAGAR, SURYAPET 358030",RAIPUR,C.G.,YES,teerth77@example.com,901917965172,,,,GRADUATION,2023,COMMERCE,91872198,864354290,STATE BOARD,500,246,SECOND,49.2,
478/39805,JONATHAN SRINIVASAN,6233894950,M.A. (Final),ARTS,25-01-2026,NEEL SHAN,KRISHA HAYRE,SHOPKEEPER,09-04-2008,Male,ST,,"72, IYENGAR, CUTTACK-055658","H.NO. 97, SEN ZILA, BONGAIGAON 101400",DHAMTARI,C.G.,NO,qbadami@example.org,397854146254,,,,GRADUATION,2022,ARTS,84609280,660440853,CBSE,500,308,FIRST,61.6,
943/70981,NITESH PINGLE,7074307311,BBA (Bachelor of Business Administration),MANAGEMENT,24-02-2026,CHAMPAK NAGARAJAN,DAKSHA RAMAN,STUDENT,21-04-2003,Male,OBC,,"26/65, DAVE GANJ, CHENNAI-617681","91/635, PANDEY CIRCLE, SECUNDERABAD 400233",RAJNANDGAON,C.G.,YES,noahshetty@example.com,632519855797,,,,12TH,2024,ARTS,57659470,170258912,HEMCHAND YADAV UNIVERSITY,500,419,FIRST,83.8,
789/24143,BHAVYA MANGAT,0256532900,PGDCA (Post Graduate Diploma in Computer Applications),COMPUTER,28-01-2026,HARRISON SINGHAL,YUTIKA MODY,ELECTRICIAN,23-03-2000,Female,ST,,"H.NO. 380, DADA PATH, PHAGWARA 782769","325, SARRAF, BAREILLY 570343",BALRAMPUR,C.G.,NO,nairtheodore@example.net,075233074956,,,,GRADUATION,2023,ARTS,20089271,857895809,CBSE,500,267,SECOND,53.4,
453/17416,EKBAL CHOWDHURY,1781749919,PGDCA (Post Graduate Diploma in Computer Applications),COMPUTER,04-03-2026,CHRISTOPHER SABHARWAL,AARNA SHA,LAWYER,16-02-2006,Male,GEN,,"H.NO. 95, PRASAD NAGAR, IMPHAL-526778","35/228, MAGAR CIRCLE, AGARTALA 515602",SURGUJA,C.G.,NO,ekbal33@example.org,429079742558,,,,GRADUATION,2021,ARTS,37894298,389401806,CBSE,500,451,FIRST,90.2,
486/77837,LIAM MITAL,5721827444,M.Sc. (Mathematics - Previous),MATHEMATICS,26-02-2026,NATHANIEL RAJ,UNNATI SHROFF,MECHANIC,23-03-2003,Male,OBC,,"19/287, PALLA MARG, NAGERCOIL-740268","372, BARAL ROAD, AKOLA 153805",RAIGARH,C.G.,YES,dalbir86@example.org,799110779992,,,,GRADUATION,2025,SCIENCE,30775098,408648592,HEMCHAND YADAV UNIVERSITY,500,232,SECOND,46.4,
322/92609,AASHI BEHL,8203419116,B.Sc. IT (Information Technology),COMPUTER,12-02-2026,WAZIR NARASIMHAN,ISHANI TATA,ACCOUNTANT,13-02-2006,Female,OBC,,"67/60, DALAL STREET, BARDHAMAN-871107","H.NO. 385, HALDER NAGAR, PANCHKULA-466284",BALOD,C.G.,YES,nchopra@example.com,530807797881,,,,12TH,2025,SCIENCE,70111686,375552158,STATE BOARD,500,447,FIRST,89.4,
430/88709,WIDISHA KAKAR,1548702120,M.A. (Previous),ARTS,04-01-2026,ARIN NATH,ANUSHA NORI,BUSINESS,18-11-2005,Female,ST,,"17, SHETTY ZILA, SAMBALPUR-990968","606, NATT CIRCLE, ANAND-835859",BILASPUR,C.G.,YES,yashicarout@example.org,989248991651,,,,GRADUATION,2024,ARTS,20358809,953959083,CBSE,500,381,FIRST,76.2,
506/66629,ISHAAN DAR,2026497303,PGDCA (Post Graduate Diploma in Computer Applications),COMPUTER,24-01-2026,AMOL SINGHAL,UPADHRITI SRIDHAR,PLUMBER,18-12-2003,Male,GEN,,"H.NO. 65, PRAKASH MARG, SIRSA 644037","141, GOLLA STREET, SULTAN PUR MAJRA-324436",SURGUJA,C.G.,YES,umahajan@example.net,848184314181,,,,GRADUATION,2025,ARTS,85033633,263505802,HEMCHAND YADAV UNIVERSITY,500,241,SECOND,48.2,
388/39690,VIRAJ CHAUDRY,4957122957,B.A.,ARTS,03-01-2026,OSCAR MITAL,ANVI NIGAM,POLICE,13-01-2004,Male,OBC,,"59, MITTER PATH, CHITTOOR 268448","14, MITAL PATH, MUZAFFARPUR 559218",RAIPUR,C.G.,YES,barkhajaggi@example.org,651482060994,,,,12TH,2023,ARTS,02144837,024307031,CBSE,500,227,SECOND,45.4,
811/63083,WRIDDHISH SURESH,0129622668,M.Com. (Previous),COMMERCE,30-01-2026,KRISHNA DORA,EKANI VARUGHESE,GOVT EMPLOYEE,17-02-2004,Male,SC,,"729, TRIVEDI CHOWK, PALLAVARAM-512529","H.NO. 45, RAGHAVAN NAGAR, ROHTAK 963713",BILASPUR,C.G.,YES,shuklateerth@example.net,694868986386,,,,GRADUATION,2022,COMMERCE,73255965,480471746,HEMCHAND YADAV UNIVERSITY,500,374,FIRST,74.8,
387/67850,RANBIR AGRAWAL,0543580476,M.Sc. (Chemistry - Previous),CHEMISTRY,25-01-2026,ANAY CHOUDHURY,ADVIKA KUNDA,CONSULTANT,27-07-2006,Male,OBC,,"55/82, HANDA NAGAR, BILASPUR 673366","H.NO. 761, KIBE PATH, SAHARSA 371370",SUKMA,C.G.,YES,qchhabra@example.net,105550383335,,,,GRADUATION,2023,SCIENCE,12794245,841649009,HEMCHAND YADAV UNIVERSITY,500,441,FIRST,88.2,
848/81285,ABHIRAM DOSHI,3424888017,B.Sc. Electronics,-,20-02-2026,YAGNESH SARAN,ABHA RAJA,POLICE,01-01-2006,Male,SC,,"H.NO. 505, MURTY STREET, JAIPUR-487157","78/040, MUKHOPADHYAY MARG, KOLKATA 149457",JANJGIR-CHAMPA,C.G.,YES,ronith11@example.org,472084273065,,,,12TH,2025,SCIENCE,37609854,421608269,STATE BOARD,500,500,FIRST,100.0,
861/71067,HIRAL KARPE,9967520226,M.Sc. (Physics - Final),PHYSICS,20-01-2026,VIHAAN VERMA,BHAVIKA HALDER,ELECTRICIAN,28-11-2002,Female,OBC,,"98/35, SAHOTA STREET, FARIDABAD-457034","18/885, SETH CIRCLE, TENALI 379281",RAJNANDGAON,C.G.,YES,jatinoak@example.com,630656946267,,,,GRADUATION,2020,SCIENCE,58657853,746274996,HEMCHAND YADAV UNIVERSITY,500,340,FIRST,68.0,
534/27591,CHRISTOPHER BAKSHI,3494582015,B.Lib (Bachelor of Library Science),LIBRARY SCIENCE,25-02-2026,GUNEET JAYARAMAN,LILA VARGHESE,MECHANIC,15-01-2008,Male,ST,,"608, RASTOGI CIRCLE, ASANSOL 300046","63, SETTY, DHULE 798863",RAJNANDGAON,C.G.,YES,triyapuri@example.net,681145362221,,,,12TH,2020,ARTS,19564855,171931212,STATE BOARD,500,246,SECOND,49.2,
172/69238,BRINDA SRINIVASAN,2030106837,M.Sc. (Botany - Final),BOTANY,23-02-2026,UMANG SHAN,KEYA LAD,STUDENT,17-03-2009,Female,ST,,"H.NO. 03, BAINS GANJ, SILCHAR-507235","49/833, MEMON CIRCLE, DELHI-010266",DURG,C.G.,NO,osom@example.org,600560289047,,,,GRADUATION,2023,SCIENCE,06796470,638880890,STATE BOARD,500,242,SECOND,48.4,
668/47637,CHASMUM BAL,8654712690,B.Lib (Bachelor of Library Science),LIBRARY SCIENCE,01-02-2026,WARINDER BARAD,CHAITALY RAO,CONSULTANT,18-12-2005,Female,GEN,,"72/99, SAGAR, BHALSWA JAHANGIR PUR-520631","37/841, SONI NAGAR, YAMUNANAGAR 409454",GARIABAND,C.G.,YES,ybir@example.org,841474551970,,,,12TH,2021,ARTS,35135577,543168952,HEMCHAND YADAV UNIVERSITY,500,371,FIRST,74.2,
946/31115,OLIVER SURI,1142127828,M.Sc. (Chemistry - Previous),CHEMISTRY,25-01-2026,DOMINIC MISHRA,ZILMIL CHANDER,SELF EMPLOYED,31-05-2002,Male,OBC,,"35, CHAUDHARI, BETTIAH 006204","13/936, SETTY CHOWK, BELGAUM 975765",DURG,C.G.,YES,dhillonvrinda@example.com,648752403303,,,,GRADUATION,2020,SCIENCE,30382172,858022771,STATE BOARD,500,408,FIRST,81.6,
279/18594,TARAK SRIDHAR,2991347506,M.Sc. (Zoology - Previous),ZOOLOGY,09-02-2026,INDRAJIT DUGAL,ODIKA ZACHARIAH,NURSE,26-10-2000,Male,OBC,,"H.NO. 820, RAMACHANDRAN CIRCLE, NANGLOI JAT-428534","H.NO. 471, KAUL MARG, ADONI-746587",BALRAMPUR,C.G.,NO,aryan81@example.com,938244341474,,,,GRADUATION,2021,SCIENCE,47154505,052935074,HEMCHAND YADAV UNIVERSITY,500,273,SECOND,54.6,
735/78357,BACHITTAR MITAL,2468330501,M.Sc. (Mathematics - Previous),MATHEMATICS,18-03-2026,KAI COMAR,OMISHA RATTA,ELECTRICIAN,30-08-2004,Male,OBC,,"H.NO. 75, SAWHNEY ROAD, GANDHINAGAR 222302","13, VASA NAGAR, HALDIA-856094",KONDAGAON,C.G.,NO,krish14@example.net,136123300112,,,,GRADUATION,2023,SCIENCE,34063740,453515209,STATE BOARD,500,277,SECOND,55.4,
230/20425,ATHARV LALL,1344772967,M.Sc. (Chemistry - Final),CHEMISTRY,08-01-2026,VINCENT CHAKRABARTI,TARA SRIDHAR,POLICE,26-09-2003,Male,ST,,"50/515, PATHAK CHOWK, AMBARNATH-020888","H.NO. 569, VYAS ROAD, MUZAFFARPUR 944353",BALOD,C.G.,YES,nihaltiwari@example.org,049858618229,,,,GRADUATION,2021,SCIENCE,16751142,854268687,STATE BOARD,500,442,FIRST,88.4,
366/30809,HIRAL BARAD,0699698820,B.Com.,COMMERCE,13-01-2026,FALAN ARYA,TARA RAO,PRIVATE JOB,09-01-2001,Female,ST,,"94, NARAYANAN CHOWK, GUWAHATI 355553","H.NO. 319, BARAD CHOWK, MADURAI-146415",BIJAPUR,C.G.,NO,rachitadivan@example.com,898604893978,,,,12TH,2021,COMMERCE,80457231,585979759,CBSE,500,237,SECOND,47.4,
910/79979,VINAYA MANE,6048356909,B.Lib (Bachelor of Library Science),LIBRARY SCIENCE,15-02-2026,AZAAN KANNAN,AMAIRA BEHL,STUDENT,29-11-2005,Female,SC,,"11/338, PRAKASH MARG, MUZAFFARPUR 382058","336, CONTRACTOR STREET, RAIGANJ-019934",KOREA,C.G.,YES,chamelidhaliwal@example.net,198183890454,,,,12TH,2021,ARTS,42538289,578521235,STATE BOARD,500,347,FIRST,69.4,
733/41556,JANANI BHATTACHARYYA,7275429177,B.Lib (Bachelor of Library Science),LIBRARY SCIENCE,23-02-2026,NEEL VYAS,JANYA DEO,PRIVATE JOB,12-05-2008,Female,GEN,,"H.NO. 208, TALWAR CIRCLE, RAURKELA INDUSTRIAL TOWNSHIP-515381","236, DE ROAD, SECUNDERABAD 238930",BASTAR,C.G.,NO,saumya68@example.net,132581851939,,,,12TH,2020,ARTS,36776684,692228499,HEMCHAND YADAV UNIVERSITY,500,389,FIRST,77.8,
180/66608,GAURIKA VOHRA,7005624801,M.Sc. (Physics - Final),PHYSICS,11-03-2026,RUSHIL SHUKLA,SARA KALE,ARTIST,17-02-2006,Female,GEN,,"57/005, VERMA MARG, VIJAYAWADA-325139","55/594, SRINIVASAN PATH, GUNA 260948",MAHASAMUND,C.G.,NO,teerth55@example.net,861312850817,,,,GRADUATION,2022,SCIENCE,11334839,633053943,STATE BOARD,500,471,FIRST,94.2,
690/47477,SAI UPADHYAY,3201862681,B.Sc. IT (Information Technology),COMPUTER,27-02-2026,TRISTAN NAGY,OMISHA HARI,ARTIST,06-06-2008,Male,OBC,,"71/837, DEO CHOWK, RAICHUR-025734","66/64, OOMMEN STREET, REWA 271345",BASTAR,C.G.,NO,wazirvenkataraman@example.org,744547923107,,,,12TH,2024,SCIENCE,89954209,539026294,STATE BOARD,500,490,FIRST,98.0,
822/16754,IDIKA AMBLE,5837614917,M.Sc. (Chemistry - Previous),CHEMISTRY,06-03-2026,XAVIER BATH,JAGRATI MODY,GOVT EMPLOYEE,28-10-2002,Female,SC,,"H.NO. 51, GOUR MARG, AGARTALA-038683","H.NO. 60, GANESAN MARG, GORAKHPUR-531013",RAJNANDGAON,C.G.,NO,victormandal@example.org,546950744369,,,,GRADUATION,2022,SCIENCE,75327756,594963182,CBSE,500,341,FIRST,68.2,
923/55854,OWEN RAJU,4259707058,M.Sc. (Chemistry - Final),CHEMISTRY,15-03-2026,ABEER NAGAR,RIDHI BHARDWAJ,ELECTRICIAN,19-05-2006,Male,SC,,"15/276, NAZARETH ROAD, AIZAWL-247948","10, TOOR CHOWK, JORHAT 528701",BEMETARA,C.G.,YES,hnarayanan@example.org,774237235719,,,,GRADUATION,2022,SCIENCE,39643749,620976811,HEMCHAND YADAV UNIVERSITY,500,423,FIRST,84.6,
636/80391,NIRJA UPADHYAY,6642058880,BCA (Bachelor of Computer Applications),COMPUTER,12-01-2026,NAKUL PATHAK,UCCHAL KHURANA,ENGINEER,15-05-2006,Female,ST,,"H.NO. 455, LALA ZILA, THANJAVUR-077891","H.NO. 68, CHACKO MARG, BHARATPUR 845237",SUKMA,C.G.,YES,ggupta@example.com,053217453933,,,,12TH,2020,ARTS,60462597,564329271,STATE BOARD,500,450,FIRST,90.0,
920/96955,ANYA NIGAM,5755098348,M.A. (Previous),ARTS,03-02-2026,WYATT MANE,MUGDHA GARDE,SELF EMPLOYED,30-06-2007,Female,SC,,"63/973, DASH CHOWK, AHMEDABAD 204587","21/43, NATT STREET, AHMEDABAD 547998",BILASPUR,C.G.,NO,dominicwarrior@example.com,029079507368,,,,GRADUATION,2022,ARTS,90467429,503641084,CBSE,500,234,SECOND,46.8,
831/46475,INAYA DHALIWAL,6076374563,M.Sc. (Mathematics - Previous),MATHEMATICS,12-02-2026,OJAS KALA,NIHARIKA MURTY,LABOUR,31-07-2005,Female,ST,,"H.NO. 565, SOLANKI NAGAR, RAMPUR 503918","93/20, NAZARETH NAGAR, GIRIDIH-659882",BEMETARA,C.G.,NO,swaminathanjack@example.com,976260843369,,,,GRADUATION,2020,SCIENCE,52067877,823858878,CBSE,500,301,FIRST,60.2,
381/14704,SACHI SAVANT,2436012593,M.Sc. (Chemistry - Previous),CHEMISTRY,07-02-2026,BACHITTAR DESHPANDE,EKANTIKA RAJAGOPALAN,FREELANCER,04-04-2002,Female,SC,,"59, MADAN PATH, THRISSUR-030469","40, DEEP ZILA, BHIMAVARAM-407415",KANKER,C.G.,NO,jyotisood@example.org,451137371124,,,,GRADUATION,2025,SCIENCE,50082034,969894782,STATE BOARD,500,354,FIRST,70.8,
581/85963,INDALI KARPE,1477863108,B.Sc. Computer Science,COMPUTER,01-03-2026,ONKAR APTE,SUHANI KANT,CONSULTANT,21-11-2001,Female,SC,,"22/47, LALL STREET, TADIPATRI 477771","09, RAVAL NAGAR, TADIPATRI-743125",KORBA,C.G.,NO,randhawaaarini@example.net,512625841809,,,,12TH,2020,SCIENCE,91086019,926951707,STATE BOARD,500,284,SECOND,56.8,
406/54726,HARSH VERMA,5719568335,M.Sc. (Physics - Final),PHYSICS,16-01-2026,AZAD SEN,MOHINI ZACHARIA,CARPENTER,07-05-2005,Male,GEN,,"94, BAKSHI ZILA, DHARMAVARAM 326748","748, KUMER PATH, RAIGANJ 754812",KONDAGAON,C.G.,YES,avi87@example.net,146653501213,,,,GRADUATION,2022,SCIENCE,84290205,574270709,HEMCHAND YADAV UNIVERSITY,500,390,FIRST,78.0,
563/69188,RIYA RAMANATHAN,1213457832,M.Sc. (Physics - Previous),PHYSICS,16-02-2026,SHIVANSH MERCHANT,NETRA BAL,ELECTRICIAN,27-08-2003,Female,OBC,,"H.NO. 746, DESAI ROAD, AIZAWL 905925","11, RATTA GANJ, AMBATTUR 749368",KOREA,C.G.,YES,fshankar@example.org,426073315543,,,,GRADUATION,2025,SCIENCE,27401562,700846501,HEMCHAND YADAV UNIVERSITY,500,203,THIRD,40.6,
829/30599,PRATYUSH DOSHI,7403889489,B.Sc. Electronics,-,08-01-2026,AZAD RAI,MAYA PRABHAKAR,FARMER,03-10-2003,Male,SC,,"00/95, CHHABRA CIRCLE, ULHASNAGAR 870531","40/26, BORA ZILA, FARIDABAD-096243",BALOD,C.G.,YES,dhillononkar@example.org,394383206067,,,,12TH,2022,SCIENCE,69578598,585760100,CBSE,500,303,FIRST,60.6,
631/35931,FIYAZ ACHARYA,5544219402,B.Sc. (Mathematics),MATHEMATICS,07-02-2026,JASON SONI,BAGHYAWATI DEVAN,PRIVATE JOB,03-08-2006,Male,OBC,,"H.NO. 722, RATTI MARG, SASARAM-874027","H.NO. 19, NORI PATH, MEHSANA-673629",BILASPUR,C.G.,NO,andrew09@example.com,172971977446,,,,12TH,2021,SCIENCE,19535209,987018049,HEMCHAND YADAV UNIVERSITY,500,499,FIRST,99.8,
167/21172,JOSHUA SURA,8409303685,BCA (Bachelor of Computer Applications),COMPUTER,08-01-2026,GAURAV RAO,NIDRA MISRA,RETIRED,29-01-2008,Male,ST,,"03/52, HANS, GUNTAKAL 169921","H.NO. 36, MODY CIRCLE, MORBI-752069",RAIPUR,C.G.,YES,abarad@example.net,624061730597,,,,12TH,2022,ARTS,55427643,509558334,STATE BOARD,500,253,SECOND,50.6,
488/87740,JAIRAJ YADAV,7496883446,B.Sc. Biotechnology,-,13-03-2026,PRATYUSH SHROFF,ODIKA GADE,STUDENT,22-10-2005,Male,SC,,"H.NO. 21, GADE CIRCLE, HOWRAH-974596","H.NO. 42, SANKAR CHOWK, BUXAR 188569",DURG,C.G.,YES,kala25@example.net,025208355104,,,,12TH,2023,SCIENCE,11093596,205736272,HEMCHAND YADAV UNIVERSITY,500,357,FIRST,71.4,
829/25891,FALAN BARAD,0617641243,B.A.,ARTS,02-02-2026,NIHAL KAR,ESHANA PRASAD,BUSINESS,13-01-2002,Male,SC,,"31/29, MANDA NAGAR, KISHANGANJ 493346","19, BAL, JALGAON-635296",JANJGIR-CHAMPA,C.G.,NO,vsingh@example.net,456501501612,,,,12TH,2022,ARTS,50337977,500028229,CBSE,500,209,THIRD,41.8,
265/48997,LILA BORRA,6907079981,M.Sc. (Physics - Final),PHYSICS,17-02-2026,ISHWAR TAILOR,KRISHA RAY,DOCTOR,11-11-2000,Female,GEN,,"H.NO. 37, D’ALIA, ALLAHABAD-398431","57/008, RAMAN GANJ, ALWAR-368447",BEMETARA,C.G.,NO,anayar@example.org,895308369466,,,,GRADUATION,2022,SCIENCE,77908980,761190820,HEMCHAND YADAV UNIVERSITY,500,320,FIRST,64.0,
785/39727,CHARITA SHUKLA,3683861743,B.Sc. Biotechnology,-,09-02-2026,ANDREW KEER,QUSHI MANGAL,SELF EMPLOYED,27-02-2001,Female,GEN,,"695, BARMAN MARG, SILCHAR-186251","88/08, VIRK MARG, PHAGWARA 001169",JANJGIR-CHAMPA,C.G.,NO,tdey@example.net,976860307776,,,,12TH,2024,SCIENCE,11801607,553508008,CBSE,500,341,FIRST,68.2,
293/42912,PARTH VYAS,4763596002,M.Sc. (Computer Science - Final),COMPUTER,04-01-2026,REYANSH BRAHMBHATT,DIVYA PRASHAD,ENGINEER,16-02-2002,Male,OBC,,"H.NO. 78, ISSAC ROAD, HAZARIBAGH 938827","H.NO. 48, NAZARETH PATH, MORBI 116094",DURG,C.G.,NO,jagat43@example.com,432050417616,,,,GRADUATION,2022,SCIENCE,24375100,087542713,HEMCHAND YADAV UNIVERSITY,500,245,SECOND,49.0,
635/77253,RAAGINI PRADHAN,1693504377,B.Sc. IT (Information Technology),COMPUTER,08-02-2026,AZAD BANERJEE,EKANTIKA GERA,DRIVER,26-08-2006,Female,OBC,,"32/59, SHROFF NAGAR, MADANAPALLE 375728","H.NO. 501, MITRA PATH, THIRUVANANTHAPURAM-595544",JASHPUR,C.G.,YES,vartyaadi@example.org,510882517164,,,,12TH,2025,SCIENCE,75229320,081092140,HEMCHAND YADAV UNIVERSITY,500,247,SECOND,49.4,
741/41245,WATIKA PERI,9123481495,M.Sc. (Physics - Previous),PHYSICS,04-02-2026,WARJAS SABHARWAL,QUSHI KALA,ELECTRICIAN,02-05-2000,Female,SC,,"42/812, MUTTI STREET, MADANAPALLE-968446","87/26, DIVAN CHOWK, RAJAHMUNDRY-845611",GARIABAND,C.G.,YES,jananikale@example.org,373175209828,,,,GRADUATION,2025,SCIENCE,21152333,370423008,STATE BOARD,500,364,FIRST,72.8,
947/70818,XITI NAIK,5366203221,B.A.,ARTS,08-03-2026,JACKSON NARAYAN,NILIMA APTE,CARPENTER,05-02-2007,Female,GEN,,"H.NO. 79, SONI MARG, PANVEL 506744","881, MANNE CHOWK, BATHINDA-551917",BASTAR,C.G.,YES,advay84@example.org,248251769308,,,,12TH,2022,ARTS,10261256,859784133,CBSE,500,278,SECOND,55.6,
640/86096,VAISHNAVI VALA,8087608029,B.Com.,COMMERCE,22-01-2026,WRIDDHISH JOHAL,EKIYA PATEL,NURSE,18-03-2008,Female,ST,,"94/56, NARAYAN NAGAR, PHAGWARA 987240","85/504, SINGHAL NAGAR, BALLIA-817812",BALRAMPUR,C.G.,NO,aarushmukherjee@example.com,263479371886,,,,12TH,2021,COMMERCE,61804047,858631578,STATE BOARD,500,368,FIRST,73.6,
824/41308,NILIMA KALA,4334753889,M.Sc. (Mathematics - Final),MATHEMATICS,07-02-2026,RAYAAN MUKHOPADHYAY,ANIKA BARIA,BUSINESS,09-03-2004,Female,GEN,,"17/651, AGRAWAL NAGAR, THANJAVUR 313699","H.NO. 560, VARMA ZILA, ARRAH 770348",BALOD,C.G.,YES,pnadig@example.net,585426306167,,,,GRADUATION,2023,SCIENCE,69018683,114291744,HEMCHAND YADAV UNIVERSITY,500,497,FIRST,99.4,
285/74958,YOSHITA SOOD,8981348012,M.Sc. (Mathematics - Previous),MATHEMATICS,15-02-2026,FARHAN SINHA,HEMA RAMESH,STUDENT,14-08-2005,Female,SC,,"08/578, MORE ZILA, ELURU-936996","H.NO. 430, BEDI ZILA, RAIPUR-201075",BASTAR,C.G.,YES,aurorajagdish@example.net,462819298090,,,,GRADUATION,2023,SCIENCE,02830424,645075366,CBSE,500,347,FIRST,69.4,
960/50170,UTKARSH BHATIA,9641946687,BBA (Bachelor of Business Administration),MANAGEMENT,14-02-2026,FAQID OZA,ANJALI RAMAKRISHNAN,SHOPKEEPER,08-06-2008,Male,SC,,"87/611, APTE CIRCLE, THANJAVUR-319980","612, DEVAN, CHITTOOR-785470",RAJNANDGAON,C.G.,YES,avni90@example.net,767292994079,,,,12TH,2021,ARTS,99653455,500156887,CBSE,500,345,FIRST,69.0,
487/56371,VRISHTI MORAR,9451916816,M.Sc. (Biotechnology - Final),-,10-01-2026,BAHADURJIT VARTY,MADHAVI DIVAN,ARMY PERSONNEL,23-03-2000,Female,OBC,,"76/57, BAJAJ PATH, AMBALA-613712","389, DAS ROAD, WARANGAL-379499",BALODA BAZAR,C.G.,NO,ekalinga97@example.com,599221637616,,,,GRADUATION,2022,SCIENCE,50861186,527303624,HEMCHAND YADAV UNIVERSITY,500,488,FIRST,97.6,
761/84813,HARISH DUBEY,5382994675,M.Sc. (Biotechnology - Final),-,14-01-2026,TIMOTHY SANE,VAISHNAVI CONTRACTOR,CARPENTER,12-01-2005,Male,OBC,,"39/474, RAO MARG, NANDYAL 621622","H.NO. 593, JOHAL NAGAR, GIRIDIH 839488",BEMETARA,C.G.,YES,rajkamala@example.com,170657393261,,,,GRADUATION,2020,SCIENCE,31976257,154325849,HEMCHAND YADAV UNIVERSITY,500,384,FIRST,76.8,
266/94221,YASHAWINI SRINIVAS,6895015611,M.Sc. (Botany - Final),BOTANY,21-02-2026,TANVEER RAVI,HEMANI SODHI,PRIVATE JOB,25-05-2003,Female,SC,,"91/19, PADMANABHAN ZILA, FARIDABAD 074037","H.NO. 89, SUNDARAM NAGAR, HOSUR-549088",KONDAGAON,C.G.,YES,sarrafjagvi@example.org,582673493795,,,,GRADUATION,2025,SCIENCE,23146668,798766621,CBSE,500,363,FIRST,72.6,
782/97431,GEORGE BUCH,9796754031,M.Com. (Previous),COMMERCE,03-02-2026,AARAV GOLLA,KAVYA VAIDYA,SHOPKEEPER,02-09-2007,Male,SC,,"19, JOSHI CIRCLE, RANCHI 905906","08/59, DUBEY PATH, BIJAPUR 064538",BIJAPUR,C.G.,YES,dassadvaith@example.net,671999704045,,,,GRADUATION,2020,COMMERCE,54966170,588929585,HEMCHAND YADAV UNIVERSITY,500,328,FIRST,65.6,
834/57110,CHATURA NARANG,4224337378,M.Sc. (Computer Science - Previous),COMPUTER,03-03-2026,FARIS MUNSHI,YASHICA DUTT,CONSULTANT,06-04-2008,Male,OBC,,"16/722, MITTER, MALDA-231332","56, SHANKAR CHOWK, AMRITSAR-382298",BASTAR,C.G.,NO,rajagopalisha@example.com,529769571616,,,,GRADUATION,2020,SCIENCE,59571680,879486940,HEMCHAND YADAV UNIVERSITY,500,283,SECOND,56.6,
407/27627,GARIMA DHAWAN,6297446872,BAJMC (Bachelor of Arts in Journalism & Mass Communication),COMMERCE,04-01-2026,SHIVANSH BAHRI,VEDIKA MANGAL,ARTIST,15-04-2000,Female,SC,,"444, RAJAGOPALAN CIRCLE, GAYA 968232","H.NO. 844, WALI STREET, ALIGARH 634167",JANJGIR-CHAMPA,C.G.,YES,maanas48@example.net,165407079640,,,,12TH,2023,ARTS,42094763,669262143,CBSE,500,404,FIRST,80.8,
334/50615,DEVANSH CONTRACTOR,9534896645,M.Sc. (Zoology - Final),ZOOLOGY,28-01-2026,ZAID MUNSHI,ESHANA GODA,CARPENTER,18-12-2005,Male,OBC,,"H.NO. 33, KAPADIA NAGAR, KULTI 149033","H.NO. 75, CHACKO GANJ, MORENA 265136",KORBA,C.G.,YES,jagrati80@example.net,217916366063,,,,GRADUATION,2020,SCIENCE,66523393,260838317,STATE BOARD,500,445,FIRST,89.0,
204/72906,PRATYUSH WABLE,7903557239,B.Sc. Electronics,-,04-02-2026,CHAKRADEV DARA,NITARA DATE,ENGINEER,22-12-2008,Male,ST,,"H.NO. 431, WABLE, SULTAN PUR MAJRA 463895","629, CHAKRABORTY ZILA, MEDININAGAR 558967",SURGUJA,C.G.,YES,cwable@example.com,812094093288,,,,12TH,2022,SCIENCE,04462958,847838623,HEMCHAND YADAV UNIVERSITY,500,414,FIRST,82.8,
222/38609,DAYAMAI KALA,1566829967,M.Sc. (Computer Science - Previous),COMPUTER,03-02-2026,PRATYUSH RATTI,GAURIKA DAS,FARMER,11-02-2006,Female,GEN,,"H.NO. 877, BADAL, ROHTAK-379960","328, NAZARETH ROAD, BIKANER 825699",BALRAMPUR,C.G.,YES,neelpall@example.com,339312608357,,,,GRADUATION,2021,SCIENCE,41241130,006024652,CBSE,500,267,SECOND,53.4,
819/62563,IKBAL DHAR,7783786454,B.Sc. IT (Information Technology),COMPUTER,24-01-2026,DAKSHESH MAND,DEEPA SOMAN,ELECTRICIAN,05-09-2002,Male,SC,,"78/83, RAY GANJ, UJJAIN 013686","81/530, VERMA MARG, ETAWAH 986184",RAJNANDGAON,C.G.,YES,ati55@example.org,656311669525,,,,12TH,2022,SCIENCE,67841382,257495544,CBSE,500,301,FIRST,60.2,
117/82087,RADHIKA DEY,9995627256,B.Sc. Micro Biology,BIOLOGY,23-02-2026,MANBIR KANNAN,ZANSI DEWAN,LAWYER,27-06-2004,Female,OBC,,"93, SACHDEV ROAD, SURENDRANAGAR DUDHREJ 912334","H.NO. 188, YOGI NAGAR, KATIHAR-239201",KANKER,C.G.,NO,vermafalan@example.net,633376710296,,,,12TH,2025,SCIENCE,52372547,421843423,STATE BOARD,500,432,FIRST,86.4,
437/95314,GOPAL HANS,3153705667,B.Sc. (Biology),BIOLOGY,03-01-2026,UPKAAR DARA,MADHAVI PARMAR,GOVT EMPLOYEE,20-07-2008,Male,GEN,,"H.NO. 587, WABLE PATH, BETTIAH-223170","81, LALL MARG, JAMALPUR-147740",KONDAGAON,C.G.,NO,darshwalla@example.com,003629327503,,,,12TH,2024,SCIENCE,83483299,957292021,STATE BOARD,500,432,FIRST,86.4,
443/25610,UNNATI PATIL,2778913450,M.Com. (Previous),COMMERCE,17-03-2026,ROBERT RAJAN,VARENYA GUPTA,NURSE,24-11-2004,Female,SC,,"H.NO. 474, NAYAR PATH, AMBALA-251986","117, BORA CHOWK, BHAVNAGAR-715112",BILASPUR,C.G.,YES,minhasharshil@example.net,389018353894,,,,GRADUATION,2021,COMMERCE,68594964,859831866,STATE BOARD,500,276,SECOND,55.2,
568/98916,SIDDHARTH NANDA,9799259387,M.Sc. (Zoology - Final),ZOOLOGY,09-02-2026,FARAS BARIA,GARIMA SURESH,BUSINESS,28-02-2008,Male,GEN,,"09/922, ANAND ROAD, FARIDABAD-946235","143, VASA ROAD, ULUBERIA 225546",MAHASAMUND,C.G.,NO,svig@example.org,637710985570,,,,GRADUATION,2024,SCIENCE,89644572,872950197,CBSE,500,287,SECOND,57.4,
103/32656,KEYA DHINGRA,6595216352,M.Sc. (Zoology - Final),ZOOLOGY,04-02-2026,ISAAC SANDHU,DAYAMAI SOM,CARPENTER,15-06-2003,Female,ST,,"06/93, MANE NAGAR, GHAZIABAD 871689","488, BEN MARG, CHANDRAPUR 120653",BIJAPUR,C.G.,NO,dominicoak@example.com,751241308279,,,,GRADUATION,2021,SCIENCE,21986260,709625534,HEMCHAND YADAV UNIVERSITY,500,205,THIRD,41.0,
216/30505,SHRAVYA NARANG,4735265150,B.Sc. (Biology),BIOLOGY,01-01-2026,NATHAN DEVAN,GAYATHRI KHATRI,FREELANCER,28-03-2001,Female,GEN,,"639, DARA STREET, CHANDIGARH-359811","H.NO. 396, TAK MARG, BHIWANI-309841",KOREA,C.G.,YES,galahritik@example.com,809712777859,,,,12TH,2024,SCIENCE,48286976,365243651,HEMCHAND YADAV UNIVERSITY,500,460,FIRST,92.0,
438/45047,LAKSH CHAKRABORTY,1286528964,M.Sc. (Chemistry - Previous),CHEMISTRY,14-02-2026,HITESH ARYA,SHIVANI SURA,GOVT EMPLOYEE,19-10-2007,Male,OBC,,"46, BHAGAT PATH, VASAI-VIRAR-037794","957, BARIA PATH, KOLKATA-838369",RAIGARH,C.G.,NO,falanrana@example.org,631040977166,,,,GRADUATION,2022,SCIENCE,93047699,388540730,STATE BOARD,500,446,FIRST,89.2,
502/13128,DAYAMAI SASTRY,1078290329,M.Sc. (Chemistry - Final),CHEMISTRY,11-03-2026,FINN BASAK,UPASNA REGE,CONSULTANT,15-01-2006,Female,OBC,,"37/293, BAINS PATH, GHAZIABAD 553102","H.NO. 193, RATTI GANJ, KUMBAKONAM 127956",JASHPUR,C.G.,NO,rchadha@example.net,871592905684,,,,GRADUATION,2021,SCIENCE,74484319,941742069,HEMCHAND YADAV UNIVERSITY,500,477,FIRST,95.4,
950/57847,HEMANGINI VIG,0013486755,M.Sc. (Computer Science - Previous),COMPUTER,27-02-2026,ROBERT KARNIK,ATI DEEP,CONSULTANT,27-03-2000,Female,GEN,,"90, KAUR STREET, KOZHIKODE 949997","366, ROUT PATH, RAIGANJ-234321",SUKMA,C.G.,YES,yashicamaster@example.com,383969487286,,,,GRADUATION,2025,SCIENCE,52761927,320171980,STATE BOARD,500,445,FIRST,89.0,
823/29275,PATRICK KOTHARI,8973571813,B.Com.,COMMERCE,15-01-2026,YUG SEN,YASHVI DAR,CONSULTANT,21-09-2008,Male,ST,,"57, SEKHON CIRCLE, MANGO 500961","91, NAIK NAGAR, JALNA-838585",BALODA BAZAR,C.G.,NO,sanyagara@example.net,694035358366,,,,12TH,2020,COMMERCE,84394469,921677739,HEMCHAND YADAV UNIVERSITY,500,332,FIRST,66.4,
153/72247,CHAMELI BASAK,3619799555,M.Sc. (Botany - Previous),BOTANY,14-02-2026,BANJEET SUBRAMANIAM,KAVYA CHHABRA,SHOPKEEPER,29-01-2009,Female,GEN,,"930, PATHAK CIRCLE, VIJAYAWADA-570505","39/745, TELLA ROAD, ROHTAK 578237",GARIABAND,C.G.,NO,pushtidubey@example.net,546002793676,,,,GRADUATION,2023,SCIENCE,59119622,155225347,STATE BOARD,500,447,FIRST,89.4,
794/56107,OVIYA GOLA,0173179460,M.A. (Previous),ARTS,22-01-2026,HARRISON VORA,XITI TRIPATHI,SELF EMPLOYED,09-01-2006,Female,ST,,"89/23, DIVAN ZILA, MADHYAMGRAM 396054","96, LATA CHOWK, BAHRAICH-374323",BALOD,C.G.,NO,nvyas@example.com,040262485080,,,,GRADUATION,2024,ARTS,28212477,340897107,STATE BOARD,500,480,FIRST,96.0,
761/11588,VRISHTI KADAKIA,3037771828,B.Sc. Computer Science,COMPUTER,17-03-2026,ISHWAR SAVANT,YAUVANI SODHI,DOCTOR,28-05-2000,Female,ST,,"070, KALA CIRCLE, BIJAPUR-109732","96/69, SOOD CHOWK, SAHARANPUR 526213",KANKER,C.G.,NO,znaidu@example.org,630035553164,,,,12TH,2022,SCIENCE,25646589,728341492,HEMCHAND YADAV UNIVERSITY,500,297,SECOND,59.4,
190/27845,HAMSINI SHROFF,5147947919,BAJMC (Bachelor of Arts in Journalism & Mass Communication),COMMERCE,24-02-2026,RAGHAV BEHL,POOJA GREWAL,GOVT EMPLOYEE,16-02-2007,Female,GEN,,"471, GOEL PATH, SAMBALPUR-323846","H.NO. 768, KRISHNAN CIRCLE, GULBARGA 605434",NARAYANPUR,C.G.,YES,eiravati38@example.org,264456231811,,,,12TH,2022,ARTS,39360823,687834566,HEMCHAND YADAV UNIVERSITY,500,238,SECOND,47.6,
116/55753,JAGVI KARA,5061828062,BCA (Bachelor of Computer Applications),COMPUTER,14-01-2026,DEVANSH GUHA,KALA MAGAR,STUDENT,21-04-2005,Female,ST,,"H.NO. 120, GARG CHOWK, TUMKUR-863967","17/77, ANDRA PATH, JODHPUR-047608",JASHPUR,C.G.,YES,lipikaoak@example.net,068487207126,,,,12TH,2020,ARTS,74518069,411194509,HEMCHAND YADAV UNIVERSITY,500,384,FIRST,76.8,
701/30388,RAJATA DYAL,5251229424,M.Sc. (Botany - Final),BOTANY,15-03-2026,CHAITANYA SETH,KRISHNA SEN,CONSULTANT,25-08-2005,Female,GEN,,"20/104, SOMAN CHOWK, MAU-909510","H.NO. 59, NATH CIRCLE, KATIHAR-797713",JANJGIR-CHAMPA,C.G.,NO,chanchal99@example.net,630131128900,,,,GRADUATION,2022,SCIENCE,43425979,184781215,CBSE,500,341,FIRST,68.2,
978/59629,NETRA TAILOR,7768460067,M.Sc. (Chemistry - Previous),CHEMISTRY,17-01-2026,NIHAL MORAR,BHAVIKA HANDA,ELECTRICIAN,26-07-2001,Female,OBC,,"49/997, BUCH ZILA, ICHALKARANJI-193027","50/272, RAJAN CIRCLE, VARANASI-256997",RAIGARH,C.G.,YES,vsaxena@example.org,433647161171,,,,GRADUATION,2025,SCIENCE,73583123,023172304,STATE BOARD,500,307,FIRST,61.4,
698/96701,HREDHAAN KANNAN,5919871426,M.Sc. (Physics - Previous),PHYSICS,01-01-2026,FARAJ BALAKRISHNAN,BAGHYAWATI KAPUR,POLICE,22-08-2004,Male,ST,,"H.NO. 01, KAUL CHOWK, FATEHPUR 738334","H.NO. 423, SRIDHAR STREET, CHENNAI 898064",RAIGARH,C.G.,YES,nandini14@example.com,414124489909,,,,GRADUATION,2020,SCIENCE,31365718,168413245,STATE BOARD,500,488,FIRST,97.6,
649/56724,WAKEETA BAWA,7724695458,B.Sc. Electronics,-,08-01-2026,HARISH GANESH,POOJA CHERIAN,BUSINESS,14-09-2003,Female,ST,,"H.NO. 10, DHALIWAL ZILA, PHAGWARA-245174","56/340, HAYRE GANJ, BIDAR-614310",GARIABAND,C.G.,YES,samuel22@example.net,922114050850,,,,12TH,2020,SCIENCE,39490622,630270601,STATE BOARD,500,383,FIRST,76.6,
373/74196,OMAJA TANDON,5273885061,M.Sc. (Mathematics - Previous),MATHEMATICS,21-02-2026,YAGNESH SARAN,ISHA CHANDA,PLUMBER,11-01-2002,Female,OBC,,"H.NO. 25, BAINS GANJ, TIRUVOTTIYUR-507647","H.NO. 22, CHAND CHOWK, KOCHI-498196",SUKMA,C.G.,NO,gautamminhas@example.net,698355781241,,,,GRADUATION,2022,SCIENCE,02558542,715286287,STATE BOARD,500,410,FIRST,82.0,
875/94410,SAUMYA GROVER,5583583016,M.A. (Final),ARTS,05-03-2026,EKBAL LALA,PANINI KOHLI,RETIRED,02-06-2006,Female,SC,,"96/41, KHARE GANJ, ANANTAPURAM 855366","H.NO. 589, BABU ZILA, MIRYALAGUDA 597102",BILASPUR,C.G.,NO,osha96@example.org,684049053563,,,,GRADUATION,2020,ARTS,52261621,779015679,STATE BOARD,500,411,FIRST,82.2,
348/10073,KALPIT SHANKER,0350771505,B.Sc. Micro Biology,BIOLOGY,18-01-2026,TEERTH AHLUWALIA,PUSHTI DIXIT,POLICE,09-04-2003,Male,OBC,,"11, NARAYANAN ZILA, PIMPRI-CHINCHWAD-186232","41/273, MASTER NAGAR, PATIALA 471485",BASTAR,C.G.,NO,anamikamuni@example.com,239749295380,,,,12TH,2024,SCIENCE,67323250,750886639,CBSE,500,245,SECOND,49.0,
494/56697,FARIQ VORA,5179845657,M.Sc. (Zoology - Final),ZOOLOGY,19-02-2026,CHAITANYA PAL,ZAITRA KAMDAR,ACCOUNTANT,19-11-2000,Male,GEN,,"779, KARA MARG, TIRUNELVELI 623853","30/180, WALLA NAGAR, BIDHANNAGAR-258839",NARAYANPUR,C.G.,YES,harini91@example.org,607502459887,,,,GRADUATION,2025,SCIENCE,15416877,609845389,CBSE,500,430,FIRST,86.0,
538/11784,IKSHITA CHADHA,3825480379,M.Com. (Previous),COMMERCE,08-01-2026,BALJIWAN KARNIK,MITALI LOKE,SHOPKEEPER,12-10-2001,Female,SC,,"11/520, MANDER CIRCLE, VARANASI-549166","H.NO. 07, RAJ STREET, YAMUNANAGAR-366708",BALODA BAZAR,C.G.,YES,vartyamara@example.org,940262128042,,,,GRADUATION,2025,COMMERCE,19071410,850979198,STATE BOARD,500,439,FIRST,87.8,
103/21638,ZAITRA DE,2292924481,M.Sc. (Physics - Final),PHYSICS,18-01-2026,RUSHIL DEY,GAURI RASTOGI,ENGINEER,05-08-2003,Female,GEN,,"81/268, DOCTOR, ALIGARH-464032","62/63, DESHMUKH NAGAR, PANIPAT-886993",BILASPUR,C.G.,YES,diptaprashad@example.net,267003731767,,,,GRADUATION,2020,SCIENCE,19920464,121511443,HEMCHAND YADAV UNIVERSITY,500,335,FIRST,67.0,
415/69809,DAVID BOBAL,8034190009,B.Sc. Micro Biology,BIOLOGY,12-01-2026,TIMOTHY PANDIT,MUGDHA NATH,PLUMBER,22-03-2000,Male,OBC,,"H.NO. 429, BATTA MARG, NAVI MUMBAI-989336","H.NO. 918, DHAR ZILA, SIWAN-256482",JASHPUR,C.G.,YES,jeetseth@example.org,335495638642,,,,12TH,2023,SCIENCE,18113220,692608223,HEMCHAND YADAV UNIVERSITY,500,355,FIRST,71.0,
828/65154,OSHA VASA,4551778929,M.Sc. (Zoology - Final),ZOOLOGY,16-03-2026,BENJAMIN SABHARWAL,IRA VARTY,POLICE,10-07-2002,Female,OBC,,"522, NATARAJAN ZILA, HAJIPUR-937958","H.NO. 88, UPPAL CHOWK, KOZHIKODE 366436",NARAYANPUR,C.G.,YES,bishakhasodhi@example.net,730929783938,,,,GRADUATION,2024,SCIENCE,11304533,233046860,HEMCHAND YADAV UNIVERSITY,500,431,FIRST,86.2,
194/47272,SUDIKSHA MAHAL,6611161356,B.Com.,COMMERCE,31-01-2026,ISHAAN MITRA,UPADHRITI MOHAN,MECHANIC,11-03-2002,Female,OBC,,"64, SRIDHAR MARG, ANANTAPURAM 190614","H.NO. 17, GOLLA ZILA, UDUPI 139710",RAJNANDGAON,C.G.,NO,advaith21@example.org,668790485576,,,,12TH,2025,COMMERCE,39199573,962000103,CBSE,500,388,FIRST,77.6,
933/78109,JASMIT BEDI,1485820117,M.Sc. (Biotechnology - Final),-,28-02-2026,RONITH RAJAGOPAL,AAHANA MADAN,MECHANIC,07-03-2006,Female,OBC,,"12/22, SACHDEVA PATH, SAGAR 014960","91/780, SEHGAL MARG, MORBI-630378",BEMETARA,C.G.,NO,jchokshi@example.com,439040545456,,,,GRADUATION,2025,SCIENCE,93876215,438645676,CBSE,500,391,FIRST,78.2,
905/30985,ABDUL RATTI,6227181484,M.Sc. (Biotechnology - Final),-,04-03-2026,ANMOL KUNDA,POOJA KUMAR,DRIVER,13-01-2003,Male,SC,,"H.NO. 98, OZA PATH, JAMALPUR-172559","H.NO. 140, KARNIK ZILA, SATNA 356563",NARAYANPUR,C.G.,NO,goza@example.net,984072664061,,,,GRADUATION,2023,SCIENCE,86924451,003509845,HEMCHAND YADAV UNIVERSITY,500,438,FIRST,87.6,
274/25054,MAANAV MASTER,5167775751,M.Sc. (Physics - Final),PHYSICS,05-02-2026,AKSHAY SAVANT,SHRAVYA SWAMY,ARMY PERSONNEL,21-10-2005,Male,SC,,"H.NO. 537, ROUT STREET, MORENA 506294","94, DASS PATH, AMRITSAR 255230",GARIABAND,C.G.,YES,warhi23@example.org,554326488131,,,,GRADUATION,2020,SCIENCE,95728947,953243360,HEMCHAND YADAV UNIVERSITY,500,423,FIRST,84.6,
931/53888,AADHYA SARKAR,1691055764,M.Com. (Previous),COMMERCE,05-01-2026,BANJEET AMBLE,CHAAYA RAJA,ARTIST,26-12-2008,Female,GEN,,"H.NO. 702, PARMER ZILA, JABALPUR 286697","43/776, PAREKH MARG, PANIPAT 521762",RAJNANDGAON,C.G.,NO,csetty@example.com,146590325861,,,,GRADUATION,2021,COMMERCE,44427854,093527555,STATE BOARD,500,466,FIRST,93.2,
190/83050,VRINDA PALL,8583811020,B.Sc. (Mathematics),MATHEMATICS,12-02-2026,KARAN SAHNI,YASHODA BAL,LAWYER,29-10-2000,Female,SC,,"727, PRASHAD GANJ, FARRUKHABAD 273474","H.NO. 33, PANCHAL CIRCLE, BHIWANDI-935979",KONDAGAON,C.G.,NO,cheemakrish@example.org,850709788309,,,,12TH,2023,SCIENCE,92827884,168520045,CBSE,500,479,FIRST,95.8,
268/13365,ARIN RAM,3678470448,M.A. (Previous),ARTS,15-01-2026,ADITYA SHARAF,NEHA BALAN,ARMY PERSONNEL,14-11-2006,Male,SC,,"H.NO. 924, KOHLI GANJ, ULHASNAGAR 788264","158, HAYRE CHOWK, GIRIDIH-578382",KANKER,C.G.,YES,falguniapte@example.org,013251841345,,,,GRADUATION,2025,ARTS,34568780,959376592,CBSE,500,441,FIRST,88.2,
884/11493,PANINI SASTRY,6581441589,M.Sc. (Mathematics - Final),MATHEMATICS,15-03-2026,DARSH THAKKAR,HAMSINI KAPADIA,POLICE,25-03-2000,Female,ST,,"83, AHUJA ROAD, SOLAPUR 338855","19, VOHRA PATH, IMPHAL-651016",KANKER,C.G.,NO,cherianyatan@example.org,526598704927,,,,GRADUATION,2024,SCIENCE,95580672,274740658,CBSE,500,451,FIRST,90.2,
882/85511,DARPAN DASH,0506154478,M.A. (Previous),ARTS,16-03-2026,GIRINDRA BHARDWAJ,BINA NADKARNI,LAWYER,28-11-2008,Male,SC,,"69/11, BAINS MARG, NEW DELHI 454895","H.NO. 765, WASON CHOWK, PATNA-843178",KORBA,C.G.,NO,cdhar@example.net,322337021748,,,,GRADUATION,2022,ARTS,34081272,687113440,CBSE,500,206,THIRD,41.2,
303/42922,NAVEEN GANESAN,2012594361,M.Sc. (Zoology - Previous),ZOOLOGY,25-02-2026,YASH KHANNA,BHAVNA VENKATESH,CONSULTANT,24-01-2004,Male,GEN,,"H.NO. 562, PAL NAGAR, CHITTOOR 078961","136, SUR CIRCLE, BELGAUM-532224",BALODA BAZAR,C.G.,NO,vanyasawhney@example.org,170235839899,,,,GRADUATION,2022,SCIENCE,61224170,506243518,STATE BOARD,500,281,SECOND,56.2,
922/14560,KIAAN CHOUDHRY,3112898281,B.Com.,COMMERCE,26-01-2026,DEV BAIL,HEMAL NAYAK,FREELANCER,09-11-2002,Male,SC,,"09/58, BHAKTA CHOWK, JALNA 070241","00, SABHARWAL STREET, BERHAMPORE-147177",SUKMA,C.G.,NO,timothy81@example.net,358843233534,,,,12TH,2021,COMMERCE,17065895,067770631,CBSE,500,440,FIRST,88.0,
614/74604,SAANVI AGGARWAL,6950368017,B.Sc. Computer Science,COMPUTER,04-01-2026,JAGDISH GALA,KAVYA CHATTERJEE,DOCTOR,11-04-2001,Female,ST,,"H.NO. 503, CHATTERJEE GANJ, AHMEDABAD-505508","77/10, DIN ZILA, NAIHATI-836488",DHAMTARI,C.G.,YES,ssawhney@example.org,356388063535,,,,12TH,2022,SCIENCE,19840421,287699185,STATE BOARD,500,325,FIRST,65.0,
114/38207,PRANAV DUTTA,9369994743,BBA (Bachelor of Business Administration),MANAGEMENT,23-01-2026,TANISH MORE,CHANCHAL DAR,FREELANCER,08-06-2000,Male,GEN,,"76, ZACHARIAH CHOWK, JEHANABAD-340421","116, SANDAL PATH, SATNA-529544",KORBA,C.G.,YES,vincent44@example.com,975691117819,,,,12TH,2024,ARTS,24432453,600564138,STATE BOARD,500,262,SECOND,52.4,
379/51531,OWEN KAR,8339569039,M.Sc. (Mathematics - Previous),MATHEMATICS,08-01-2026,ANMOL MANDA,KEYA TAILOR,ENGINEER,22-12-2000,Male,ST,,"H.NO. 87, GUHA MARG, PANCHKULA-889439","28/91, BARAD NAGAR, NAGERCOIL 085568",NARAYANPUR,C.G.,YES,deepa01@example.com,451239825496,,,,GRADUATION,2024,SCIENCE,85864752,924200297,HEMCHAND YADAV UNIVERSITY,500,323,FIRST,64.6,
172/61917,VARENYA MAHAJAN,2286766881,B.Sc. Computer Science,COMPUTER,05-03-2026,LUKE SURA,NEELIMA BAKSHI,SELF EMPLOYED,03-12-2005,Female,ST,,"29/50, BEHL PATH, BEGUSARAI-639204","61, RADHAKRISHNAN ZILA, SILIGURI 650334",DURG,C.G.,YES,bahlutkarsh@example.net,456826793721,,,,12TH,2021,SCIENCE,82662384,399764891,STATE BOARD,500,358,FIRST,71.6,
870/98396,RAYAAN ARYA,6325001727,M.Sc. (Chemistry - Previous),CHEMISTRY,02-01-2026,PATRICK BAJAJ,ANVI SAHA,NURSE,30-12-2004,Male,SC,,"82, KALITA ZILA, MAU 722273","91, BHATTACHARYYA STREET, MYSORE-925475",RAIPUR,C.G.,YES,ektatiwari@example.com,781271145760,,,,GRADUATION,2021,SCIENCE,56662386,394736782,CBSE,500,419,FIRST,83.8,
774/28916,FARIQ RAVI,6669622964,B.Sc. (Mathematics),MATHEMATICS,21-01-2026,MAANAS GROVER,YASTI BRAR,SELF EMPLOYED,08-11-2008,Male,GEN,,"H.NO. 11, RAMAN NAGAR, RANCHI 314774","H.NO. 22, SAMRA PATH, TIRUPATI-666541",BIJAPUR,C.G.,NO,manthanchanda@example.org,585711527548,,,,12TH,2020,SCIENCE,85704182,140451776,STATE BOARD,500,294,SECOND,58.8,
588/36312,EKAJA BOBAL,2850841532,M.A. (Final),ARTS,15-03-2026,ARJUN HANS,SAUMYA BERA,ELECTRICIAN,17-12-2003,Female,GEN,,"915, KURIAN, OZHUKARAI-172907","H.NO. 873, DAS CIRCLE, BATHINDA-974424",BALODA BAZAR,C.G.,NO,bom@example.net,036962307782,,,,GRADUATION,2024,ARTS,43617775,489422239,HEMCHAND YADAV UNIVERSITY,500,345,FIRST,69.0,
812/72580,GUNBIR HANS,6766204930,M.Sc. (Botany - Previous),BOTANY,21-02-2026,ATHARV KHALSA,INAYA RAU,SELF EMPLOYED,17-04-2002,Male,ST,,"H.NO. 292, SAMPATH, PALLAVARAM 199768","H.NO. 14, REDDY PATH, HINDUPUR 322610",BILASPUR,C.G.,YES,orinder76@example.com,952541672132,,,,GRADUATION,2023,SCIENCE,86317510,922182438,CBSE,500,405,FIRST,81.0,
589/66272,EKARAJ KANDA,1806580518,B.Sc. IT (Information Technology),COMPUTER,15-03-2026,JAGAT KALA,URMI GARA,ARMY PERSONNEL,18-08-2002,Male,GEN,,"85/83, CHAUHAN ZILA, GANDHINAGAR 291136","951, DE GANJ, BARDHAMAN-908845",BIJAPUR,C.G.,NO,mandercaleb@example.com,098165346655,,,,12TH,2024,SCIENCE,72120794,785937578,STATE BOARD,500,278,SECOND,55.6,
481/70083,TANMAYI BORRA,3014560812,M.Sc. (Mathematics - Previous),MATHEMATICS,26-01-2026,ELIJAH DHILLON,DAKSHA RAO,TEACHER,03-08-2001,Female,OBC,,"690, VISWANATHAN, YAMUNANAGAR 650955","535, NAGI ROAD, KANPUR 898041",DURG,C.G.,NO,bathkrish@example.net,350654238311,,,,GRADUATION,2021,SCIENCE,26636953,908682105,HEMCHAND YADAV UNIVERSITY,500,364,FIRST,72.8,
498/37605,JAGVI BALAY,5342207314,B.Sc. Micro Biology,BIOLOGY,18-03-2026,BALVEER SUBRAMANIAM,KASHISH TRIVEDI,ARTIST,07-02-2002,Female,ST,,"54, SAVANT STREET, BARANAGAR-380017","69/438, SANI ZILA, ANAND 360155",BEMETARA,C.G.,YES,gsekhon@example.org,147364880830,,,,12TH,2024,SCIENCE,95135666,839993840,CBSE,500,372,FIRST,74.4,
122/90197,CHAMPAK DEEP,2177698279,M.Sc. (Chemistry - Previous),CHEMISTRY,04-02-2026,PETER SAHA,CHASMUM CHHABRA,PRIVATE JOB,25-11-2008,Male,ST,,"38/24, SHANKER CIRCLE, KOTA-808793","48/706, APTE STREET, CHAPRA-248968",BALRAMPUR,C.G.,YES,noah98@example.net,502942585562,,,,GRADUATION,2025,SCIENCE,30556755,955021963,HEMCHAND YADAV UNIVERSITY,500,458,FIRST,91.6,
973/58026,AMAIRA WADHWA,0564619680,M.Com. (Previous),COMMERCE,01-02-2026,HRITIK BOBAL,KAMALA SARIN,RETIRED,03-05-2008,Female,SC,,"H.NO. 444, BALA NAGAR, HUBLI–DHARWAD 084488","46, ROY CHOWK, UNNAO 746840",DHAMTARI,C.G.,NO,camble@example.org,110707715267,,,,GRADUATION,2025,COMMERCE,94689587,813950403,HEMCHAND YADAV UNIVERSITY,500,417,FIRST,83.4,
836/80592,XAVIER UPPAL,6919207728,B.Sc. Computer Science,COMPUTER,12-02-2026,KIAAN SAWHNEY,PALLAVI BASU,STUDENT,17-11-2002,Male,SC,,"652, HORA CIRCLE, TADIPATRI-620415","12, SAXENA STREET, KARAWAL NAGAR 888881",JANJGIR-CHAMPA,C.G.,YES,tanvidubey@example.com,520122446523,,,,12TH,2023,SCIENCE,18114977,354500629,CBSE,500,284,SECOND,56.8,
162/19703,ADVAITH CHAHAL,2339662215,M.Sc. (Chemistry - Final),CHEMISTRY,21-02-2026,SAI BRAR,JAGVI RAMESH,CONSULTANT,29-04-2006,Male,OBC,,"H.NO. 095, PALAN STREET, HOSUR 611098","18, IYENGAR ROAD, GUWAHATI 665648",BALRAMPUR,C.G.,YES,rayaansawhney@example.net,463476873820,,,,GRADUATION,2020,SCIENCE,79272987,660946345,CBSE,500,479,FIRST,95.8,
807/85565,IKSHITA KALA,7405149345,B.A.,ARTS,01-01-2026,VICTOR BALAKRISHNAN,NISHA DHALIWAL,PLUMBER,03-12-2005,Female,OBC,,"H.NO. 57, BHATNAGAR, PANVEL-094824","84/667, JAIN GANJ, GHAZIABAD-626225",DURG,C.G.,NO,teerthshankar@example.net,594852305326,,,,12TH,2024,ARTS,00920225,665896289,CBSE,500,212,THIRD,42.4,
497/24251,MASON PAL,4764436352,B.Com.,COMMERCE,14-02-2026,FIYAZ AHLUWALIA,NIMRAT DUTT,ENGINEER,02-08-2003,Male,ST,,"34/45, SURI CHOWK, BHALSWA JAHANGIR PUR 705994","33, KUMAR NAGAR, RAIPUR 550856",KONDAGAON,C.G.,YES,manya60@example.org,486946389397,,,,12TH,2024,COMMERCE,16409727,698242851,HEMCHAND YADAV UNIVERSITY,500,309,FIRST,61.8,
902/26817,ADVIK VERMA,3604464336,B.Com.,COMMERCE,15-02-2026,HARRISON WARRIOR,PANINI SACHAR,NURSE,04-08-2003,Male,OBC,,"36, VARTY CIRCLE, WARANGAL-611782","88, KARI, GUNA-253235",GARIABAND,C.G.,NO,fpalla@example.org,441044390749,,,,12TH,2023,COMMERCE,60144583,070816403,CBSE,500,215,THIRD,43.0,
200/33123,FARAJ BASSI,3320276935,M.Sc. (Physics - Final),PHYSICS,22-01-2026,JONATHAN MANGAL,ARYA VYAS,POLICE,31-03-2005,Male,ST,,"H.NO. 17, SANGHVI ROAD, MALEGAON 853050","49/026, AGGARWAL PATH, BHUSAWAL-667065",RAJNANDGAON,C.G.,YES,charpushti@example.net,479390174944,,,,GRADUATION,2024,SCIENCE,27651025,597638633,CBSE,500,321,FIRST,64.2,
221/43665,REYANSH DYAL,2947331204,M.Sc. (Computer Science - Previous),COMPUTER,16-01-2026,ANSH PRAKASH,CHAMAN MASTER,ACCOUNTANT,12-04-2001,Male,OBC,,"03, BHASIN ROAD, GURGAON-741665","H.NO. 871, CHAKRABARTI ROAD, MORADABAD-890878",KOREA,C.G.,NO,yohannanvritti@example.org,933138145662,,,,GRADUATION,2022,SCIENCE,03777980,667461878,STATE BOARD,500,345,FIRST,69.0,
446/90857,YASTI BISWAS,5963698924,PGDCA (Post Graduate Diploma in Computer Applications),COMPUTER,16-01-2026,ROHAN CHOKSHI,IRYA SURI,POLICE,24-04-2005,Female,SC,,"01/75, ISSAC MARG, SONIPAT 658502","H.NO. 38, PAL STREET, JUNAGADH 928332",JANJGIR-CHAMPA,C.G.,NO,iyengararya@example.org,444840598487,,,,GRADUATION,2022,ARTS,09745531,108548450,STATE BOARD,500,227,SECOND,45.4,
537/69252,ARIN CHAUDRY,9386251460,B.Sc. (Mathematics),MATHEMATICS,02-02-2026,RUSHIL SAWHNEY,DIPTA MAHAL,PRIVATE JOB,04-07-2006,Male,SC,,"H.NO. 84, PATEL CHOWK, BHAVNAGAR 162304","88/35, BAHL MARG, KARAIKUDI 721291",BIJAPUR,C.G.,NO,hemangini39@example.net,554049059234,,,,12TH,2022,SCIENCE,04806114,500006667,CBSE,500,275,SECOND,55.0,
177/89644,YASH AGARWAL,5040611705,B.Sc. (Mathematics),MATHEMATICS,02-02-2026,ARYAN SIBAL,KASHVI GHOSE,MECHANIC,18-08-2002,Male,SC,,"H.NO. 720, GOKHALE STREET, MALEGAON 913614","H.NO. 696, CHAUDHRY GANJ, KADAPA 205020",BASTAR,C.G.,NO,pushtinayak@example.org,151253081521,,,,12TH,2024,SCIENCE,00066627,680859538,CBSE,500,417,FIRST,83.4,
696/14481,XALAK MALLICK,2960658252,B.Sc. IT (Information Technology),COMPUTER,04-02-2026,AYUSHMAN VARTY,TRIPTI MASTER,LAWYER,01-03-2002,Female,OBC,,"H.NO. 64, RATTA STREET, PONDICHERRY 375478","30/34, RAMA CIRCLE, ALWAR-906968",KORBA,C.G.,YES,aadhya19@example.org,478258098395,,,,12TH,2023,SCIENCE,16298223,249937394,HEMCHAND YADAV UNIVERSITY,500,435,FIRST,87.0,
920/90058,QUINCY KANT,7865507589,M.Sc. (Chemistry - Final),CHEMISTRY,23-02-2026,ATHARV WALLA,URVASHI SETHI,ARTIST,11-04-2005,Male,GEN,,"24, MURTHY NAGAR, SURAT 210203","H.NO. 37, BUTALA PATH, BONGAIGAON 884758",SUKMA,C.G.,NO,kde@example.net,124758191630,,,,GRADUATION,2025,SCIENCE,37596655,679856025,STATE BOARD,500,338,FIRST,67.6,
543/98419,ESHANA RAJAN,7478243430,BAJMC (Bachelor of Arts in Journalism & Mass Communication),COMMERCE,21-02-2026,MOHAMMED DHILLON,YADAVI TANDON,FARMER,05-05-2001,Female,SC,,"34/748, MUNI ZILA, BANGALORE-484313","H.NO. 85, LALA CHOWK, VASAI-VIRAR 667897",JASHPUR,C.G.,NO,ikshitabala@example.org,499385866525,,,,12TH,2022,ARTS,66925061,689217519,STATE BOARD,500,302,FIRST,60.4,
329/98338,ESHANA KOTHARI,3361714568,M.Sc. (Biotechnology - Final),-,26-02-2026,JAGDISH HEGDE,WIDISHA SARNA,SELF EMPLOYED,24-07-2001,Female,GEN,,"24/26, UPADHYAY GANJ, FARRUKHABAD 322124","65, NAYAR MARG, JAMMU 450755",KOREA,C.G.,YES,kapoorchameli@example.com,391264978146,,,,GRADUATION,2025,SCIENCE,84635271,976667111,CBSE,500,430,FIRST,86.0,
956/58150,AARINI JAYARAMAN,7359776581,M.Sc. (Zoology - Final),ZOOLOGY,13-01-2026,OJAS KRISH,ONI RAI,GOVT EMPLOYEE,02-08-2005,Female,SC,,"66, TRIVEDI, JAUNPUR 219594","H.NO. 88, YOHANNAN ROAD, BHAGALPUR-040472",BEMETARA,C.G.,YES,kulkarniorinder@example.org,871398609650,,,,GRADUATION,2024,SCIENCE,22706288,262080308,CBSE,500,358,FIRST,71.6,
248/62642,ZILMIL BRAR,4396404010,M.Sc. (Chemistry - Final),CHEMISTRY,18-01-2026,SAMARTH SUBRAMANIAN,ISHITA IYENGAR,CARPENTER,02-09-2002,Female,OBC,,"38/878, MODY ROAD, ALIGARH-926862","84/17, HAYRE CHOWK, KANPUR-832733",RAIGARH,C.G.,NO,raghav00@example.net,331400402133,,,,GRADUATION,2021,SCIENCE,32098129,546336961,HEMCHAND YADAV UNIVERSITY,500,456,FIRST,91.2,
405/23924,ZAITRA KEER,5779886627,B.Sc. Micro Biology,BIOLOGY,05-01-2026,DAVID BUCH,UPASNA DOSHI,CONSULTANT,04-11-2007,Female,OBC,,"38/280, ANDRA GANJ, MADHYAMGRAM-241224","25/26, KOTHARI GANJ, BHILAI-472928",KORBA,C.G.,NO,raghavhayre@example.net,029346878279,,,,12TH,2020,SCIENCE,83976724,995048744,CBSE,500,387,FIRST,77.4,
855/13659,SHIVANI CHANDRAN,6190008942,B.Sc. IT (Information Technology),COMPUTER,07-02-2026,AADI BADAL,NITARA SHARMA,ARTIST,19-12-2008,Female,SC,,"739, WALI, RAJKOT-858949","06, DEVI ZILA, SAGAR 984486",BALOD,C.G.,YES,zayanratta@example.net,632894465000,,,,12TH,2024,SCIENCE,89430302,884218934,STATE BOARD,500,212,THIRD,42.4,
996/71408,SAMARTH RAMAKRISHNAN,0515874767,M.Sc. (Botany - Previous),BOTANY,25-02-2026,NAKSH BIR,DEEPA SAMI,BUSINESS,18-04-2001,Male,SC,,"36, MAHAL ROAD, JODHPUR-940016","84/91, BANDI ROAD, KARIMNAGAR-911091",BALODA BAZAR,C.G.,YES,balvan64@example.org,635152554279,,,,GRADUATION,2024,SCIENCE,14705017,256410232,HEMCHAND YADAV UNIVERSITY,500,425,FIRST,85.0,
553/18555,AYUSHMAN KANNAN,8461287439,M.Com. (Previous),COMMERCE,13-03-2026,AARAV RANGANATHAN,UPADHRITI D’ALIA,RETIRED,28-10-2006,Male,ST,,"49/393, BORRA CHOWK, TADEPALLIGUDEM-121757","H.NO. 84, RATTAN, KORBA-629033",BIJAPUR,C.G.,NO,ojasbarad@example.org,816343591438,,,,GRADUATION,2023,COMMERCE,30820908,733529037,HEMCHAND YADAV UNIVERSITY,500,250,SECOND,50.0,
789/20671,JASON SRIDHAR,7512814850,B.Sc. Micro Biology,BIOLOGY,07-01-2026,VINCENT RAI,VEDIKA KAMDAR,ENGINEER,18-04-2008,Male,GEN,,"69/675, SIBAL GANJ, ALWAR 412016","68/339, KEER ZILA, GOPALPUR 781872",GARIABAND,C.G.,NO,kchacko@example.net,991187893505,,,,12TH,2023,SCIENCE,41364659,528956719,CBSE,500,332,FIRST,66.4,
310/53454,DALBIR BALA,9783235817,B.A.,ARTS,08-01-2026,ZAYAN BATH,VRITTI BHATTACHARYYA,CARPENTER,26-05-2002,Male,ST,,"75/12, KAPUR ZILA, NADIAD-706930","64, SHETTY CIRCLE, PANCHKULA 241656",KORBA,C.G.,YES,oagrawal@example.com,821765966835,,,,12TH,2025,ARTS,02908610,804114425,CBSE,500,385,FIRST,77.0,
876/26096,RACHANA BHATTACHARYYA,8079438817,M.Sc. (Mathematics - Previous),MATHEMATICS,05-01-2026,ANDREW DAS,BIMALA YOHANNAN,SELF EMPLOYED,28-03-2008,Female,SC,,"H.NO. 85, PRASAD NAGAR, BHATPARA 939508","263, GOYAL ZILA, AMBALA-484893",KONDAGAON,C.G.,NO,hpatel@example.org,274086621248,,,,GRADUATION,2020,SCIENCE,10899719,194578563,HEMCHAND YADAV UNIVERSITY,500,299,SECOND,59.8,
595/14895,HARSH BADAMI,9849864901,M.A. (Final),ARTS,29-01-2026,OJAS SEKHON,MEKHALA DASS,BUSINESS,25-01-2004,Male,OBC,,"H.NO. 477, WALI ROAD, SALEM-460635","36, CHAND ROAD, AURANGABAD-346050",BALODA BAZAR,C.G.,NO,radhakrishnanharita@example.com,900512578484,,,,GRADUATION,2024,ARTS,59957393,752171936,STATE BOARD,500,208,THIRD,41.6,
462/90587,YASHVI THAKER,8529315845,M.Sc. (Physics - Previous),PHYSICS,25-01-2026,FARHAN VYAS,RIA SEN,DRIVER,09-04-2002,Female,OBC,,"68/47, SHUKLA GANJ, TIRUPPUR-499886","64/373, SAMI CIRCLE, PATIALA 186053",KANKER,C.G.,NO,jnagarajan@example.net,767443277465,,,,GRADUATION,2024,SCIENCE,60416088,244312466,STATE BOARD,500,211,THIRD,42.2,
973/44117,FALAN DEVAN,4908708879,BCA (Bachelor of Computer Applications),COMPUTER,13-03-2026,BALHAAR NAGAR,NISHA RAMAKRISHNAN,CONSULTANT,09-11-2004,Male,ST,,"H.NO. 915, SHERE NAGAR, JALNA 840371","65/62, SUR, SILCHAR-307485",RAIGARH,C.G.,NO,cram@example.com,819496740257,,,,12TH,2024,ARTS,58632336,236688539,STATE BOARD,500,486,FIRST,97.2,
250/64688,UPASNA DAYAL,3226931663,M.Sc. (Zoology - Final),ZOOLOGY,15-02-2026,CHATURA SHANKAR,MEGHANA NADIG,LAWYER,19-06-2002,Female,GEN,,"H.NO. 86, BAVA PATH, JALANDHAR 814220","H.NO. 28, SESHADRI ROAD, GUNTAKAL 351452",RAIGARH,C.G.,NO,bhatnagarpooja@example.com,342343291789,,,,GRADUATION,2023,SCIENCE,65788291,794308486,CBSE,500,474,FIRST,94.8,
668/83484,YASHICA BARAD,8500582689,M.Sc. (Botany - Previous),BOTANY,19-03-2026,VIVAAN CHOKSHI,DAYAMAI MUNI,CONSULTANT,31-01-2001,Female,GEN,,"40/703, DAYAL ROAD, AHMEDABAD 268480","363, BORRA ROAD, AKOLA 493788",MAHASAMUND,C.G.,YES,ishwar77@example.com,234942654717,,,,GRADUATION,2022,SCIENCE,09998291,449265725,STATE BOARD,500,269,SECOND,53.8,
232/26664,QARIN REGE,3303779669,M.Sc. (Botany - Final),BOTANY,01-03-2026,NEEL PALL,BHAVNA KARI,DRIVER,09-08-2006,Male,GEN,,"14/37, MAJUMDAR ROAD, AURANGABAD 704912","29, VENKATARAMAN, ARRAH-733778",SUKMA,C.G.,YES,chandani25@example.org,061896577380,,,,GRADUATION,2023,SCIENCE,15380732,813202762,STATE BOARD,500,283,SECOND,56.6,
158/89386,AVNI PANDEY,2267751189,M.Sc. (Chemistry - Final),CHEMISTRY,31-01-2026,BALJIWAN KARAN,CHAAYA GANDHI,FARMER,23-02-2002,Female,SC,,"H.NO. 51, GANESH CIRCLE, COIMBATORE 228045","83/230, SHANKER CIRCLE, JORHAT-273534",BALODA BAZAR,C.G.,YES,maanavcomar@example.com,827512675463,,,,GRADUATION,2024,SCIENCE,70613281,316190711,HEMCHAND YADAV UNIVERSITY,500,435,FIRST,87.0,
251/52342,GAYATHRI KRISH,7923473720,M.Sc. (Mathematics - Final),MATHEMATICS,23-02-2026,GAGAN MODI,NIKITA DASH,ELECTRICIAN,19-09-2003,Female,GEN,,"410, BANSAL NAGAR, MALEGAON 724923","H.NO. 93, VAIDYA STREET, BIDHANNAGAR 916789",BASTAR,C.G.,YES,dpathak@example.com,675855373808,,,,GRADUATION,2024,SCIENCE,58933090,258254339,CBSE,500,243,SECOND,48.6,
842/95655,TAMANNA TANEJA,5263673511,BBA (Bachelor of Business Administration),MANAGEMENT,10-01-2026,ANSH CHHABRA,VARSHA GARDE,STUDENT,08-10-2001,Female,SC,,"H.NO. 50, HORA PATH, DEOGHAR-458341","H.NO. 43, GHOSH CIRCLE, VARANASI 378617",BALODA BAZAR,C.G.,NO,diya04@example.net,167757676909,,,,12TH,2024,ARTS,78973472,744204722,HEMCHAND YADAV UNIVERSITY,500,344,FIRST,68.8,
735/69707,VEDHIKA MAND,2048618657,M.Com. (Previous),COMMERCE,17-03-2026,SHAURYA ACHARYA,KRISHNA BARIA,TEACHER,01-06-2008,Female,OBC,,"52/917, BAJAJ ROAD, JABALPUR-894316","H.NO. 318, KHATRI NAGAR, ONGOLE 546496",KOREA,C.G.,YES,kavyaramaswamy@example.net,333033842758,,,,GRADUATION,2022,COMMERCE,08951240,802412990,HEMCHAND YADAV UNIVERSITY,500,273,SECOND,54.6,
530/21721,XAVIER KAPADIA,7552278644,M.Sc. (Zoology - Previous),ZOOLOGY,21-01-2026,FARAS VENKATARAMAN,OVIYA VENKATESH,FREELANCER,17-10-2002,Male,SC,,"932, PAI NAGAR, SASARAM 472994","28/13, SOOD NAGAR, MYSORE-712952",BIJAPUR,C.G.,YES,qsarkar@example.org,493439796904,,,,GRADUATION,2020,SCIENCE,58854390,179278524,HEMCHAND YADAV UNIVERSITY,500,386,FIRST,77.2,
704/16630,BINA BALA,3315646128,M.Sc. (Computer Science - Previous),COMPUTER,13-03-2026,MADHAV PILLAI,ISHA DHILLON,SELF EMPLOYED,27-10-2001,Female,ST,,"99/41, GANGULY PATH, CHANDRAPUR-665639","H.NO. 82, ARORA MARG, KHORA -074545",BEMETARA,C.G.,YES,brijeshmisra@example.net,193110336612,,,,GRADUATION,2025,SCIENCE,55433213,423768764,HEMCHAND YADAV UNIVERSITY,500,405,FIRST,81.0,
526/62977,CHAMAN YOGI,1338078969,M.A. (Final),ARTS,19-02-2026,AYUSHMAN SARKAR,XALAK SUNDER,POLICE,11-02-2005,Female,ST,,"71/33, SACHAR PATH, RAMPUR-656422","H.NO. 44, DADA PATH, PALLAVARAM-927636",JANJGIR-CHAMPA,C.G.,NO,iyernaksh@example.net,056679449357,,,,GRADUATION,2025,ARTS,20888280,680934981,HEMCHAND YADAV UNIVERSITY,500,396,FIRST,79.2,
260/84142,URVI THAMAN,1373628560,M.Sc. (Biotechnology - Final),-,24-02-2026,ZAID MANN,NIRJA SALVI,ELECTRICIAN,23-05-2008,Female,GEN,,"03, BHARDWAJ ROAD, AGARTALA 891642","34/303, GILL MARG, MALDA 709770",DHAMTARI,C.G.,YES,theodore21@example.org,957108844445,,,,GRADUATION,2022,SCIENCE,30283263,208456771,CBSE,500,343,FIRST,68.6,
537/50000,WARDA KARNIK,3237774673,M.Sc. (Biotechnology - Final),-,05-01-2026,SHIVANSH PARMER,ALKA ATWAL,FARMER,08-05-2006,Female,ST,,"170, SHAN, ROURKELA 595341","H.NO. 971, WALLA MARG, NAVI MUMBAI-594204",MAHASAMUND,C.G.,NO,xsankar@example.org,375662577885,,,,GRADUATION,2023,SCIENCE,77058829,617723802,HEMCHAND YADAV UNIVERSITY,500,348,FIRST,69.6,
952/95978,QARIN MALHOTRA,5023711769,M.Sc. (Mathematics - Final),MATHEMATICS,21-02-2026,REYANSH RAVAL,RADHIKA TATA,DOCTOR,08-01-2006,Male,SC,,"62/02, DAVE ROAD, BHIWANDI 863657","85/25, PATIL NAGAR, SAHARANPUR 937465",BASTAR,C.G.,YES,ubatta@example.net,823827974060,,,,GRADUATION,2021,SCIENCE,16727163,037844032,CBSE,500,231,SECOND,46.2,
388/46065,AMAIRA KURUVILLA,4579652229,M.Sc. (Biotechnology - Previous),-,29-01-2026,FARHAN MENON,VYANJANA SUNDARAM,MECHANIC,15-08-2007,Female,SC,,"76/342, KALE, CHINSURAH 373882","139, BHATNAGAR PATH, THOOTHUKUDI-857887",BALRAMPUR,C.G.,YES,dhawanchandresh@example.net,304537591863,,,,GRADUATION,2025,SCIENCE,57830363,965106304,HEMCHAND YADAV UNIVERSITY,500,469,FIRST,93.8,
660/65033,DIVYA CONTRACTOR,1178058903,B.Lib (Bachelor of Library Science),LIBRARY SCIENCE,26-01-2026,JOSHUA SANGHVI,KRISHA PARMAR,ARTIST,17-03-2001,Female,SC,,"H.NO. 51, BARAD ZILA, KOZHIKODE 542833","91/898, CHANDA CHOWK, VISAKHAPATNAM 388091",BILASPUR,C.G.,YES,mom@example.org,196712659372,,,,12TH,2025,ARTS,01988057,789426167,HEMCHAND YADAV UNIVERSITY,500,261,SECOND,52.2,
430/71410,FITAN NAYAR,2177831071,M.Sc. (Mathematics - Previous),MATHEMATICS,23-02-2026,MITESH VENKATESH,ARYA SULE,POLICE,31-05-2003,Male,SC,,"H.NO. 89, SATHE GANJ, KOLKATA 132302","82/39, BHARDWAJ MARG, TUMKUR 143086",BALRAMPUR,C.G.,NO,dipta58@example.net,578513874798,,,,GRADUATION,2022,SCIENCE,10299018,846938540,CBSE,500,474,FIRST,94.8,
621/78124,LEKHA CHANDA,2118902385,M.A. (Previous),ARTS,11-03-2026,SAMUEL BAIL,HEMA CHOUDHARY,CLERK,17-05-2000,Female,SC,,"31/78, EDWIN PATH, ROHTAK-013654","59, CHADHA STREET, ASANSOL 336357",SURGUJA,C.G.,YES,agastya30@example.net,520286162578,,,,GRADUATION,2022,ARTS,78238713,755359528,CBSE,500,350,FIRST,70.0,
970/40546,CHAMPAK DATE,3752945268,M.Sc. (Chemistry - Previous),CHEMISTRY,16-02-2026,MAANAV HAYRE,LAJITA SACHDEV,ARTIST,23-12-2007,Male,OBC,,"67, COMAR ZILA, DEHRI-618895","37/422, GOUR ZILA, MOTIHARI-692082",BIJAPUR,C.G.,NO,mangatadya@example.net,553748441017,,,,GRADUATION,2024,SCIENCE,72195689,042285771,HEMCHAND YADAV UNIVERSITY,500,219,THIRD,43.8,
760/72055,OM SEM,4228462104,M.Sc. (Computer Science - Previous),COMPUTER,13-02-2026,JATIN RAVI,UPADHRITI BHAKTA,FARMER,27-06-2001,Male,SC,,"H.NO. 487, WARRIOR NAGAR, KOTA 694678","772, ACHARYA STREET, SAHARANPUR-354559",BALODA BAZAR,C.G.,YES,jvarkey@example.com,997074892524,,,,GRADUATION,2020,SCIENCE,57544596,197635180,STATE BOARD,500,267,SECOND,53.4,
180/26046,SAMESH SEM,9073905873,B.Lib (Bachelor of Library Science),LIBRARY SCIENCE,02-03-2026,NEEL PRADHAN,IKSHITA BHARGAVA,PLUMBER,15-03-2006,Male,OBC,,"05/240, DIN ROAD, DINDIGUL 083111","H.NO. 92, LAD CHOWK, AKOLA-420203",BALODA BAZAR,C.G.,NO,sanaya86@example.org,746981273466,,,,12TH,2024,ARTS,79025311,837663184,HEMCHAND YADAV UNIVERSITY,500,243,SECOND,48.6,
365/52354,NIHAL CHOUDHARY,6851731089,M.Sc. (Computer Science - Final),COMPUTER,14-03-2026,SIDDHARTH KARA,UNNI BHATT,GOVT EMPLOYEE,18-04-2003,Male,ST,,"720, BAL MARG, VARANASI-540499","H.NO. 702, SHAN MARG, DIBRUGARH 437825",KONDAGAON,C.G.,YES,aarushbala@example.com,138041748417,,,,GRADUATION,2021,SCIENCE,45140854,237017032,HEMCHAND YADAV UNIVERSITY,500,279,SECOND,55.8,
779/72968,FALAK CHAD,4133877402,M.Sc. (Botany - Previous),BOTANY,02-03-2026,BALVAN MALL,VEDHIKA SUNDARAM,PLUMBER,19-06-2008,Female,ST,,"551, JOSHI ZILA, BARANAGAR-740524","H.NO. 01, MANDA CIRCLE, LONI-643920",RAIPUR,C.G.,NO,timothypillai@example.net,708400532361,,,,GRADUATION,2024,SCIENCE,75280394,603648861,HEMCHAND YADAV UNIVERSITY,500,310,FIRST,62.0,
923/75588,SIDDHARTH BUCH,0009884263,M.Sc. (Physics - Previous),PHYSICS,29-01-2026,EKAPAD YADAV,YASHODA AHLUWALIA,ARMY PERSONNEL,22-11-2006,Male,ST,,"336, BALASUBRAMANIAN NAGAR, MYSORE-250229","697, DHILLON GANJ, RAJKOT 310586",BALODA BAZAR,C.G.,YES,dvyas@example.com,034062924679,,,,GRADUATION,2024,SCIENCE,62023078,158172421,HEMCHAND YADAV UNIVERSITY,500,431,FIRST,86.2,
998/84160,REHAAN SAMRA,2207141312,M.Sc. (Zoology - Final),ZOOLOGY,11-02-2026,ABHIRAM PRASHAD,KRISHNA DHAR,BUSINESS,28-03-2001,Male,OBC,,"89/68, LATA GANJ, ULUBERIA 100403","98/792, BARAL ROAD, KHANDWA 057979",SURGUJA,C.G.,NO,pavani53@example.com,099744551312,,,,GRADUATION,2024,SCIENCE,12825934,266529192,STATE BOARD,500,405,FIRST,81.0,
887/29483,AYUSH BUCH,6556480776,B.Com.,COMMERCE,28-02-2026,ALEXANDER DUGAR,DAMYANTI DUA,POLICE,22-05-2007,Male,OBC,,"10, PAI CHOWK, SHIMLA 242866","44/29, SACHAR NAGAR, RAICHUR 821382",KONDAGAON,C.G.,YES,lopa24@example.com,851239699678,,,,12TH,2024,COMMERCE,37002510,982709215,STATE BOARD,500,238,SECOND,47.6,
135/35534,MANTHAN BASU,8222852496,M.A. (Previous),ARTS,11-02-2026,SAKSHAM ZACHARIA,GARIMA PATEL,RETIRED,29-11-2004,Male,SC,,"68, SANKAR NAGAR, PURNIA-640245","H.NO. 200, DUA PATH, BUXAR 858492",KOREA,C.G.,NO,triyasen@example.com,536154292562,,,,GRADUATION,2024,ARTS,12807281,181226655,HEMCHAND YADAV UNIVERSITY,500,469,FIRST,93.8,
370/53087,MAX MANNAN,3236513542,B.Lib (Bachelor of Library Science),LIBRARY SCIENCE,11-03-2026,ANMOL SWAMY,YASHICA ANAND,ACCOUNTANT,29-12-2001,Male,GEN,,"08/271, VARMA GANJ, KARNAL 586795","26/26, BAHL NAGAR, HOSUR 536451",NARAYANPUR,C.G.,NO,shravyabala@example.com,487157831923,,,,12TH,2025,ARTS,95667142,178022200,HEMCHAND YADAV UNIVERSITY,500,450,FIRST,90.0,
752/90375,DAYITA AHLUWALIA,0144391516,M.Com. (Previous),COMMERCE,12-01-2026,JASON GANGULY,YAMINI GOYAL,PRIVATE JOB,02-10-2006,Female,OBC,,"H.NO. 098, SEN PATH, AMROHA 825126","H.NO. 994, PADMANABHAN GANJ, JAMMU-512236",BIJAPUR,C.G.,YES,ggarde@example.org,966753517258,,,,GRADUATION,2024,COMMERCE,14670658,727821144,HEMCHAND YADAV UNIVERSITY,500,414,FIRST,82.8,
551/53173,MOHAMMED BAKSHI,7290090941,M.Com. (Final),COMMERCE,05-02-2026,WAHAB AGARWAL,TANVI PATHAK,PLUMBER,11-03-2007,Male,OBC,,"H.NO. 451, OZA GANJ, TADEPALLIGUDEM 031435","854, VARGHESE MARG, BULANDSHAHR 199601",JASHPUR,C.G.,NO,bimala07@example.net,606954134173,,,,GRADUATION,2020,COMMERCE,48394247,833707292,CBSE,500,321,FIRST,64.2,
905/23594,OJAS SARKAR,0228471786,B.Sc. (Biology),BIOLOGY,17-03-2026,DAVID KAUL,SNEHA SASTRY,MECHANIC,12-10-2004,Male,OBC,,"H.NO. 04, BEHL GANJ, CHANDRAPUR-641842","051, MANGAL PATH, CHINSURAH 950820",RAIGARH,C.G.,NO,yoshita36@example.net,008899883205,,,,12TH,2023,SCIENCE,63914805,341690255,STATE BOARD,500,278,SECOND,55.6,
445/40070,YACHANA VOHRA,7913160724,BCA (Bachelor of Computer Applications),COMPUTER,26-01-2026,YUVRAJ GANESAN,OSHA SHETH,TEACHER,01-07-2007,Female,OBC,,"53/52, DAVE MARG, MUNGER 889769","H.NO. 972, PANDEY GANJ, MOTIHARI 095347",BALRAMPUR,C.G.,NO,balveernarula@example.net,977310541312,,,,12TH,2024,ARTS,25322340,851579832,CBSE,500,459,FIRST,91.8,
280/78785,CHAVVI PILLAY,8517039482,B.Sc. (Biology),BIOLOGY,08-03-2026,ADITYA GANESAN,QUSHI WALLA,ARMY PERSONNEL,10-04-2002,Female,SC,,"27/78, GODA ZILA, TADEPALLIGUDEM-527891","60/60, GOLE STREET, MIRA-BHAYANDAR-774763",BALRAMPUR,C.G.,YES,saraflavanya@example.com,876547560481,,,,12TH,2021,SCIENCE,36682560,940627338,STATE BOARD,500,287,SECOND,57.4,
435/10984,ABHA NARAYAN,7970457276,B.Sc. Electronics,-,10-03-2026,ZEHAAN BATH,UBIKA SINGHAL,BUSINESS,20-12-2004,Female,SC,,"71/64, YADAV ROAD, THANJAVUR 126544","H.NO. 64, BALA, PRODDATUR 854379",GARIABAND,C.G.,NO,paninitella@example.com,696640959493,,,,12TH,2025,SCIENCE,03531472,301298600,CBSE,500,246,SECOND,49.2,
835/54760,UMANG PRAKASH,9385003968,M.Sc. (Mathematics - Final),MATHEMATICS,10-02-2026,PARTH RAJA,CHAMAN GHOSH,ELECTRICIAN,09-05-2004,Male,ST,,"62/92, SANGHVI STREET, DAVANAGERE-224665","27/975, MANDER ZILA, PATIALA-045559",JANJGIR-CHAMPA,C.G.,NO,ekta18@example.com,057724302543,,,,GRADUATION,2021,SCIENCE,39282513,913222238,HEMCHAND YADAV UNIVERSITY,500,406,FIRST,81.2,
874/40823,ZAITRA MALHOTRA,5441714648,B.Sc. IT (Information Technology),COMPUTER,17-02-2026,EKARAJ SRIVASTAVA,ISHITA PATLA,CONSULTANT,23-11-2000,Female,OBC,,"H.NO. 79, SANDHU ZILA, DHANBAD-319497","886, VARGHESE ROAD, SURAT-914067",RAJNANDGAON,C.G.,NO,hiral85@example.net,568846736269,,,,12TH,2023,SCIENCE,69299692,010370294,STATE BOARD,500,439,FIRST,87.8,
504/87017,GAYATHRI DYAL,9657587205,PGDCA (Post Graduate Diploma in Computer Applications),COMPUTER,26-01-2026,AKSHAY SATHE,YASHASVI KRISHNAMURTHY,ENGINEER,31-07-2007,Female,ST,,"H.NO. 967, SANGHVI ZILA, TENALI 419357","H.NO. 065, BASAK CHOWK, AMBALA 416531",BIJAPUR,C.G.,YES,sahnimax@example.org,768442180006,,,,GRADUATION,2025,ARTS,02222857,243136473,STATE BOARD,500,319,FIRST,63.8,
355/12730,FIYAZ VARTY,2846260663,M.Sc. (Physics - Final),PHYSICS,10-02-2026,HENRY PUROHIT,SAANVI KALE,SHOPKEEPER,07-01-2003,Male,OBC,,"97/852, DASH ZILA, SURENDRANAGAR DUDHREJ-061357","027, AHUJA, RAMAGUNDAM-642504",NARAYANPUR,C.G.,NO,diya95@example.com,268555281364,,,,GRADUATION,2025,SCIENCE,81921992,392080035,HEMCHAND YADAV UNIVERSITY,500,485,FIRST,97.0,
518/69942,GAVIN DAYAL,1945269571,B.Sc. IT (Information Technology),COMPUTER,04-01-2026,VINCENT OM,IDIKA SINHA,PLUMBER,30-10-2005,Male,GEN,,"92/295, SUNDARAM ZILA, GUNA-518885","429, BOBAL PATH, AURANGABAD 996798",KORBA,C.G.,YES,qrajagopalan@example.org,764795615243,,,,12TH,2025,SCIENCE,62561251,113780894,CBSE,500,280,SECOND,56.0,
605/69950,DANIEL MORAR,5313693944,B.Sc. (Biology),BIOLOGY,04-01-2026,BAHADURJIT CHANDA,JHALAK CHAKRABARTI,BUSINESS,10-05-2008,Male,ST,,"161, MORE CIRCLE, RAJAHMUNDRY-526040","19/171, VOHRA MARG, GANDHINAGAR 820625",SUKMA,C.G.,NO,yseth@example.net,756297457762,,,,12TH,2024,SCIENCE,73630294,693518768,CBSE,500,486,FIRST,97.2,
226/59303,WRIDESH MUTTI,6340042878,B.Sc. IT (Information Technology),COMPUTER,01-03-2026,PRANIT NATARAJAN,GAYATHRI HANDA,PLUMBER,05-12-2003,Male,GEN,,"491, SANDHU NAGAR, NAIHATI 591268","H.NO. 003, SANKARAN, SAGAR 770413",SUKMA,C.G.,YES,adityabanerjee@example.net,063332984235,,,,12TH,2020,SCIENCE,14682638,761341829,STATE BOARD,500,470,FIRST,94.0,
485/80912,JAGDISH RAJAN,4765924408,M.Sc. (Physics - Previous),PHYSICS,18-01-2026,GABRIEL BERA,LAKSHMI GOEL,PLUMBER,13-11-2008,Male,OBC,,"57/417, KAUR PATH, SAHARSA 728628","13, KANDA CIRCLE, DHULE-730221",DHAMTARI,C.G.,NO,anusha94@example.net,080331652844,,,,GRADUATION,2021,SCIENCE,63392387,433480029,HEMCHAND YADAV UNIVERSITY,500,305,FIRST,61.0,
451/47966,RADHIKA DASS,3569280660,B.A.,ARTS,14-01-2026,ISAIAH PRASHAD,CHAVVI BARAD,CONSULTANT,01-07-2004,Female,GEN,,"117, DESAI CIRCLE, ALAPPUZHA-851089","31/376, BOASE CIRCLE, TADIPATRI 437534",RAIGARH,C.G.,NO,bhattacharyyaaarini@example.com,781913262611,,,,12TH,2024,ARTS,49013568,859355249,STATE BOARD,500,498,FIRST,99.6,
846/64340,JASMIT MALHOTRA,2790194121,M.A. (Final),ARTS,07-03-2026,WARJAS DEWAN,UNNI NAGAR,LAWYER,16-09-2000,Female,ST,,"43/55, KORPAL ZILA, NORTH DUMDUM-570615","H.NO. 48, SRIDHAR MARG, KALYAN-DOMBIVLI-409701",BALOD,C.G.,NO,wishi58@example.com,223157067254,,,,GRADUATION,2022,ARTS,27405671,023448432,CBSE,500,256,SECOND,51.2,
282/90594,CHRISTOPHER DEVAN,5172106994,M.Sc. (Chemistry - Final),CHEMISTRY,21-01-2026,UDARSH DIXIT,GAURIKA MANN,ENGINEER,30-11-2004,Male,GEN,,"45/53, CHAHAL ZILA, GAYA-829107","408, CHOUDHURY STREET, KOCHI 644237",KONDAGAON,C.G.,YES,dsampath@example.org,089544695544,,,,GRADUATION,2021,SCIENCE,89445451,711660486,HEMCHAND YADAV UNIVERSITY,500,347,FIRST,69.4,
206/23072,GAUTAMI DASGUPTA,8178809479,M.Sc. (Physics - Previous),PHYSICS,23-01-2026,OLIVER DASH,WISHI SATHE,ACCOUNTANT,07-09-2002,Female,GEN,,"97/50, BARAL ROAD, DEWAS 254169","H.NO. 94, NATH ROAD, KHANDWA-998256",KOREA,C.G.,NO,deoyadavi@example.com,447390914780,,,,GRADUATION,2020,SCIENCE,00687621,516372350,CBSE,500,355,FIRST,71.0,
722/50786,GARIMA CHAUHAN,1646934259,B.Sc. (Mathematics),MATHEMATICS,06-01-2026,BAKHSHI DARA,DAYAMAI KHOSLA,POLICE,17-10-2008,Female,SC,,"12/665, RASTOGI MARG, BALLIA 873062","71/78, HAYRE ROAD, MAHBUBNAGAR 739825",MAHASAMUND,C.G.,NO,kkeer@example.net,909576684739,,,,12TH,2024,SCIENCE,82575565,319585178,CBSE,500,333,FIRST,66.6,
507/29574,DOMINIC BORAH,4544573973,M.Sc. (Mathematics - Final),MATHEMATICS,12-02-2026,ISAAC KARNIK,ANYA MANNE,ACCOUNTANT,19-04-2007,Male,OBC,,"H.NO. 001, SENGUPTA, MAHESHTALA-769728","525, BANSAL ROAD, MADANAPALLE 680684",KORBA,C.G.,YES,chakradevlad@example.net,665805058240,,,,GRADUATION,2023,SCIENCE,74655800,042427011,CBSE,500,395,FIRST,79.0,
740/92398,RADHIKA AMBLE,8914586180,M.Com. (Previous),COMMERCE,15-01-2026,VINCENT KRISHNAN,VRINDA KHATRI,PRIVATE JOB,10-12-2004,Female,OBC,,"H.NO. 02, DEOL PATH, MUZAFFARPUR 234324","19/404, DALAL STREET, BARDHAMAN 068329",DHAMTARI,C.G.,YES,vartyunni@example.net,322784080733,,,,GRADUATION,2022,COMMERCE,65876138,578020982,CBSE,500,433,FIRST,86.6,
103/13453,QARIN SOLANKI,9842585160,M.Sc. (Computer Science - Final),COMPUTER,12-01-2026,NICHOLAS BANERJEE,JYOTI YOGI,CLERK,28-01-2006,Male,OBC,,"H.NO. 09, MAJUMDAR CHOWK, VISAKHAPATNAM 370270","12/91, BUMB GANJ, JAMMU-102531",BALOD,C.G.,YES,banikhenry@example.com,380391846752,,,,GRADUATION,2023,SCIENCE,78534917,848662765,HEMCHAND YADAV UNIVERSITY,500,426,FIRST,85.2,
631/11380,KAVYA MANN,3281924135,M.Sc. (Computer Science - Final),COMPUTER,14-02-2026,ANSH MEMON,GARIMA KHARE,ELECTRICIAN,05-04-2001,Female,SC,,"295, KULKARNI ROAD, JABALPUR-027895","65/805, KRISHNAMURTHY CIRCLE, PANIHATI-808087",SURGUJA,C.G.,NO,omyapatla@example.org,261119568332,,,,GRADUATION,2025,SCIENCE,11251687,591453558,STATE BOARD,500,473,FIRST,94.6,
366/88303,DIYA GOEL,4773438279,M.A. (Final),ARTS,20-02-2026,AARNAV IYENGAR,MAYA SAINI,DOCTOR,23-07-2005,Female,ST,,"96/47, SESHADRI ZILA, BHARATPUR-292180","79/45, PARMER GANJ, HUBLI–DHARWAD 420266",JASHPUR,C.G.,NO,rgupta@example.com,169799009494,,,,GRADUATION,2024,ARTS,56912758,366369199,CBSE,500,207,THIRD,41.4,
151/16831,RADHA SANKARAN,2956178486,B.Sc. (Biology),BIOLOGY,30-01-2026,DARPAN DUGAL,AMAIRA SAHNI,CONSULTANT,17-05-2008,Female,GEN,,"308, GANDHI, KOLHAPUR-973627","39, SINGHAL ZILA, UJJAIN 409106",DHAMTARI,C.G.,YES,ojasviarya@example.net,296635598875,,,,12TH,2021,SCIENCE,64926840,300322873,CBSE,500,465,FIRST,93.0,
125/17199,ISAIAH GADE,1831600281,M.Sc. (Physics - Previous),PHYSICS,07-02-2026,JACK SHARMA,OMYA WARRIOR,BUSINESS,18-08-2005,Male,GEN,,"H.NO. 68, SANKARAN CHOWK, HUBLI–DHARWAD 605631","862, SARRAF GANJ, KATNI-533177",BEMETARA,C.G.,NO,anmoldass@example.com,347428184257,,,,GRADUATION,2025,SCIENCE,86546300,475219222,CBSE,500,424,FIRST,84.8,
583/42199,EKANTIKA BARAD,7175718501,BCA (Bachelor of Computer Applications),COMPUTER,04-02-2026,ABHIMANYU BARIA,ESHANA GREWAL,POLICE,07-11-2007,Female,OBC,,"916, CHOWDHURY CHOWK, KORBA-459111","H.NO. 685, CHOUDHRY GANJ, ULUBERIA 418500",KANKER,C.G.,YES,lramachandran@example.net,134346330703,,,,12TH,2022,ARTS,41861763,011722229,CBSE,500,479,FIRST,95.8,
971/33033,OMAJA SAMA,2755947542,M.Sc. (Biotechnology - Final),-,02-03-2026,DOMINIC CHANDA,IRYA PARIKH,RETIRED,27-02-2003,Female,OBC,,"671, AGATE CHOWK, DEHRADUN-939751","H.NO. 992, BORAH ROAD, VADODARA-010828",KORBA,C.G.,YES,saxenawriddhish@example.com,849272225316,,,,GRADUATION,2020,SCIENCE,11455676,666334499,HEMCHAND YADAV UNIVERSITY,500,235,SECOND,47.0,
446/27012,AARUSH SOM,9514266213,B.Sc. (Biology),BIOLOGY,09-01-2026,OM HEGDE,ANVI OOMMEN,DOCTOR,17-06-2006,Male,SC,,"54, DHALIWAL CIRCLE, SURYAPET 413287","22, DIXIT GANJ, RAURKELA INDUSTRIAL TOWNSHIP 035793",KORBA,C.G.,NO,santguneet@example.org,272885451510,,,,12TH,2020,SCIENCE,29179827,579271638,STATE BOARD,500,464,FIRST,92.8,
503/48841,KRISHNA RAJAGOPAL,8893115261,B.Sc. (Mathematics),MATHEMATICS,13-03-2026,MITESH KHANNA,JALSA KARNIK,CARPENTER,05-01-2008,Female,ST,,"H.NO. 764, CHEEMA CHOWK, NAGAON-632800","60/87, GANESH PATH, PANCHKULA 565867",BEMETARA,C.G.,YES,choudharylaban@example.org,462803234114,,,,12TH,2021,SCIENCE,62421880,349110444,CBSE,500,304,FIRST,60.8,
979/84654,EKANSH CHOUDHURY,8133122963,B.Lib (Bachelor of Library Science),LIBRARY SCIENCE,12-03-2026,TEERTH SANDHU,NEHA MANGAT,CARPENTER,13-07-2001,Male,ST,,"H.NO. 725, NARAYAN GANJ, SURAT 680172","76/99, SHANKAR MARG, MAU-259541",KONDAGAON,C.G.,YES,timothyganesh@example.com,288761742155,,,,12TH,2024,ARTS,57916390,742978679,CBSE,500,254,SECOND,50.8,
948/80682,HARINAKSHI LAD,1309369071,M.Sc. (Chemistry - Final),CHEMISTRY,10-01-2026,CHAITANYA PRASHAD,HAMSINI SRINIVAS,CONSULTANT,28-01-2004,Female,SC,,"88/104, BALASUBRAMANIAN PATH, UDUPI-399699","08/584, DHAWAN ROAD, MALEGAON-560051",DHAMTARI,C.G.,YES,dominic77@example.org,572788723893,,,,GRADUATION,2020,SCIENCE,48911988,139424191,STATE BOARD,500,411,FIRST,82.2,
603/73214,ARYAN RAMACHANDRAN,9738251201,M.Sc. (Biotechnology - Final),-,24-01-2026,ORINDER BAHL,GAUTAMI SUBRAMANIAN,GOVT EMPLOYEE,10-09-2004,Male,ST,,"84/331, PALL ZILA, HOSPET-402173","H.NO. 04, CHOUDHURY CIRCLE, TIRUPATI-285900",GARIABAND,C.G.,NO,jeet71@example.com,350181118105,,,,GRADUATION,2025,SCIENCE,04871923,106495172,HEMCHAND YADAV UNIVERSITY,500,424,FIRST,84.8,
659/16785,ORINDER RATTA,5058051356,M.Sc. (Chemistry - Final),CHEMISTRY,26-02-2026,ARJUN SESHADRI,RAJATA NARULA,FREELANCER,03-06-2004,Male,SC,,"H.NO. 298, DHALIWAL MARG, NASHIK 786706","47/89, HANS NAGAR, SERAMPORE 569403",KOREA,C.G.,YES,barmaninaya@example.com,877152885892,,,,GRADUATION,2025,SCIENCE,12247686,307051918,STATE BOARD,500,346,FIRST,69.2,
828/81491,RAJATA DASS,0811557159,M.A. (Previous),ARTS,04-01-2026,NAKSH MASTER,EDHITHA VARTY,CONSULTANT,15-02-2002,Female,GEN,,"H.NO. 60, BAHL ZILA, AMROHA 218908","63/981, WASON STREET, BALLIA 087690",DURG,C.G.,YES,vrishti13@example.net,342978000802,,,,GRADUATION,2023,ARTS,16034322,411185919,HEMCHAND YADAV UNIVERSITY,500,363,FIRST,72.6,
478/38071,QASIM RAMA,6625644363,M.Sc. (Biotechnology - Previous),-,01-03-2026,CHAKRADHAR KIBE,UDYATI CHAKRABARTI,CONSULTANT,03-04-2008,Male,ST,,"32/09, SRIDHAR ROAD, PUDUKKOTTAI 967644","189, BRAHMBHATT CHOWK, BAHRAICH 347291",BIJAPUR,C.G.,NO,koshyakshay@example.org,039206683320,,,,GRADUATION,2020,SCIENCE,25495604,218225028,STATE BOARD,500,206,THIRD,41.2,
665/27768,AVNI EDWIN,2940895365,M.Sc. (Zoology - Final),ZOOLOGY,20-02-2026,LAKSH MANE,SUDIKSHA BAVA,BUSINESS,18-04-2005,Female,SC,,"75, WALIA CIRCLE, BURHANPUR-206309","80/531, SARAN STREET, DEHRADUN-823823",SURGUJA,C.G.,NO,lpalla@example.net,136350181366,,,,GRADUATION,2020,SCIENCE,38230597,685709074,CBSE,500,468,FIRST,93.6,
982/24571,JANUJA SHARMA,6184177729,B.Sc. (Biology),BIOLOGY,14-02-2026,ANSH AGGARWAL,RADHIKA DHILLON,TEACHER,24-09-2008,Female,OBC,,"535, KURIAN ROAD, MUNGER 965283","H.NO. 190, BAINS ROAD, RAMPUR 212046",BILASPUR,C.G.,NO,benjamin47@example.org,065347537161,,,,12TH,2021,SCIENCE,63100025,709225110,CBSE,500,316,FIRST,63.2,
864/37506,XALAK MERCHANT,7218129826,M.A. (Previous),ARTS,19-01-2026,HARISH GADE,NIDRA NAZARETH,MECHANIC,24-02-2009,Female,GEN,,"95/47, SRIDHAR STREET, VASAI-VIRAR-202942","57/185, SUBRAMANIAM NAGAR, MALEGAON-373536",BILASPUR,C.G.,NO,parikheiravati@example.org,358911150715,,,,GRADUATION,2022,ARTS,51808429,481158867,HEMCHAND YADAV UNIVERSITY,500,437,FIRST,87.4,
153/77681,JONATHAN SURESH,2053494185,M.A. (Previous),ARTS,06-02-2026,LABAN GANESH,NIDHI LANKA,STUDENT,22-03-2006,Male,OBC,,"90/17, GROVER STREET, SATARA 613940","H.NO. 708, KEER CIRCLE, BARANAGAR 977496",KORBA,C.G.,NO,bprakash@example.com,611395397394,,,,GRADUATION,2024,ARTS,78388590,783717064,HEMCHAND YADAV UNIVERSITY,500,399,FIRST,79.8,
319/29569,WARHI KOHLI,0933048312,B.Sc. (Mathematics),MATHEMATICS,14-01-2026,MOHAMMED NARAYAN,DAKSHA MALL,SELF EMPLOYED,21-03-2001,Female,ST,,"274, DOSHI PATH, DEWAS-727730","H.NO. 33, ISSAC NAGAR, KOTTAYAM-618804",BASTAR,C.G.,YES,pnagar@example.com,147142495523,,,,12TH,2025,SCIENCE,11072083,208425093,STATE BOARD,500,374,FIRST,74.8,
971/84914,ZAYYAN BEHL,2823349074,M.Sc. (Biotechnology - Final),-,15-01-2026,CHAKRADEV BANDI,ONI CHANA,MECHANIC,27-12-2004,Male,OBC,,"56/574, DHAR NAGAR, THANE 283708","565, DHINGRA ROAD, THRISSUR-627106",BALODA BAZAR,C.G.,NO,kapureshana@example.org,057954435515,,,,GRADUATION,2022,SCIENCE,57917178,591548040,STATE BOARD,500,269,SECOND,53.8,
859/74222,WARDA CHANDRAN,7241675958,B.Sc. Computer Science,COMPUTER,08-02-2026,EKBAL RAY,DIVYA BALAN,ACCOUNTANT,27-09-2002,Female,OBC,,"915, NAIK STREET, GANDHINAGAR 814848","H.NO. 87, SANT NAGAR, ROHTAK-932268",MAHASAMUND,C.G.,YES,mseshadri@example.org,226946630127,,,,12TH,2024,SCIENCE,93659078,674063528,STATE BOARD,500,270,SECOND,54.0,
502/86183,YAGNESH SHARAF,3802370583,B.Sc. IT (Information Technology),COMPUTER,31-01-2026,KRISHNA TARA,QUSHI PRABHU,CLERK,28-03-2007,Male,OBC,,"H.NO. 139, DADA STREET, DURG 905483","H.NO. 91, SEN NAGAR, ASANSOL 185455",KORBA,C.G.,NO,atwaldevansh@example.net,028165096748,,,,12TH,2025,SCIENCE,32941332,724181931,CBSE,500,203,THIRD,40.6,
686/27780,PRIYA BOBAL,3124222073,BBA (Bachelor of Business Administration),MANAGEMENT,04-01-2026,MANAN NAGI,ANAMIKA PRABHAKAR,FREELANCER,13-09-2005,Female,GEN,,"50, SHARAF CIRCLE, SRIKAKULAM 757592","87/915, BHARGAVA ROAD, BHIMAVARAM-402698",DURG,C.G.,NO,noahiyengar@example.com,039255921464,,,,12TH,2021,ARTS,23864065,105557467,STATE BOARD,500,356,FIRST,71.2,
843/82410,BHAVNA CHAND,8530975956,M.Sc. (Physics - Final),PHYSICS,31-01-2026,AVI HANDA,MEGHA BHATNAGAR,CARPENTER,24-02-2001,Female,OBC,,"110, PRAKASH GANJ, DURG 415749","H.NO. 95, KANNAN MARG, GUNA-687935",BIJAPUR,C.G.,NO,dayitasubramaniam@example.com,735189981358,,,,GRADUATION,2021,SCIENCE,77022576,264848908,STATE BOARD,500,277,SECOND,55.4,
399/34400,EKANTIKA GOUR,1387289147,M.Sc. (Chemistry - Final),CHEMISTRY,14-03-2026,ISAIAH SACHDEVA,NILIMA NAGY,PRIVATE JOB,27-10-2004,Female,GEN,,"365, SUBRAMANIAM PATH, GIRIDIH 588680","10/73, BAJWA CHOWK, JAMNAGAR-548521",RAIPUR,C.G.,YES,goleekavir@example.net,918233566221,,,,GRADUATION,2022,SCIENCE,07466256,693127126,STATE BOARD,500,438,FIRST,87.6,
104/77699,GEORGE GULATI,6429106755,M.A. (Previous),ARTS,05-01-2026,SAKSHAM NADIG,YUTIKA DEO,PRIVATE JOB,02-07-2000,Male,ST,,"42, MODY CHOWK, RANCHI 002302","83, CHANDRA CIRCLE, RAIGANJ 243848",MAHASAMUND,C.G.,YES,lhari@example.com,655268030774,,,,GRADUATION,2025,ARTS,75730268,052291051,STATE BOARD,500,334,FIRST,66.8,
885/29374,DEVIKA MALHOTRA,5227435459,B.Lib (Bachelor of Library Science),LIBRARY SCIENCE,04-02-2026,DAKSHESH CHERIAN,ADVIKA PURI,DOCTOR,18-05-2007,Female,SC,,"H.NO. 76, BAIL, REWA 977802","H.NO. 660, NAGARAJAN MARG, SRI GANGANAGAR-375946",BASTAR,C.G.,NO,lavanya24@example.com,341978911388,,,,12TH,2025,ARTS,74364137,495250643,HEMCHAND YADAV UNIVERSITY,500,216,THIRD,43.2,
359/55433,LIAM BHAT,1248995293,M.Sc. (Biotechnology - Final),-,23-02-2026,DARSH SRINIVASAN,ADWETA CHOUDHURY,ENGINEER,19-09-2008,Male,ST,,"87/95, KALITA MARG, DHARMAVARAM-717082","536, GALA ROAD, TIRUVOTTIYUR 973356",RAIPUR,C.G.,YES,bahadurjitlad@example.com,959283317676,,,,GRADUATION,2022,SCIENCE,66074340,696894800,HEMCHAND YADAV UNIVERSITY,500,411,FIRST,82.2,
696/58688,NICHOLAS DASS,7943845460,BCA (Bachelor of Computer Applications),COMPUTER,29-01-2026,CHARAN LAD,KAMALA CHOWDHURY,LABOUR,19-12-2002,Male,SC,,"93, PRAKASH GANJ, KANPUR-112724","H.NO. 57, NARAYANAN ZILA, KOLHAPUR-157813",RAIGARH,C.G.,NO,nathankhanna@example.net,156434478566,,,,12TH,2022,ARTS,66877999,693872539,STATE BOARD,500,322,FIRST,64.4,
771/69437,NEELIMA HANS,5414665943,BAJMC (Bachelor of Arts in Journalism & Mass Communication),COMMERCE,12-03-2026,QADIM KAPOOR,AMRUTA DUA,TEACHER,16-01-2001,Female,OBC,,"95/265, PARSA MARG, ARRAH 257451","47, PANDEY STREET, SHIMLA 950495",BIJAPUR,C.G.,NO,qdalia@example.net,775612223309,,,,12TH,2022,ARTS,51283260,437597514,CBSE,500,364,FIRST,72.8,
107/24789,KAMYA SARRAF,5587844159,M.Sc. (Chemistry - Previous),CHEMISTRY,04-01-2026,THEODORE CHATTERJEE,JEEVIKA DUBEY,PLUMBER,10-06-2007,Female,ST,,"44/838, SACHDEV NAGAR, RAICHUR 492229","60, BARMAN MARG, CHANDRAPUR-137860",DHAMTARI,C.G.,YES,abeer46@example.net,979052142982,,,,GRADUATION,2021,SCIENCE,02254143,175929036,CBSE,500,264,SECOND,52.8,
113/20301,URVASHI PRAKASH,6390590324,M.Sc. (Physics - Final),PHYSICS,27-01-2026,NOAH BRAHMBHATT,VARSHA KHANNA,ARTIST,16-08-2002,Female,SC,,"H.NO. 342, RAO GANJ, THANJAVUR-683049","37/94, DYAL CHOWK, TIRUPATI-287823",JANJGIR-CHAMPA,C.G.,YES,palanaarush@example.org,755685676796,,,,GRADUATION,2024,SCIENCE,66722477,622728012,CBSE,500,311,FIRST,62.2,
409/85424,OMAJA BASAK,9096943922,BAJMC (Bachelor of Arts in Journalism & Mass Communication),COMMERCE,08-03-2026,HARISH TAK,VEDHIKA GILL,POLICE,14-12-2004,Female,OBC,,"147, DYAL ROAD, GULBARGA 977581","32, BORA NAGAR, COIMBATORE-488381",RAIGARH,C.G.,YES,dhillonaditya@example.com,146385009242,,,,12TH,2025,ARTS,46303153,983304767,STATE BOARD,500,431,FIRST,86.2,
335/18049,DAVID TOOR,5539617547,B.Sc. Computer Science,COMPUTER,11-01-2026,BENJAMIN GUHA,SAUMYA MISTRY,FARMER,25-03-2003,Male,OBC,,"74, SRIDHAR ROAD, DHARMAVARAM 028112","H.NO. 49, VIRK NAGAR, BIHAR SHARIF 754430",SURGUJA,C.G.,NO,hemangkade@example.com,176253310538,,,,12TH,2023,SCIENCE,17359319,132809482,CBSE,500,452,FIRST,90.4,
683/94325,DHRITI KHARE,8553244941,M.Sc. (Computer Science - Final),COMPUTER,26-01-2026,WARJAS KARNIK,LEKHA BATTA,POLICE,08-05-2007,Female,SC,,"00, THAKUR ZILA, NORTH DUMDUM 817386","16/46, BOSE, ROURKELA 391683",BALODA BAZAR,C.G.,YES,hamsini67@example.com,692337070188,,,,GRADUATION,2021,SCIENCE,61194811,387369903,STATE BOARD,500,206,THIRD,41.2,
572/44251,WILLIAM SHAH,0525204926,M.Sc. (Botany - Final),BOTANY,25-01-2026,NATHAN ARYA,MEERA PAREKH,CARPENTER,14-08-2006,Male,GEN,,"41/87, RAY CIRCLE, BHAGALPUR-770792","953, PINGLE ROAD, AURANGABAD-983050",SUKMA,C.G.,YES,sulehenry@example.net,037485299291,,,,GRADUATION,2021,SCIENCE,36259395,297785668,CBSE,500,217,THIRD,43.4,
801/81012,SHAURYA CHAND,5732469328,B.Lib (Bachelor of Library Science),LIBRARY SCIENCE,03-01-2026,VEDANT NAYAR,ESHANA CHANDER,NURSE,05-03-2003,Male,GEN,,"26, GOLA PATH, RAJKOT-897516","28/06, BANDI ZILA, ALAPPUZHA 361151",JASHPUR,C.G.,YES,nachikettalwar@example.com,835180201457,,,,12TH,2024,ARTS,06244596,253973748,HEMCHAND YADAV UNIVERSITY,500,280,SECOND,56.0,
985/86927,OMAJA SEM,5266626212,B.Sc. IT (Information Technology),COMPUTER,16-01-2026,AYAAN BISWAS,HARITA DUA,ARMY PERSONNEL,10-02-2009,Female,SC,,"H.NO. 97, GADE PATH, JAMALPUR-389706","H.NO. 59, DESAI, DEOGHAR-476016",NARAYANPUR,C.G.,YES,bhargavaaditya@example.net,443691164918,,,,12TH,2021,SCIENCE,10886719,984990615,HEMCHAND YADAV UNIVERSITY,500,485,FIRST,97.0,
844/59662,ANJALI BANERJEE,5679527143,M.Sc. (Computer Science - Final),COMPUTER,23-01-2026,ISAAC WALI,HEMA GUPTA,FARMER,17-09-2007,Female,ST,,"H.NO. 132, BOBAL, DEHRADUN 291542","79/02, NATH CIRCLE, SONIPAT 818935",NARAYANPUR,C.G.,YES,ishanvibabu@example.org,366992787550,,,,GRADUATION,2024,SCIENCE,05481365,648949216,STATE BOARD,500,350,FIRST,70.0,
271/59548,RIYA KHATRI,3197606814,M.Sc. (Botany - Final),BOTANY,18-02-2026,NEEL KARPE,YUTIKA KEER,DOCTOR,28-06-2002,Female,SC,,"H.NO. 328, NARAIN STREET, ROURKELA-663909","H.NO. 319, SANE MARG, ETAWAH 478334",KOREA,C.G.,YES,anirudh31@example.net,453088107411,,,,GRADUATION,2021,SCIENCE,64869692,331752772,HEMCHAND YADAV UNIVERSITY,500,407,FIRST,81.4,
639/36658,WAHAB DIN,6719770057,M.Sc. (Biotechnology - Final),-,26-02-2026,TANAY TANK,YOCHANA RAMAN,DRIVER,07-06-2005,Male,OBC,,"262, UPADHYAY MARG, TEZPUR 544522","H.NO. 380, RAM CIRCLE, AMBALA-873927",KANKER,C.G.,YES,girindralad@example.org,127369348293,,,,GRADUATION,2023,SCIENCE,11326250,717979539,HEMCHAND YADAV UNIVERSITY,500,481,FIRST,96.2,
179/68877,VINAYA NAGAR,9462926894,M.A. (Final),ARTS,20-02-2026,RANVEER BANIK,DARIKA KURIAN,RETIRED,17-07-2003,Female,ST,,"040, LAL STREET, SASARAM-405745","51/47, SULE ROAD, HOWRAH 847021",KONDAGAON,C.G.,YES,rushil91@example.com,240780027617,,,,GRADUATION,2025,ARTS,51179140,926875523,HEMCHAND YADAV UNIVERSITY,500,244,SECOND,48.8,
146/61560,BARKHA GOUR,3935980745,B.Sc. (Mathematics),MATHEMATICS,21-01-2026,GABRIEL RATTAN,CHARITA RATTA,ARMY PERSONNEL,25-03-2007,Female,OBC,,"31/451, SHETH STREET, KULTI 926623","95/26, NAIR CIRCLE, KIRARI SULEMAN NAGAR-337885",KORBA,C.G.,YES,paigautam@example.net,614785168263,,,,12TH,2024,SCIENCE,31639790,101874367,CBSE,500,456,FIRST,91.2,
208/16646,MEGHANA PANDEY,5555954829,B.Sc. (Biology),BIOLOGY,13-01-2026,HREDHAAN KHANNA,URVI SEN,RETIRED,29-01-2006,Female,OBC,,"H.NO. 753, SANE, SRI GANGANAGAR-068788","H.NO. 635, RAO GANJ, GORAKHPUR-211191",RAIGARH,C.G.,YES,rradhakrishnan@example.com,138227911373,,,,12TH,2025,SCIENCE,00675367,524372111,STATE BOARD,500,228,SECOND,45.6,
618/27356,NIDRA YOHANNAN,9303938498,BAJMC (Bachelor of Arts in Journalism & Mass Communication),COMMERCE,25-02-2026,LUCKY LALA,VANSHA CHEEMA,GOVT EMPLOYEE,26-03-2000,Female,SC,,"89/69, MANDAL PATH, MEERUT-296723","H.NO. 898, GOSWAMI MARG, NEW DELHI-102179",RAIPUR,C.G.,YES,rhora@example.org,178308496297,,,,12TH,2020,ARTS,42683825,020368896,CBSE,500,359,FIRST,71.8,
558/51982,TRIVENI SHARMA,2658999653,M.Sc. (Computer Science - Previous),COMPUTER,14-02-2026,AVI AHLUWALIA,DIPTA MERCHANT,TEACHER,12-05-2003,Female,SC,,"H.NO. 665, MALLICK PATH, ERODE-157690","H.NO. 55, SEM CHOWK, DIBRUGARH-019649",NARAYANPUR,C.G.,NO,kramanathan@example.net,499804717099,,,,GRADUATION,2022,SCIENCE,91527630,311412253,STATE BOARD,500,465,FIRST,93.0,
357/72836,NEHA NAGY,2771268192,M.Sc. (Mathematics - Previous),MATHEMATICS,25-01-2026,KEVIN HARI,ADYA VASA,ARMY PERSONNEL,16-06-2002,Female,GEN,,"382, DUTT CIRCLE, GIRIDIH-958304","H.NO. 59, NAIK CIRCLE, GORAKHPUR 848426",RAIGARH,C.G.,YES,wpalla@example.com,761630993419,,,,GRADUATION,2022,SCIENCE,99399223,920738566,HEMCHAND YADAV UNIVERSITY,500,261,SECOND,52.2,
409/87765,JAGRATI SODHI,2221261288,M.A. (Previous),ARTS,31-01-2026,TIMOTHY PAL,BARKHA GANGULY,POLICE,26-12-2003,Female,ST,,"H.NO. 952, SAGAR, SRI GANGANAGAR 389461","244, MISHRA CHOWK, JAIPUR 144707",BALODA BAZAR,C.G.,NO,anthony90@example.com,438290825545,,,,GRADUATION,2024,ARTS,65990650,219237421,HEMCHAND YADAV UNIVERSITY,500,243,SECOND,48.6,
484/30931,PUSHTI JAYARAMAN,1168483212,M.Sc. (Botany - Previous),BOTANY,19-01-2026,SHAURYA SOOD,VYANJANA BALAN,GOVT EMPLOYEE,26-10-2001,Female,GEN,,"53, SHAH PATH, JAMMU 484718","37/89, KHOSLA CIRCLE, JALNA 193044",RAIGARH,C.G.,YES,xbalan@example.org,197295912876,,,,GRADUATION,2020,SCIENCE,32805955,920746015,CBSE,500,300,FIRST,60.0,
234/39072,CHARLES SAMA,3106666753,M.Sc. (Chemistry - Final),CHEMISTRY,24-02-2026,WYATT KATA,SANAYA IYER,RETIRED,12-02-2001,Male,SC,,"59/75, KALITA MARG, KOCHI-983184","23/25, MORAR GANJ, SULTAN PUR MAJRA-639766",BALOD,C.G.,NO,hbiswas@example.com,809079393402,,,,GRADUATION,2023,SCIENCE,27019994,986983165,HEMCHAND YADAV UNIVERSITY,500,343,FIRST,68.6,
490/89014,WAZIR KALE,2105348532,M.Sc. (Zoology - Final),ZOOLOGY,19-01-2026,ADITYA SIDHU,ISHA SAMI,SELF EMPLOYED,16-03-2006,Male,ST,,"36, VENKATARAMAN CIRCLE, IMPHAL-507739","00/716, THAMAN, MORBI 779940",KOREA,C.G.,YES,ishani72@example.net,735582075858,,,,GRADUATION,2020,SCIENCE,43371608,712064140,HEMCHAND YADAV UNIVERSITY,500,275,SECOND,55.0,
585/68606,WAZIR YADAV,0556096493,B.Lib (Bachelor of Library Science),LIBRARY SCIENCE,13-03-2026,JAI RAJAN,SHIVANI DEEP,ENGINEER,30-03-2007,Male,OBC,,"476, MUKHERJEE CIRCLE, RAICHUR-962821","H.NO. 48, SAMRA CIRCLE, CHENNAI-390153",BALOD,C.G.,YES,rayyashawini@example.org,858931748000,,,,12TH,2024,ARTS,97275045,751517083,STATE BOARD,500,458,FIRST,91.6,
927/57541,PARTH GOSWAMI,8793205710,PGDCA (Post Graduate Diploma in Computer Applications),COMPUTER,15-02-2026,BALENDRA YOHANNAN,BRINDA GOSWAMI,RETIRED,25-12-2008,Male,GEN,,"83/166, SAXENA GANJ, AIZAWL 217745","H.NO. 296, DUTTA CIRCLE, CHANDIGARH 064452",RAIGARH,C.G.,NO,udyati11@example.net,790224672318,,,,GRADUATION,2025,ARTS,71842079,788412349,HEMCHAND YADAV UNIVERSITY,500,454,FIRST,90.8,
455/85349,KIAAN VENKATESH,2679889173,B.Sc. (Mathematics),MATHEMATICS,07-01-2026,LUCKY GADE,YADAVI RAI,RETIRED,07-06-2008,Male,GEN,,"H.NO. 83, MITTER MARG, AVADI 999555","32, TRIPATHI MARG, TIRUPATI 983175",BALRAMPUR,C.G.,YES,omajavarma@example.org,590493960632,,,,12TH,2020,SCIENCE,62448854,846368568,STATE BOARD,500,299,SECOND,59.8,
410/91955,SHIVANI BAHRI,9161122561,B.Sc. (Mathematics),MATHEMATICS,14-01-2026,MANBIR IYENGAR,JALSA LATA,DOCTOR,04-09-2000,Female,ST,,"02, BRAHMBHATT ZILA, DHULE-383832","H.NO. 52, NARAYANAN GANJ, BALLIA 643573",BALODA BAZAR,C.G.,NO,damyanti82@example.net,186662785937,,,,12TH,2023,SCIENCE,17506262,229661388,HEMCHAND YADAV UNIVERSITY,500,383,FIRST,76.6,
604/81081,EKAVIR RAJA,3486065938,M.Sc. (Chemistry - Previous),CHEMISTRY,03-01-2026,OSCAR MOHAN,IKSHITA KRISHNAMURTHY,PRIVATE JOB,02-04-2006,Male,GEN,,"H.NO. 798, JAGGI ROAD, AKOLA-249086","H.NO. 975, WADHWA STREET, AMBATTUR 162630",SURGUJA,C.G.,YES,zachariakrishna@example.com,878254012793,,,,GRADUATION,2023,SCIENCE,32924056,232676135,STATE BOARD,500,320,FIRST,64.0,
798/94143,CHATURA HAYER,6468296277,BAJMC (Bachelor of Arts in Journalism & Mass Communication),COMMERCE,27-02-2026,SAMARTH TANK,EKANI BHASIN,GOVT EMPLOYEE,20-09-2008,Male,ST,,"H.NO. 695, CHOUDHURY NAGAR, KIRARI SULEMAN NAGAR-406135","45/861, BHAT MARG, GORAKHPUR 456414",JANJGIR-CHAMPA,C.G.,YES,atwalekalinga@example.org,554958784612,,,,12TH,2023,ARTS,58315596,047438504,STATE BOARD,500,214,THIRD,42.8,
977/77098,ESHANA SAHNI,1793044120,M.Sc. (Botany - Final),BOTANY,18-02-2026,SAMAR GARDE,YASHASVI CONTRACTOR,ACCOUNTANT,11-10-2000,Female,ST,,"869, PADMANABHAN GANJ, JUNAGADH 632572","H.NO. 674, KALA GANJ, PATNA 280173",KONDAGAON,C.G.,YES,ekansh57@example.com,243562950559,,,,GRADUATION,2025,SCIENCE,63558169,691166192,STATE BOARD,500,350,FIRST,70.0,
161/92834,SACHI GOPAL,4743863290,M.Sc. (Computer Science - Final),COMPUTER,01-03-2026,FITAN BARIA,GARIMA DHAWAN,ELECTRICIAN,30-03-2002,Female,GEN,,"799, BEDI MARG, AGARTALA-476825","H.NO. 71, SHANKER NAGAR, AGRA-812058",KONDAGAON,C.G.,NO,rmurty@example.org,830441754909,,,,GRADUATION,2023,SCIENCE,06524916,493031144,CBSE,500,253,SECOND,50.6,
466/46906,YACHANA PATHAK,1261824322,M.Sc. (Computer Science - Previous),COMPUTER,30-01-2026,ARYAN TANDON,PANINI KAR,GOVT EMPLOYEE,21-10-2006,Female,GEN,,"45/610, SANGHA ROAD, RAICHUR 813055","41, GOLA CIRCLE, VISAKHAPATNAM-471618",BILASPUR,C.G.,NO,zchad@example.org,126560560094,,,,GRADUATION,2020,SCIENCE,10050015,919354076,STATE BOARD,500,391,FIRST,78.2,
846/79781,CHAMAN BATTA,4121447725,M.Com. (Previous),COMMERCE,12-03-2026,CHAMPAK MANNE,ANYA SUNDARAM,ACCOUNTANT,12-09-2008,Female,GEN,,"933, SIDHU GANJ, NASHIK 804530","H.NO. 35, CHAKRABORTY ROAD, MUMBAI 602674",SURGUJA,C.G.,YES,zsha@example.org,107676399427,,,,GRADUATION,2022,COMMERCE,26565220,739273571,HEMCHAND YADAV UNIVERSITY,500,448,FIRST,89.6,
680/25902,MATTHEW JOSHI,3104692591,M.Com. (Previous),COMMERCE,24-02-2026,JACK SASTRY,ARADHANA GALA,LABOUR,28-02-2006,Male,ST,,"077, BARIA ZILA, JAMNAGAR-896187","08, BORRA MARG, MALDA-948375",DURG,C.G.,NO,abhimanyu74@example.net,322668581946,,,,GRADUATION,2021,COMMERCE,01370207,624219130,CBSE,500,405,FIRST,81.0,
292/84152,BAKHSHI SAWHNEY,2596343502,M.Sc. (Mathematics - Previous),MATHEMATICS,25-01-2026,ARJUN KORPAL,PRIYA KEER,ACCOUNTANT,19-07-2000,Male,OBC,,"48/761, CHANDER NAGAR, MYSORE-494891","214, RAMANATHAN, NEW DELHI-203392",BALOD,C.G.,YES,vidhi10@example.net,939971880827,,,,GRADUATION,2021,SCIENCE,00706999,224846001,CBSE,500,231,SECOND,46.2,
316/94979,AAYUSH RANDHAWA,1942723746,M.Sc. (Zoology - Final),ZOOLOGY,23-01-2026,MITESH PALLA,TANVI MURTY,ACCOUNTANT,31-01-2009,Male,SC,,"60/622, KANDA CHOWK, JAMSHEDPUR 377561","58/168, SUNDARAM CHOWK, CUTTACK-527643",RAIGARH,C.G.,NO,koshyojas@example.com,558916046088,,,,GRADUATION,2021,SCIENCE,80635839,024524273,HEMCHAND YADAV UNIVERSITY,500,243,SECOND,48.6,
382/21273,YUG KOSHY,8478036608,M.Sc. (Mathematics - Previous),MATHEMATICS,18-02-2026,ROHAN SHANKAR,WARHI SAINI,SHOPKEEPER,28-08-2001,Male,OBC,,"285, KUMAR CIRCLE, PRODDATUR-325988","85/68, CHAUHAN NAGAR, KHANDWA 598746",SUKMA,C.G.,YES,umahal@example.net,315151287648,,,,GRADUATION,2020,SCIENCE,08525488,929472023,CBSE,500,388,FIRST,77.6,
873/47585,INDRAJIT DIXIT,8821979709,M.A. (Previous),ARTS,09-03-2026,LAKSHIT NARAIN,RACHANA RAMACHANDRAN,FARMER,01-07-2004,Male,GEN,,"72/57, PAU ROAD, ROURKELA 155455","811, NAYAK CIRCLE, TIRUPPUR-124164",BASTAR,C.G.,NO,chadhajeet@example.org,678998871600,,,,GRADUATION,2024,ARTS,00138138,107505610,HEMCHAND YADAV UNIVERSITY,500,371,FIRST,74.2,
714/18543,DARPAN THAKER,2726801461,B.Sc. Micro Biology,BIOLOGY,19-03-2026,JATIN BAHRI,VAISHNAVI WASON,MECHANIC,28-02-2002,Male,OBC,,"11/025, VARUGHESE NAGAR, VARANASI 562745","34/07, BASSI CHOWK, AJMER-526642",BASTAR,C.G.,NO,yohannanchatresh@example.org,109314578406,,,,12TH,2025,SCIENCE,71868753,911405881,STATE BOARD,500,482,FIRST,96.4,
607/59902,DAKSHESH CONTRACTOR,7936212585,BCA (Bachelor of Computer Applications),COMPUTER,05-03-2026,FARIQ BUTALA,OJASVI RAJU,CARPENTER,24-03-2006,Male,ST,,"78/091, MURTY STREET, RAIPUR 527429","93/591, KALITA, BIHAR SHARIF-934668",SURGUJA,C.G.,NO,cbala@example.net,261258849504,,,,12TH,2024,ARTS,24487188,861258243,CBSE,500,279,SECOND,55.8,
971/12144,MEKHALA CHOUDHRY,1743526982,M.Com. (Previous),COMMERCE,20-01-2026,AYUSHMAN PILLAI,OESHI VYAS,GOVT EMPLOYEE,23-07-2004,Female,GEN,,"21/10, CHADHA, SHIMOGA-612082","H.NO. 147, APTE MARG, AMBARNATH 027209",JANJGIR-CHAMPA,C.G.,YES,garima16@example.net,589639862327,,,,GRADUATION,2022,COMMERCE,91797405,372541737,STATE BOARD,500,421,FIRST,84.2,
320/32641,HARINI DEVAN,8166134065,B.A.,ARTS,27-01-2026,ARJUN BATTA,JEEVIKA KOHLI,RETIRED,01-11-2004,Female,OBC,,"89, LUTHRA GANJ, BATHINDA-100283","H.NO. 56, VARUGHESE CIRCLE, DEOGHAR 384886",KANKER,C.G.,NO,onveer20@example.net,055048828877,,,,12TH,2020,ARTS,24856324,396070681,CBSE,500,389,FIRST,77.8,
757/73992,SAANVI SURESH,6873468715,BCA (Bachelor of Computer Applications),COMPUTER,04-02-2026,ROHAN SETH,KAMYA RAJU,SELF EMPLOYED,06-03-2006,Female,SC,,"780, KURIAN CHOWK, BARASAT-744897","93, JAYARAMAN NAGAR, BIDHANNAGAR 990261",BALRAMPUR,C.G.,YES,shravyaamble@example.net,843242838728,,,,12TH,2025,ARTS,92619349,603238937,CBSE,500,449,FIRST,89.8,
457/63488,MAX MANDAL,1497054093,M.Com. (Previous),COMMERCE,15-03-2026,DEVANSH AURORA,ZINAL BHATIA,TEACHER,15-11-2001,Male,GEN,,"H.NO. 372, CHOUDHARY NAGAR, MUNGER 824568","33/85, KURIAN STREET, UJJAIN-817090",KONDAGAON,C.G.,NO,shankeranmol@example.net,616150260559,,,,GRADUATION,2020,COMMERCE,19212344,117849703,STATE BOARD,500,277,SECOND,55.4,
951/91546,VRITTI SHAH,8123945907,M.Sc. (Biotechnology - Final),-,11-02-2026,ADITYA TAILOR,AASHI RAMESH,MECHANIC,01-06-2001,Female,OBC,,"H.NO. 245, NARAYAN STREET, PALLAVARAM 448194","228, KEER CIRCLE, CHINSURAH 568828",BILASPUR,C.G.,YES,xalakdutt@example.org,786445844940,,,,GRADUATION,2021,SCIENCE,48276279,896028613,HEMCHAND YADAV UNIVERSITY,500,292,SECOND,58.4,
152/80091,VAMAKSHI PRASHAD,8078365832,BCA (Bachelor of Computer Applications),COMPUTER,16-01-2026,KRISHNA GILL,GEETIKA BOBAL,PLUMBER,11-05-2004,Female,OBC,,"935, MALLICK ZILA, ANANTAPURAM 626907","50/33, KIBE CHOWK, KOLHAPUR-785608",BASTAR,C.G.,YES,arorajeevika@example.org,595711737848,,,,12TH,2025,ARTS,70783890,267996265,STATE BOARD,500,398,FIRST,79.6,
180/88608,KALPIT SETTY,1980589118,B.Sc. Electronics,-,05-03-2026,OJAS MUTTI,NIHARIKA BHAT,FARMER,05-05-2003,Male,ST,,"H.NO. 395, DESAI, MADANAPALLE 123660","15/55, GALA CIRCLE, AVADI-618406",KANKER,C.G.,YES,nathanieltata@example.net,456557158824,,,,12TH,2022,SCIENCE,53056999,818544972,HEMCHAND YADAV UNIVERSITY,500,239,SECOND,47.8,
343/31622,JAIRAJ KAR,5067918946,M.Sc. (Physics - Final),PHYSICS,06-03-2026,VIHAAN DADA,EKAJA TANEJA,DRIVER,08-01-2003,Male,OBC,,"91/517, MURTHY MARG, KOTA-880136","H.NO. 352, NAIDU MARG, FATEHPUR-516679",RAIPUR,C.G.,YES,rattanleela@example.net,523238396752,,,,GRADUATION,2020,SCIENCE,46397922,294658592,HEMCHAND YADAV UNIVERSITY,500,254,SECOND,50.8,
313/57650,GIRIK RAI,9937565005,M.Sc. (Computer Science - Final),COMPUTER,20-02-2026,ANIRUDH BAKSHI,CHAKRIKA ANNE,MECHANIC,11-05-2002,Male,GEN,,"30, MODY NAGAR, GANDHIDHAM 645408","13/22, GOEL PATH, KHORA -870930",BALOD,C.G.,NO,dalbirdhar@example.org,749108750946,,,,GRADUATION,2024,SCIENCE,26770140,845560481,CBSE,500,472,FIRST,94.4,
626/34476,CHARVI BORAH,1108109005,M.Sc. (Botany - Previous),BOTANY,02-01-2026,IKBAL BARAD,GAURANGI BANSAL,LABOUR,25-05-2008,Female,ST,,"90/338, SEKHON ZILA, NEW DELHI-620006","28/24, HALDER CHOWK, SERAMPORE 526344",BALRAMPUR,C.G.,YES,kannandayita@example.com,053823541956,,,,GRADUATION,2020,SCIENCE,99862992,001019118,STATE BOARD,500,350,FIRST,70.0,
591/94487,FAQID KALLA,9672657341,BAJMC (Bachelor of Arts in Journalism & Mass Communication),COMMERCE,10-03-2026,ANDREW GARG,KAMALA PATHAK,DRIVER,17-06-2006,Male,GEN,,"709, DHINGRA GANJ, SURENDRANAGAR DUDHREJ 198669","965, YOGI ROAD, JAMSHEDPUR 613859",KONDAGAON,C.G.,YES,somanbimala@example.net,796283325379,,,,12TH,2020,ARTS,04263992,055196707,CBSE,500,253,SECOND,50.6,
249/82735,ANIRUDH MORAR,7779422662,B.Sc. IT (Information Technology),COMPUTER,04-01-2026,CALEB OM,DAYAMAI MALL,NURSE,01-09-2004,Male,GEN,,"H.NO. 41, KANT MARG, HAPUR-170448","93, SANDAL MARG, THANJAVUR-979886",DHAMTARI,C.G.,NO,sbalay@example.com,800143023949,,,,12TH,2024,SCIENCE,96591735,397920747,HEMCHAND YADAV UNIVERSITY,500,320,FIRST,64.0,
256/67801,AAYUSH WAGLE,8744209591,BBA (Bachelor of Business Administration),MANAGEMENT,14-02-2026,QARIN KRISH,JHALAK SHUKLA,DOCTOR,28-08-2002,Male,ST,,"78/48, PILLAI STREET, HAZARIBAGH-667448","H.NO. 303, GANDHI NAGAR, ANAND-510076",BILASPUR,C.G.,YES,lokedarika@example.com,330165138322,,,,12TH,2020,ARTS,91896952,404734647,HEMCHAND YADAV UNIVERSITY,500,444,FIRST,88.8,
386/87634,HARRISON KARI,6900077611,M.Sc. (Physics - Previous),PHYSICS,13-01-2026,NICHOLAS LALLA,KAMALA LALA,LAWYER,26-10-2001,Male,SC,,"H.NO. 755, VERMA, VASAI-VIRAR 561713","H.NO. 37, KAUL CIRCLE, MUZAFFARNAGAR 021968",JANJGIR-CHAMPA,C.G.,YES,rayaan01@example.net,962999386078,,,,GRADUATION,2021,SCIENCE,53645005,120751793,CBSE,500,455,FIRST,91.0,
235/89079,KAMALA RAJAGOPAL,1214247571,M.Sc. (Physics - Final),PHYSICS,11-01-2026,BAHADURJIT LAD,UNNI PANDEY,PLUMBER,06-05-2000,Female,ST,,"11, NADKARNI NAGAR, PALLAVARAM-661032","H.NO. 26, SAMPATH ZILA, SAMBALPUR 937678",KONDAGAON,C.G.,NO,zayyan91@example.com,897667692572,,,,GRADUATION,2023,SCIENCE,37416116,035199555,CBSE,500,296,SECOND,59.2,
161/26556,PETER THAMAN,5892907902,B.Sc. Computer Science,COMPUTER,06-02-2026,PRANEEL MAHARAJ,GAURI WALI,CARPENTER,21-10-2004,Male,GEN,,"H.NO. 08, BUCH PATH, THANE 036498","65, BAINS ROAD, SHIMOGA-221391",KORBA,C.G.,YES,trivedibarkha@example.net,216372742157,,,,12TH,2025,SCIENCE,23322328,535876419,STATE BOARD,500,372,FIRST,74.4,
701/49266,MOHAMMED GADE,4050295468,B.Sc. Biotechnology,-,27-02-2026,JEET PRAKASH,KAMALA THAMAN,CLERK,20-04-2002,Male,ST,,"H.NO. 218, HORA ZILA, BHOPAL-187483","27, VARMA CHOWK, MANGALORE-118624",DHAMTARI,C.G.,NO,nandinijain@example.net,441243666559,,,,12TH,2020,SCIENCE,97274048,328628673,HEMCHAND YADAV UNIVERSITY,500,361,FIRST,72.2,
741/93351,YASHVI KAMDAR,9618975723,PGDCA (Post Graduate Diploma in Computer Applications),COMPUTER,12-02-2026,RAGHAV GHOSH,UPADHRITI SUR,BUSINESS,17-02-2004,Female,SC,,"72/70, BHATIA ROAD, TENALI-279328","29, TAILOR CIRCLE, DHULE 226580",BALOD,C.G.,NO,abhimanyude@example.org,882749309833,,,,GRADUATION,2025,ARTS,81480979,595745910,HEMCHAND YADAV UNIVERSITY,500,477,FIRST,95.4,
595/22842,MUGDHA KRISHNAMURTHY,5976737733,M.A. (Previous),ARTS,03-03-2026,MANTHAN PAU,LEELA SANGHA,SHOPKEEPER,24-03-2008,Female,SC,,"35/522, WAGLE ROAD, CHAPRA 793189","667, BORRA PATH, TADEPALLIGUDEM 895151",SUKMA,C.G.,YES,gabrielchoudhary@example.com,107821796572,,,,GRADUATION,2025,ARTS,67067440,407785482,HEMCHAND YADAV UNIVERSITY,500,361,FIRST,72.2,
464/91345,JAIRAJ GADE,4220628958,M.Sc. (Physics - Previous),PHYSICS,10-02-2026,NITESH PATLA,PAVANI DOCTOR,FREELANCER,09-11-2000,Male,ST,,"02/389, BHATTI NAGAR, NAGAON-437831","H.NO. 06, AGARWAL PATH, RAMGARH 883067",BASTAR,C.G.,NO,gkapoor@example.com,513972326425,,,,GRADUATION,2022,SCIENCE,60355034,202578851,STATE BOARD,500,428,FIRST,85.6,
662/37449,ADWETA DATE,9766030608,B.A.,ARTS,08-02-2026,TANAY NATARAJAN,LOPA AGRAWAL,PRIVATE JOB,18-12-2004,Female,SC,,"763, CHAUDRY ZILA, DARBHANGA-618673","67/24, MITAL ZILA, MALEGAON-698716",RAIGARH,C.G.,NO,nagyfitan@example.com,484937166009,,,,12TH,2021,ARTS,72345240,244452298,CBSE,500,311,FIRST,62.2,
239/98923,EKANI ROY,9044243486,M.Sc. (Computer Science - Final),COMPUTER,01-03-2026,WAHAB BUCH,ADYA MERCHANT,ELECTRICIAN,23-03-2006,Female,OBC,,"35/61, EDWIN ZILA, KULTI-874298","131, NARAIN CIRCLE, HINDUPUR-055434",BALODA BAZAR,C.G.,YES,kashvi35@example.net,296312056398,,,,GRADUATION,2021,SCIENCE,55820093,226300541,CBSE,500,365,FIRST,73.0,
855/55173,ANVI BALASUBRAMANIAN,3914769639,M.Com. (Final),COMMERCE,16-02-2026,FALAN SAVANT,UPADHRITI SAHOTA,PLUMBER,06-07-2002,Female,ST,,"H.NO. 34, CHOWDHURY GANJ, ETAWAH-444483","H.NO. 800, TOOR ZILA, BARASAT-210292",RAIPUR,C.G.,NO,pdayal@example.net,771302943450,,,,GRADUATION,2025,COMMERCE,61213566,949314600,STATE BOARD,500,471,FIRST,94.2,
731/42735,IKSHITA YOHANNAN,5434346936,B.Sc. IT (Information Technology),COMPUTER,26-02-2026,AZAAN RAJA,TANVI RAVEL,BUSINESS,30-09-2001,Female,GEN,,"18/126, MANGAL PATH, HAPUR 438654","767, BEDI MARG, MUMBAI 734307",JASHPUR,C.G.,YES,braraahana@example.com,084410273376,,,,12TH,2020,SCIENCE,37326990,376419683,HEMCHAND YADAV UNIVERSITY,500,389,FIRST,77.8,
750/30217,OVIYA GERA,0977968925,M.Sc. (Botany - Final),BOTANY,17-01-2026,ATHARV SARIN,IRA VENKATESH,FREELANCER,23-01-2003,Female,GEN,,"H.NO. 942, CHHABRA CIRCLE, DEOGHAR 739579","H.NO. 27, BHATT CIRCLE, DHARMAVARAM 954635",RAIGARH,C.G.,YES,ubalan@example.com,046663793287,,,,GRADUATION,2020,SCIENCE,54965531,511177439,HEMCHAND YADAV UNIVERSITY,500,469,FIRST,93.8,
636/57675,BALVEER SEN,1619621647,M.Sc. (Botany - Final),BOTANY,31-01-2026,TEJAS CHAUDHRY,YASHODA BARAL,POLICE,17-02-2008,Male,SC,,"H.NO. 44, DORA, MEERUT-467420","32/24, THAKER MARG, SHIVPURI-507725",BIJAPUR,C.G.,NO,harini05@example.net,210915292694,,,,GRADUATION,2020,SCIENCE,68180088,726192533,HEMCHAND YADAV UNIVERSITY,500,463,FIRST,92.6,
943/50714,ZAYAN SARMA,9505966885,B.Sc. (Mathematics),MATHEMATICS,07-02-2026,HARDIK GANDHI,VAMAKSHI MUKHERJEE,MECHANIC,17-10-2006,Male,OBC,,"H.NO. 01, DE NAGAR, UDAIPUR 228602","553, PATLA ROAD, MANGO-657027",NARAYANPUR,C.G.,NO,deeparoy@example.net,871712594435,,,,12TH,2023,SCIENCE,45442843,302291605,STATE BOARD,500,200,THIRD,40.0,
656/24706,FALAN SAWHNEY,0601915039,M.Sc. (Computer Science - Previous),COMPUTER,06-03-2026,THEODORE DARA,CHANDANI MUKHOPADHYAY,SELF EMPLOYED,12-04-2003,Male,OBC,,"H.NO. 48, VERMA PATH, BONGAIGAON-060518","H.NO. 732, SRINIVAS ZILA, SAMBALPUR-301608",SUKMA,C.G.,YES,william90@example.com,457227780730,,,,GRADUATION,2025,SCIENCE,02791734,275938892,STATE BOARD,500,464,FIRST,92.8,
711/30225,ANVI WALLA,5389265723,M.Sc. (Zoology - Previous),ZOOLOGY,01-03-2026,ADVAY GARG,VRINDA BUCH,ENGINEER,04-08-2000,Female,OBC,,"H.NO. 697, BHAVSAR, PIMPRI-CHINCHWAD 676692","H.NO. 92, MASTER CHOWK, GUWAHATI-257630",RAIGARH,C.G.,YES,sidhuoliver@example.org,405572133694,,,,GRADUATION,2025,SCIENCE,21509269,970244885,HEMCHAND YADAV UNIVERSITY,500,338,FIRST,67.6,
223/69010,OMKAAR BORAH,7476036945,B.Sc. IT (Information Technology),COMPUTER,16-01-2026,OLIVER SANGHA,RAKSHA REDDY,LAWYER,27-04-2008,Male,OBC,,"H.NO. 853, BORA MARG, CHENNAI-909093","89/91, RAMESH PATH, AIZAWL-045569",MAHASAMUND,C.G.,NO,chandraanirudh@example.net,710382476296,,,,12TH,2025,SCIENCE,57018917,240372660,HEMCHAND YADAV UNIVERSITY,500,209,THIRD,41.8,
946/23390,JAGVI SHERE,4074694191,B.Sc. Biotechnology,-,25-02-2026,GIRINDRA GERA,YAMINI MITAL,TEACHER,06-06-2000,Female,ST,,"838, NARAYANAN ZILA, DINDIGUL-356269","02/738, DORA ROAD, DIBRUGARH 895576",RAJNANDGAON,C.G.,NO,unni01@example.org,129803870447,,,,12TH,2023,SCIENCE,43398068,942861230,HEMCHAND YADAV UNIVERSITY,500,207,THIRD,41.4,
768/30043,RADHIKA RATTAN,8131244165,BAJMC (Bachelor of Arts in Journalism & Mass Communication),COMMERCE,06-03-2026,GIRIK TIWARI,ANAMIKA ROY,DRIVER,01-03-2005,Female,ST,,"32/145, DADA ROAD, BHIWANI 067287","H.NO. 14, SENGUPTA NAGAR, KOLKATA-476755",DHAMTARI,C.G.,NO,annegopal@example.com,179437626658,,,,12TH,2020,ARTS,00769498,422024823,CBSE,500,414,FIRST,82.8,
113/29144,DANIEL DUA,3895753219,B.Com.,COMMERCE,06-03-2026,NOAH NAIR,MEKHALA SOM,BUSINESS,12-05-2000,Male,OBC,,"H.NO. 223, NAIK, MALDA 004350","78/532, JOHAL STREET, AHMEDNAGAR 931312",DHAMTARI,C.G.,YES,barkhaupadhyay@example.org,868903673873,,,,12TH,2024,COMMERCE,16344260,879277424,HEMCHAND YADAV UNIVERSITY,500,243,SECOND,48.6,
676/90840,BARKHA KRISHNAMURTHY,7094202733,BAJMC (Bachelor of Arts in Journalism & Mass Communication),COMMERCE,13-03-2026,YAGNESH IYER,HARITA HALDER,FREELANCER,31-10-2008,Female,ST,,"04, NORI ZILA, KULTI 478156","H.NO. 855, SHARMA CHOWK, ICHALKARANJI 236839",BALRAMPUR,C.G.,YES,kakarryan@example.org,129011546262,,,,12TH,2024,ARTS,03004672,570405943,STATE BOARD,500,306,FIRST,61.2,
384/15111,TEERTH CHAUHAN,9294051486,B.Lib (Bachelor of Library Science),LIBRARY SCIENCE,10-02-2026,JAIRAJ SAHOTA,VEDIKA BOASE,SELF EMPLOYED,13-03-2004,Male,GEN,,"65/17, KASHYAP, SAGAR 371724","H.NO. 76, SULE ROAD, VIJAYAWADA-172195",JANJGIR-CHAMPA,C.G.,NO,vinayamody@example.org,318632315617,,,,12TH,2022,ARTS,48012469,119668524,CBSE,500,245,SECOND,49.0,
101/35865,PARTH MUKHERJEE,0984458378,M.Sc. (Chemistry - Previous),CHEMISTRY,15-03-2026,MAANAS PUROHIT,ETA MUKHERJEE,CLERK,25-03-2007,Male,ST,,"909, SETTY STREET, BHALSWA JAHANGIR PUR-234804","20/273, SHROFF MARG, ADONI-720173",BALOD,C.G.,YES,ronith79@example.net,378783780116,,,,GRADUATION,2025,SCIENCE,39211429,975141729,STATE BOARD,500,327,FIRST,65.4,
240/27295,GOPAL GOUR,5834328217,M.Sc. (Zoology - Final),ZOOLOGY,21-02-2026,ABHIRAM BADAMI,ISHA PRABHU,STUDENT,29-11-2008,Male,SC,,"82/778, SARIN MARG, JHANSI 755049","66/28, KOSHY ROAD, VARANASI-172239",KONDAGAON,C.G.,NO,jalsa86@example.org,595796621302,,,,GRADUATION,2022,SCIENCE,37430486,478580600,HEMCHAND YADAV UNIVERSITY,500,428,FIRST,85.6,
386/96432,GAYATHRI SAVANT,3950561303,M.Com. (Previous),COMMERCE,12-01-2026,GABRIEL DASGUPTA,HARITA DESAI,PRIVATE JOB,25-03-2002,Female,OBC,,"47, SRIDHAR ZILA, KHARAGPUR 934158","H.NO. 35, SOMAN STREET, BERHAMPORE 401921",SUKMA,C.G.,NO,warda04@example.com,800428365588,,,,GRADUATION,2020,COMMERCE,67917472,256053766,STATE BOARD,500,304,FIRST,60.8,
769/29435,FALAK BASSI,2247861073,M.Sc. (Biotechnology - Previous),-,19-01-2026,SATHVIK GILL,SHIVANI RAMAKRISHNAN,DRIVER,11-12-2001,Female,ST,,"92, NARULA MARG, HINDUPUR 515017","06/468, BIR ROAD, BUXAR 124865",KONDAGAON,C.G.,NO,comarjeevika@example.org,725666218059,,,,GRADUATION,2025,SCIENCE,91550134,816720459,HEMCHAND YADAV UNIVERSITY,500,412,FIRST,82.4,
955/90131,VRINDA KORPAL,8413036283,M.Sc. (Physics - Final),PHYSICS,21-01-2026,QASIM SUNDER,LEKHA RANA,NURSE,10-10-2000,Female,SC,,"H.NO. 96, RAMASWAMY GANJ, SAGAR-143825","90, DALAL MARG, ONGOLE-331013",BIJAPUR,C.G.,NO,triptibhalla@example.com,241419293683,,,,GRADUATION,2023,SCIENCE,74080950,486328873,STATE BOARD,500,422,FIRST,84.4,
193/88744,REHAAN KAUL,6396904496,BAJMC (Bachelor of Arts in Journalism & Mass Communication),COMMERCE,02-01-2026,UTKARSH CHAUDHARY,MUGDHA JANI,DOCTOR,19-09-2000,Male,ST,,"H.NO. 09, BARMAN CIRCLE, THANE-018464","91/512, BALASUBRAMANIAN GANJ, BELGAUM 671100",BILASPUR,C.G.,NO,kondaaarush@example.org,470797534681,,,,12TH,2020,ARTS,42599159,203109416,STATE BOARD,500,433,FIRST,86.6,
317/95129,ABHA THAMAN,8266092838,BBA (Bachelor of Business Administration),MANAGEMENT,20-02-2026,MAANAS BHATT,ISHITA LOKE,TEACHER,05-02-2007,Female,GEN,,"82/508, ATWAL MARG, KHARAGPUR-153656","H.NO. 66, RAJA GANJ, AGRA 453295",KOREA,C.G.,YES,vohraaashi@example.net,032822951446,,,,12TH,2020,ARTS,50216510,305670190,CBSE,500,233,SECOND,46.6,
165/82086,ROBERT THAKKAR,4032066137,M.Sc. (Mathematics - Previous),MATHEMATICS,18-03-2026,LUCKY PINGLE,RIYA BHATNAGAR,ACCOUNTANT,19-06-2000,Male,SC,,"H.NO. 99, MOHAN CHOWK, CHENNAI-982378","H.NO. 287, BAIL STREET, PALI-909269",KOREA,C.G.,YES,yastikamdar@example.net,931350863651,,,,GRADUATION,2020,SCIENCE,80091230,898840241,HEMCHAND YADAV UNIVERSITY,500,227,SECOND,45.4,
971/26001,ADVAY KAKAR,9977951687,M.Sc. (Chemistry - Final),CHEMISTRY,12-03-2026,VINCENT VASA,ABHA BORDE,CLERK,28-04-2001,Male,ST,,"H.NO. 40, BATH MARG, GUDIVADA-303778","596, KULKARNI ROAD, VARANASI 559381",KORBA,C.G.,NO,wakeeta04@example.com,641380683265,,,,GRADUATION,2022,SCIENCE,91742308,198757362,CBSE,500,484,FIRST,96.8,
602/67701,AACHAL BALAY,5206115953,BBA (Bachelor of Business Administration),MANAGEMENT,11-03-2026,SIDDHARTH MANE,ZARNA CHAUDRY,ACCOUNTANT,13-07-2000,Female,SC,,"82/793, MISRA ROAD, RAMPUR-853415","67/336, GOPAL MARG, AGRA-750007",RAIGARH,C.G.,YES,misraraksha@example.org,454682450042,,,,12TH,2022,ARTS,24584710,639284211,HEMCHAND YADAV UNIVERSITY,500,300,FIRST,60.0,
554/80031,JANAKI SALVI,2890400838,M.Sc. (Physics - Final),PHYSICS,12-01-2026,FINN CHAND,VEDIKA BALAKRISHNAN,CLERK,14-10-2007,Female,ST,,"H.NO. 50, CHAUDHRY MARG, MEDININAGAR 447143","H.NO. 70, DIVAN NAGAR, KHARAGPUR-875075",BALOD,C.G.,NO,nayaknimrat@example.net,182050347267,,,,GRADUATION,2020,SCIENCE,66549737,415625967,STATE BOARD,500,401,FIRST,80.2,
675/88726,NIDRA MISTRY,7593209414,B.Sc. (Biology),BIOLOGY,08-03-2026,VIVAAN ZACHARIAH,RIA KHURANA,CONSULTANT,08-08-2002,Female,OBC,,"34/556, RAVAL ZILA, NANGLOI JAT 077698","26/951, WALIA GANJ, WARANGAL 801377",KANKER,C.G.,NO,iyengarpraneel@example.com,443272406572,,,,12TH,2020,SCIENCE,66627707,821350699,CBSE,500,434,FIRST,86.8,
226/90171,CHARVI PRAKASH,3394399530,M.Sc. (Computer Science - Previous),COMPUTER,31-01-2026,NACHIKET PRABHU,YASHODHARA MANI,CONSULTANT,16-01-2006,Female,OBC,,"H.NO. 32, BHARDWAJ, PATIALA 685627","H.NO. 16, MORE ZILA, CHANDRAPUR-017660",JANJGIR-CHAMPA,C.G.,YES,gangachaudhry@example.net,205195082470,,,,GRADUATION,2022,SCIENCE,78317255,783308471,CBSE,500,225,SECOND,45.0,
192/73628,ZANSI SANGHA,5916608306,B.A.,ARTS,12-01-2026,BALENDRA NADIG,SIYA BAKSHI,SHOPKEEPER,27-07-2001,Female,OBC,,"12/890, BAHL NAGAR, KORBA-809895","282, SHUKLA, BHIMAVARAM-002317",GARIABAND,C.G.,YES,ochanda@example.com,772509006159,,,,12TH,2022,ARTS,43501681,828082652,STATE BOARD,500,267,SECOND,53.4,
382/30717,RIYA BORAH,4015481367,M.A. (Previous),ARTS,07-03-2026,CHARLES SAHNI,NIMRAT IYER,LAWYER,08-04-2005,Female,OBC,,"330, DUGAL GANJ, MADURAI-720087","289, VARUGHESE PATH, TENALI 398464",KANKER,C.G.,YES,gulatiayushman@example.org,539019961803,,,,GRADUATION,2025,ARTS,67142264,067102009,CBSE,500,445,FIRST,89.0,
283/20638,RONITH PATLA,6633029335,B.A.,ARTS,10-03-2026,GIRIK PAU,SAANVI PALLA,LABOUR,14-03-2005,Male,GEN,,"62/669, BALAKRISHNAN PATH, KAKINADA-758813","89/747, BORAH ZILA, TEZPUR-066049",RAJNANDGAON,C.G.,NO,ganeshamaira@example.net,088952769192,,,,12TH,2022,ARTS,75127410,211684945,HEMCHAND YADAV UNIVERSITY,500,217,THIRD,43.4,
945/40169,WIDISHA BAVA,9669690147,M.Sc. (Computer Science - Final),COMPUTER,13-03-2026,NACHIKET KHARE,RAKSHA CHATTERJEE,TEACHER,28-05-2001,Female,SC,,"15/38, BHARGAVA ZILA, KATIHAR-321186","77/38, KAR GANJ, COIMBATORE-944530",NARAYANPUR,C.G.,YES,yochana26@example.net,889970024331,,,,GRADUATION,2023,SCIENCE,43719068,413180363,HEMCHAND YADAV UNIVERSITY,500,289,SECOND,57.8,
338/15947,MAANAV WALLA,8367191169,PGDCA (Post Graduate Diploma in Computer Applications),COMPUTER,13-02-2026,RANBIR BALAN,YAHVI KURUVILLA,POLICE,09-04-2000,Male,OBC,,"H.NO. 37, OAK GANJ, RAMPUR 910931","38, MANNAN, BIKANER-381514",SURGUJA,C.G.,YES,pahalgill@example.org,841788371343,,,,GRADUATION,2022,ARTS,93955961,156924497,HEMCHAND YADAV UNIVERSITY,500,217,THIRD,43.4,
697/34602,FALGUNI PAREKH,1256030176,M.Sc. (Zoology - Final),ZOOLOGY,19-02-2026,KAI OAK,SUDIKSHA VYAS,DRIVER,20-02-2006,Female,SC,,"59, BALA MARG, VISAKHAPATNAM 685362","H.NO. 446, PATHAK CHOWK, TUMKUR 268190",GARIABAND,C.G.,NO,ryogi@example.net,518821626551,,,,GRADUATION,2025,SCIENCE,11626852,500113091,HEMCHAND YADAV UNIVERSITY,500,234,SECOND,46.8,
539/18669,AMRITA KARPE,5656994915,M.Sc. (Computer Science - Final),COMPUTER,31-01-2026,GUNEET CHOPRA,WIDISHA DAVE,NURSE,23-07-2000,Female,OBC,,"40/373, BUMB, GANGTOK 800270","64, BAVA STREET, THRISSUR 648334",RAIPUR,C.G.,NO,deshmukhnihal@example.org,447261852444,,,,GRADUATION,2025,SCIENCE,30936775,374757925,CBSE,500,365,FIRST,73.0,
757/29916,MEGHA CHAUDHURI,0228964524,M.Sc. (Zoology - Final),ZOOLOGY,23-01-2026,SAKSHAM BATH,YASTI WASON,ELECTRICIAN,27-05-2001,Female,OBC,,"43/813, KARA ZILA, CHINSURAH-825366","H.NO. 444, TANEJA CHOWK, DEOGHAR 191857",JANJGIR-CHAMPA,C.G.,YES,rakshabassi@example.net,725045459772,,,,GRADUATION,2025,SCIENCE,58813912,570394661,STATE BOARD,500,276,SECOND,55.2,
751/93125,LOGAN PRABHU,6300290352,B.A.,ARTS,10-03-2026,UTKARSH WASON,JANAKI KOTA,GOVT EMPLOYEE,29-11-2005,Male,GEN,,"90/931, UPPAL CIRCLE, PIMPRI-CHINCHWAD 704140","H.NO. 363, KALA NAGAR, RAJAHMUNDRY-592780",BILASPUR,C.G.,YES,mitali36@example.net,634646908096,,,,12TH,2023,ARTS,41640422,586226663,STATE BOARD,500,303,FIRST,60.6,
718/55443,EIRAVATI MITTER,0513716012,M.Sc. (Computer Science - Final),COMPUTER,22-02-2026,DAVID CHOUDHURY,LILA SEN,POLICE,29-11-2001,Female,OBC,,"348, BAJWA CHOWK, CUTTACK-313911","H.NO. 57, MISHRA PATH, GANDHINAGAR 535345",JANJGIR-CHAMPA,C.G.,NO,psuri@example.com,905018514992,,,,GRADUATION,2024,SCIENCE,53379176,580889448,HEMCHAND YADAV UNIVERSITY,500,403,FIRST,80.6,
671/45764,NICHOLAS KADAKIA,8230075553,B.Sc. Computer Science,COMPUTER,02-03-2026,HRITIK TANK,AASHI SUBRAMANIAM,DOCTOR,16-08-2006,Male,SC,,"431, DAR MARG, SAHARSA 127960","H.NO. 791, UPADHYAY CIRCLE, PANIPAT 555254",KORBA,C.G.,YES,inayak@example.com,905099338821,,,,12TH,2021,SCIENCE,29758371,170167250,HEMCHAND YADAV UNIVERSITY,500,331,FIRST,66.2,
926/19635,KRISH SACHDEV,8534104780,BBA (Bachelor of Business Administration),MANAGEMENT,27-01-2026,DAVID LANKA,CHAMELI KASHYAP,CONSULTANT,01-04-2000,Male,SC,,"93, SACHDEVA, SATNA 293153","H.NO. 503, SIBAL MARG, CHENNAI 042015",MAHASAMUND,C.G.,NO,imodi@example.net,874734542471,,,,12TH,2021,ARTS,42465226,763224847,STATE BOARD,500,303,FIRST,60.6,
921/41226,ISAIAH MASTER,7964552050,M.Sc. (Botany - Previous),BOTANY,15-02-2026,BALVEER NAZARETH,DAYAMAI VENKATARAMAN,GOVT EMPLOYEE,07-11-2005,Male,ST,,"79, SESHADRI STREET, PUNE 299147","H.NO. 846, MANI CIRCLE, NARASARAOPET 485909",JANJGIR-CHAMPA,C.G.,NO,magarvyanjana@example.com,403623994926,,,,GRADUATION,2023,SCIENCE,24491001,780641755,HEMCHAND YADAV UNIVERSITY,500,321,FIRST,64.2,
334/54473,JAGAT SAHNI,0651395602,M.Sc. (Chemistry - Previous),CHEMISTRY,18-03-2026,GAURAV BALA,SANYA MUNI,SELF EMPLOYED,20-07-2006,Male,GEN,,"12/814, KEER ROAD, AHMEDABAD-275204","H.NO. 17, NAIK PATH, AHMEDNAGAR-867853",MAHASAMUND,C.G.,NO,rajata77@example.com,050147112621,,,,GRADUATION,2020,SCIENCE,81309251,638977241,HEMCHAND YADAV UNIVERSITY,500,452,FIRST,90.4,
281/99794,ZAID VARKEY,8221397704,M.Sc. (Physics - Final),PHYSICS,15-03-2026,DALBIR BAHL,SHRAVYA MALL,CARPENTER,28-05-2000,Male,ST,,"69, BADAL GANJ, SULTAN PUR MAJRA-555349","575, GARG MARG, SECUNDERABAD 275979",DURG,C.G.,YES,tristangandhi@example.net,089093144167,,,,GRADUATION,2023,SCIENCE,83615628,214666969,HEMCHAND YADAV UNIVERSITY,500,460,FIRST,92.0,
861/76699,ISAAC SACHAR,6329864400,B.Lib (Bachelor of Library Science),LIBRARY SCIENCE,02-03-2026,QADIM LAD,ANYA DYAL,ACCOUNTANT,25-05-2000,Male,OBC,,"61, GANDHI CIRCLE, MATHURA-252914","69, MANDA PATH, RAIGANJ 400640",NARAYANPUR,C.G.,YES,ekavirparmar@example.net,586429862094,,,,12TH,2025,ARTS,27901838,444569941,STATE BOARD,500,466,FIRST,93.2,
998/90062,HEMAL SARRAF,5378818133,M.Com. (Previous),COMMERCE,19-02-2026,GAGAN KARPE,AISHANI BARMAN,MECHANIC,21-06-2004,Female,OBC,,"67/362, MADAN STREET, TIRUPPUR 194172","52/63, SIDHU MARG, MOTIHARI-350568",MAHASAMUND,C.G.,NO,hanszayyan@example.com,862748177223,,,,GRADUATION,2024,COMMERCE,42887782,582991116,CBSE,500,352,FIRST,70.4,
238/40884,RIYA CHAUDHRY,7231007132,M.Sc. (Physics - Final),PHYSICS,17-03-2026,FARHAN SRINIVASAN,JANUJA SRIVASTAVA,FREELANCER,20-04-2007,Female,OBC,,"75/32, CHEEMA PATH, AMBARNATH 635362","57/050, DARA PATH, BARDHAMAN-867496",RAJNANDGAON,C.G.,YES,udantsabharwal@example.com,176201861500,,,,GRADUATION,2025,SCIENCE,14638890,476023960,STATE BOARD,500,443,FIRST,88.6,
385/43522,RACHITA SARIN,7789639403,M.Sc. (Physics - Final),PHYSICS,02-01-2026,LUCKY SOMAN,GAURI IYENGAR,PRIVATE JOB,07-01-2009,Female,SC,,"30/239, NARAYANAN STREET, PHUSRO 489259","H.NO. 65, DEEP ZILA, MAHESHTALA 217898",NARAYANPUR,C.G.,YES,udhar@example.com,787140905362,,,,GRADUATION,2024,SCIENCE,39334074,907651275,STATE BOARD,500,346,FIRST,69.2,
229/37357,RUSHIL SUR,5318511952,B.Sc. IT (Information Technology),COMPUTER,05-03-2026,BAKHSHI BABU,EDHITHA UPADHYAY,ARMY PERSONNEL,01-08-2008,Male,OBC,,"46/84, KALA STREET, ONGOLE 684281","976, BHATTI CIRCLE, THRISSUR 116886",KANKER,C.G.,YES,pkalita@example.org,929944182745,,,,12TH,2025,SCIENCE,45738281,727428497,HEMCHAND YADAV UNIVERSITY,500,309,FIRST,61.8,
535/33862,UPASNA TAILOR,4843054618,M.Sc. (Zoology - Final),ZOOLOGY,12-03-2026,FALAN NAIR,VARSHA ANNE,GOVT EMPLOYEE,17-08-2005,Female,ST,,"90/19, CHAKRABORTY ROAD, SECUNDERABAD-451843","61/01, SAHOTA MARG, BULANDSHAHR 274931",NARAYANPUR,C.G.,NO,balanneel@example.com,310754984230,,,,GRADUATION,2020,SCIENCE,52125941,162905023,STATE BOARD,500,274,SECOND,54.8,
769/16923,ZAYAN SOM,5095458738,BBA (Bachelor of Business Administration),MANAGEMENT,07-03-2026,EKAPAD BASSI,ADYA BASSI,STUDENT,03-08-2004,Male,GEN,,"788, KANT CHOWK, SILIGURI-826864","H.NO. 50, NARAYAN, GURGAON 689077",RAJNANDGAON,C.G.,NO,aashisalvi@example.org,899065018198,,,,12TH,2021,ARTS,20108986,294297940,HEMCHAND YADAV UNIVERSITY,500,272,SECOND,54.4,
518/44446,LAJITA ISSAC,1055382492,B.Sc. (Biology),BIOLOGY,18-03-2026,LOHIT SRIVASTAVA,BINA REGE,DRIVER,18-06-2000,Female,OBC,,"54, KUNDA PATH, MORBI-466782","H.NO. 55, PATIL, MORENA-092874",BALRAMPUR,C.G.,NO,qarinprakash@example.com,205455539365,,,,12TH,2023,SCIENCE,58991534,360932319,CBSE,500,200,THIRD,40.0,
778/65093,NIRJA VYAS,7110875741,M.A. (Previous),ARTS,03-03-2026,KEVIN GOLE,SIYA BATRA,ENGINEER,07-09-2001,Female,GEN,,"H.NO. 462, ATWAL CIRCLE, DEOGHAR-237372","H.NO. 20, CHANA MARG, KARAIKUDI-388259",NARAYANPUR,C.G.,NO,wchacko@example.com,924316194961,,,,GRADUATION,2025,ARTS,15025869,706805869,CBSE,500,379,FIRST,75.8,
910/23225,AARUSH ISSAC,3591247752,M.Sc. (Biotechnology - Previous),-,24-02-2026,MADHAV BHASIN,DHRITI MAGAR,GOVT EMPLOYEE,29-10-2002,Male,ST,,"H.NO. 33, ATWAL, JHANSI 528987","73, SUNDARAM STREET, MEHSANA-241297",BEMETARA,C.G.,NO,mugdha95@example.net,469876261660,,,,GRADUATION,2023,SCIENCE,06666530,555396663,HEMCHAND YADAV UNIVERSITY,500,432,FIRST,86.4,
195/46041,GAGAN SHUKLA,3865673071,M.Sc. (Mathematics - Previous),MATHEMATICS,10-01-2026,REHAAN TANK,FORUM DIN,RETIRED,13-11-2000,Male,GEN,,"03, BALA ZILA, MYSORE 547501","07/771, JAGGI ZILA, DEHRADUN 259356",KANKER,C.G.,YES,pillayyashvi@example.net,555341393411,,,,GRADUATION,2022,SCIENCE,67090138,133313097,CBSE,500,275,SECOND,55.0,
286/53683,CHATURA DE,8608828492,M.Sc. (Chemistry - Previous),CHEMISTRY,15-01-2026,SHAURYA SHANKER,INDIRA SARNA,PRIVATE JOB,16-10-2005,Male,OBC,,"711, SWAMY GANJ, KAVALI-035100","H.NO. 221, SHARAF GANJ, BHUBANESWAR-721323",KORBA,C.G.,NO,mkala@example.com,759676432258,,,,GRADUATION,2023,SCIENCE,38611866,212971774,HEMCHAND YADAV UNIVERSITY,500,320,FIRST,64.0,
376/59020,JANANI MODI,6382900470,M.Sc. (Botany - Final),BOTANY,29-01-2026,YAGNESH SAMRA,EDHITHA MAHARAJ,ACCOUNTANT,19-05-2002,Female,ST,,"98/00, SRIDHAR NAGAR, AKOLA 769021","12, NARAYAN, BARANAGAR-456172",KOREA,C.G.,NO,mahikamani@example.org,518162327329,,,,GRADUATION,2020,SCIENCE,77235542,666926144,HEMCHAND YADAV UNIVERSITY,500,477,FIRST,95.4,
175/85011,CHAMAN KOTHARI,0248110479,M.A. (Previous),ARTS,18-03-2026,HARSHIL CHAHAL,TURVI PARMER,GOVT EMPLOYEE,05-02-2007,Female,OBC,,"642, NAGI NAGAR, KISHANGANJ 720762","H.NO. 09, SOM CIRCLE, RANCHI-999714",BALOD,C.G.,NO,niyengar@example.net,795560384848,,,,GRADUATION,2022,ARTS,00597187,038990446,STATE BOARD,500,336,FIRST,67.2,
563/20993,GAUTAMI NATARAJAN,8846872101,B.A.,ARTS,05-01-2026,ONKAR RANDHAWA,LEELA CHATTERJEE,ARMY PERSONNEL,13-08-2008,Female,GEN,,"51/300, SHARMA CHOWK, KOTA-906038","H.NO. 79, BHATTACHARYYA CHOWK, BONGAIGAON-258259",JANJGIR-CHAMPA,C.G.,NO,wakeetaprabhakar@example.com,605048273547,,,,12TH,2024,ARTS,35616416,891214178,HEMCHAND YADAV UNIVERSITY,500,384,FIRST,76.8,
914/43046,NIHAL RAY,3023842940,M.Sc. (Physics - Previous),PHYSICS,26-01-2026,LOGAN CHANA,CHAAYA MAHARAJ,RETIRED,04-03-2001,Male,ST,,"H.NO. 78, JHAVERI STREET, MORADABAD 633033","28/140, PARIKH PATH, VELLORE 828259",DURG,C.G.,YES,dbarman@example.net,650999140048,,,,GRADUATION,2020,SCIENCE,77963171,320325608,HEMCHAND YADAV UNIVERSITY,500,436,FIRST,87.2,
618/97862,YASHASVI PATHAK,9066590052,M.Sc. (Physics - Final),PHYSICS,25-01-2026,JACOB SHETH,LEKHA SHARAF,ARTIST,11-07-2008,Female,SC,,"H.NO. 66, TELLA CHOWK, HINDUPUR-339762","95/14, SHANKER GANJ, COIMBATORE-415938",GARIABAND,C.G.,NO,psarna@example.com,786625547288,,,,GRADUATION,2022,SCIENCE,47957587,520596871,STATE BOARD,500,261,SECOND,52.2,
521/70836,RUSHIL BHAKTA,6656502183,B.Sc. Computer Science,COMPUTER,03-01-2026,PRANEEL MADAN,ZINAL GALA,STUDENT,29-06-2001,Male,GEN,,"03, CHAUDHRY, BHUBANESWAR 184154","628, PATEL GANJ, KOZHIKODE-211704",KORBA,C.G.,YES,mahajangaurav@example.com,068961313262,,,,12TH,2021,SCIENCE,98181853,920706487,CBSE,500,352,FIRST,70.4,
476/46006,HARSH MANDAL,0101963393,B.Sc. Biotechnology,-,22-02-2026,ZASHIL PRASAD,KASHISH SRIDHAR,TEACHER,24-09-2007,Male,ST,,"87/16, DANI ROAD, DHANBAD-330180","92/307, TRIPATHI, COIMBATORE 057501",BALOD,C.G.,NO,vaidyaveer@example.com,502549869344,,,,12TH,2023,SCIENCE,63434581,844889326,STATE BOARD,500,415,FIRST,83.0,
260/88262,ROHAN SAMPATH,7342151193,B.Sc. (Mathematics),MATHEMATICS,16-02-2026,PRANIT LANKA,AASHI MISTRY,LABOUR,23-04-2002,Male,GEN,,"82, WALIA CHOWK, DHANBAD-355894","05/831, RAVEL ZILA, LONI 110357",NARAYANPUR,C.G.,YES,shankerneha@example.org,560843980876,,,,12TH,2022,SCIENCE,95772842,363519512,HEMCHAND YADAV UNIVERSITY,500,318,FIRST,63.6,
161/31943,JATIN BATH,1737942552,BBA (Bachelor of Business Administration),MANAGEMENT,12-02-2026,WRIDESH SAMRA,ONI ANDRA,DRIVER,30-05-2003,Male,SC,,"H.NO. 226, HALDER ROAD, LUDHIANA-187756","23, SHAH CIRCLE, CHAPRA-553386",GARIABAND,C.G.,YES,christopher24@example.org,086706279152,,,,12TH,2025,ARTS,14221379,142728363,STATE BOARD,500,332,FIRST,66.4,
519/56936,EDHITHA YOHANNAN,2102111634,B.Sc. (Mathematics),MATHEMATICS,17-01-2026,ANSH BAIL,VARENYA DESHPANDE,CONSULTANT,29-01-2004,Female,GEN,,"43, MANNE PATH, PALI 657788","734, KALITA CHOWK, SIRSA 235348",GARIABAND,C.G.,NO,lallpooja@example.org,084378844043,,,,12TH,2024,SCIENCE,50242030,079718264,CBSE,500,472,FIRST,94.4,
203/13741,YASTI LUTHRA,0968549786,M.Sc. (Computer Science - Previous),COMPUTER,26-02-2026,YATIN SUNDARAM,WAIDA YOGI,SHOPKEEPER,02-08-2000,Female,GEN,,"H.NO. 132, SIBAL CIRCLE, RAICHUR 206999","H.NO. 069, LANKA NAGAR, JALANDHAR-377108",RAIGARH,C.G.,NO,rajbalvan@example.net,764096721660,,,,GRADUATION,2024,SCIENCE,76899668,027641392,STATE BOARD,500,264,SECOND,52.8,
778/29216,ROHAN DAR,4456831150,B.Sc. IT (Information Technology),COMPUTER,07-02-2026,BALVEER PALAN,YASHODHARA COMAR,BUSINESS,30-07-2007,Male,ST,,"27, SAMA ROAD, SRI GANGANAGAR-923666","H.NO. 97, HARI ROAD, BELGAUM 366986",JASHPUR,C.G.,NO,chamelisarraf@example.org,383283402440,,,,12TH,2021,SCIENCE,16270797,873602056,STATE BOARD,500,234,SECOND,46.8,
773/27636,MICHAEL BHATTACHARYYA,4822376129,PGDCA (Post Graduate Diploma in Computer Applications),COMPUTER,28-02-2026,CHARLES NADIG,VINAYA IYER,CARPENTER,19-11-2003,Male,SC,,"13, CHAKRABARTI PATH, CHANDIGARH 184614","72, SANI GANJ, AMBALA 395489",MAHASAMUND,C.G.,NO,zarna38@example.com,554443485832,,,,GRADUATION,2020,ARTS,69656025,721712246,HEMCHAND YADAV UNIVERSITY,500,335,FIRST,67.0,
917/54493,ISHAAN NARANG,1719399425,B.Sc. IT (Information Technology),COMPUTER,14-02-2026,FIYAZ PANDIT,EKAJA MUNSHI,FARMER,05-02-2006,Male,SC,,"33/501, OAK ZILA, NORTH DUMDUM 670187","69/49, MANI CHOWK, SURAT 426367",DURG,C.G.,NO,santjanya@example.net,166102895907,,,,12TH,2024,SCIENCE,56712873,640704454,CBSE,500,267,SECOND,53.4,
361/50267,PATRICK GABA,6703116803,M.Sc. (Biotechnology - Final),-,13-01-2026,ISHAAN PANCHAL,CHAMAN BHASIN,DRIVER,04-06-2002,Male,OBC,,"48, SUNDARAM ROAD, BALLIA 913906","52/430, RAU, BAREILLY 749732",RAIGARH,C.G.,YES,raaginiraja@example.net,135464859054,,,,GRADUATION,2025,SCIENCE,00177275,076830582,HEMCHAND YADAV UNIVERSITY,500,481,FIRST,96.2,
307/34973,PRANIT BARMAN,2339024538,B.Sc. IT (Information Technology),COMPUTER,15-02-2026,MAX BALASUBRAMANIAN,KEYA ARYA,ELECTRICIAN,24-11-2007,Male,ST,,"962, BAVA CIRCLE, ALWAR 303029","H.NO. 65, SAVANT PATH, SULTAN PUR MAJRA-187798",BALODA BAZAR,C.G.,YES,wkrishnan@example.com,452140882929,,,,12TH,2024,SCIENCE,61262832,117913523,CBSE,500,405,FIRST,81.0,
582/39275,EKAPAD SANDAL,3355270459,M.Sc. (Computer Science - Final),COMPUTER,07-01-2026,WRIDDHISH ISSAC,SANAYA MAGAR,CARPENTER,11-07-2004,Male,SC,,"89, ZACHARIAH MARG, KULTI-283123","84/33, TAK ZILA, GANDHIDHAM-035534",BASTAR,C.G.,NO,anitaarora@example.net,942030442742,,,,GRADUATION,2023,SCIENCE,18938683,500482192,CBSE,500,319,FIRST,63.8,
252/21013,BIMALA HALDER,9346762813,B.Sc. Computer Science,COMPUTER,26-02-2026,WILLIAM WALI,SNEHA SETHI,ARMY PERSONNEL,02-03-2007,Female,GEN,,"H.NO. 89, BARMAN ROAD, BILASPUR 166362","H.NO. 27, BUCH MARG, JODHPUR-496699",RAIGARH,C.G.,NO,fitanbaria@example.org,989369879245,,,,12TH,2020,SCIENCE,62482860,665959644,CBSE,500,395,FIRST,79.0,
933/39536,NEHA DIXIT,9982330148,M.Sc. (Computer Science - Previous),COMPUTER,10-02-2026,AARNAV BRAHMBHATT,BHAVANI PAI,ACCOUNTANT,31-05-2004,Female,ST,,"54/853, SINGH GANJ, ROHTAK 066685","52/28, NARANG STREET, AVADI 224103",BEMETARA,C.G.,YES,ekapadbiswas@example.com,209657059461,,,,GRADUATION,2025,SCIENCE,28286408,866133740,CBSE,500,378,FIRST,75.6,
967/41766,ANJALI TALWAR,5627134854,M.Sc. (Physics - Final),PHYSICS,14-03-2026,BALENDRA GOLLA,VAMAKSHI VYAS,STUDENT,16-10-2007,Female,SC,,"091, CHEEMA NAGAR, PURNIA-282129","H.NO. 930, KADAKIA, BAREILLY-409371",KANKER,C.G.,YES,vasatika13@example.net,010127969794,,,,GRADUATION,2021,SCIENCE,13609953,981628853,CBSE,500,370,FIRST,74.0,
975/91276,GANGA KOTA,2995476183,M.Sc. (Mathematics - Previous),MATHEMATICS,08-01-2026,OM MORE,WISHI KARPE,CARPENTER,26-02-2003,Female,ST,,"897, CHAHAL CHOWK, PANIPAT 809889","958, SANE NAGAR, SATARA 748780",GARIABAND,C.G.,YES,zansimagar@example.net,522920615170,,,,GRADUATION,2022,SCIENCE,72988729,728122421,STATE BOARD,500,335,FIRST,67.0,
955/60533,FALAK VAIDYA,0829551403,M.Com. (Final),COMMERCE,31-01-2026,ADVIK KAPUR,IJAYA MOHANTY,ACCOUNTANT,30-03-2004,Female,OBC,,"18/750, PAI ZILA, UJJAIN-448189","02/96, DESHMUKH PATH, NIZAMABAD 582625",BIJAPUR,C.G.,YES,krishna64@example.net,063490395002,,,,GRADUATION,2021,COMMERCE,18001166,977000045,CBSE,500,349,FIRST,69.8,
278/80078,LILA DATTA,9704827050,B.Lib (Bachelor of Library Science),LIBRARY SCIENCE,11-02-2026,LIAM RATTAN,VEDA SEKHON,FREELANCER,04-04-2003,Female,ST,,"65, PURI STREET, BAHRAICH-436866","27/850, ANNE STREET, PRODDATUR-892657",BALOD,C.G.,NO,fgaba@example.net,211034337129,,,,12TH,2022,ARTS,44725517,771927680,STATE BOARD,500,426,FIRST,85.2,
216/15512,CHANCHAL KUNDA,6254124236,BAJMC (Bachelor of Arts in Journalism & Mass Communication),COMMERCE,11-01-2026,QUINCY KANT,RADHIKA ANAND,RETIRED,14-02-2002,Female,GEN,,"90/69, BHAKTA PATH, NADIAD 710968","65, KANNAN CIRCLE, VELLORE-195397",RAJNANDGAON,C.G.,NO,advikgokhale@example.com,680090707418,,,,12TH,2020,ARTS,22527319,481172070,STATE BOARD,500,238,SECOND,47.6,
617/49201,HARSH PURI,4994111800,M.Sc. (Mathematics - Final),MATHEMATICS,23-01-2026,NEEL BATH,BHAVYA KADE,CARPENTER,05-09-2002,Male,GEN,,"826, GALA GANJ, AGRA 048340","H.NO. 45, DEWAN ROAD, MORENA 259556",MAHASAMUND,C.G.,YES,dalbirgrover@example.org,833495447892,,,,GRADUATION,2023,SCIENCE,75496001,875054543,STATE BOARD,500,352,FIRST,70.4,
384/27438,WAHAB APTE,7733596922,M.A. (Previous),ARTS,11-02-2026,CHANDRESH AGATE,EKIYA SHETH,DRIVER,04-11-2004,Male,SC,,"H.NO. 734, DE GANJ, ARRAH-887867","H.NO. 94, SUR ROAD, VADODARA-783594",NARAYANPUR,C.G.,YES,giriksengupta@example.net,944783835468,,,,GRADUATION,2023,ARTS,79461274,820328793,HEMCHAND YADAV UNIVERSITY,500,314,FIRST,62.8,
315/11521,OVIYA MITTER,4765068935,M.Sc. (Chemistry - Previous),CHEMISTRY,17-03-2026,GAURAV PATEL,YASTI KARI,TEACHER,30-03-2006,Female,ST,,"98/499, SARAF ZILA, AMARAVATI-875196","86/37, MALL GANJ, ANANTAPURAM 849810",BALODA BAZAR,C.G.,YES,darikajani@example.net,088431972915,,,,GRADUATION,2020,SCIENCE,21122915,746832091,CBSE,500,296,SECOND,59.2,
633/31574,SANYA NATT,8816249228,M.A. (Previous),ARTS,29-01-2026,QUINCY HALDER,CHAITALY WALLA,CARPENTER,13-12-2008,Female,OBC,,"86/31, MAMMEN GANJ, HYDERABAD-532668","463, LOYAL PATH, ELURU 740905",BEMETARA,C.G.,NO,usom@example.com,726530784394,,,,GRADUATION,2023,ARTS,58279933,651734539,HEMCHAND YADAV UNIVERSITY,500,239,SECOND,47.8,
932/55204,YADAVI DIXIT,8970157230,M.A. (Final),ARTS,25-01-2026,LAKSH MALHOTRA,EKANI DEVI,FARMER,04-07-2001,Female,OBC,,"H.NO. 026, GREWAL ROAD, KAMARHATI 908257","29/02, TRIPATHI NAGAR, GUWAHATI-167809",BALODA BAZAR,C.G.,NO,wgoswami@example.org,644928819146,,,,GRADUATION,2023,ARTS,53055377,286794075,HEMCHAND YADAV UNIVERSITY,500,446,FIRST,89.2,
523/72133,MANYA VYAS,0036148143,M.A. (Final),ARTS,05-03-2026,ROBERT BHARGAVA,YAMINI YOGI,POLICE,12-11-2000,Female,OBC,,"46/61, RAMASWAMY ZILA, PHUSRO 969519","H.NO. 168, KULKARNI CHOWK, RAIPUR-882081",GARIABAND,C.G.,YES,bina02@example.net,467391633391,,,,GRADUATION,2024,ARTS,99229405,898221641,STATE BOARD,500,328,FIRST,65.6,
251/57331,INDRAJIT MANDA,9109214886,B.Sc. Computer Science,COMPUTER,01-02-2026,YAGNESH BARIA,EDHITHA PRASAD,BUSINESS,21-07-2008,Male,SC,,"03/80, UPADHYAY STREET, BETTIAH 780488","95, SANE, KHARAGPUR 806225",BILASPUR,C.G.,YES,fdesai@example.com,759466763388,,,,12TH,2022,SCIENCE,51540911,006818415,HEMCHAND YADAV UNIVERSITY,500,247,SECOND,49.4,
849/36527,DALBIR BAINS,3384631797,B.Sc. Biotechnology,-,12-01-2026,HRITIK HANS,NITARA BRAHMBHATT,LABOUR,13-03-2005,Male,GEN,,"17/187, DASH MARG, GURGAON-087171","H.NO. 46, SHAN, KATIHAR 570973",MAHASAMUND,C.G.,NO,fravel@example.com,311478474165,,,,12TH,2023,SCIENCE,50001918,115880670,CBSE,500,263,SECOND,52.6,
742/84583,BHAVINI NATH,6172371635,M.Sc. (Botany - Final),BOTANY,23-02-2026,QADIM BAJWA,ZANSI DUGAL,ARMY PERSONNEL,21-05-2007,Female,GEN,,"H.NO. 010, SONI MARG, GUNTAKAL-124939","86/94, BUCH CIRCLE, BURHANPUR-902393",BEMETARA,C.G.,YES,tristan65@example.com,190763031939,,,,GRADUATION,2022,SCIENCE,07401008,913005629,STATE BOARD,500,336,FIRST,67.2,
919/72782,DOMINIC ANDRA,1645581320,B.A.,ARTS,19-01-2026,NOAH KUMAR,VRITTI MENON,ARMY PERSONNEL,08-10-2006,Male,SC,,"65, CHAUDHRY CIRCLE, DHANBAD-173250","079, RAJ GANJ, THANJAVUR 523294",RAIGARH,C.G.,NO,rajeshributala@example.net,594596239729,,,,12TH,2025,ARTS,95622347,983329851,STATE BOARD,500,437,FIRST,87.4,
412/83059,NEELIMA CHAHAL,8201563707,M.Sc. (Physics - Previous),PHYSICS,21-02-2026,MANAN SACHDEVA,SACHI SAXENA,ENGINEER,14-03-2003,Female,SC,,"16, BHALLA NAGAR, BIDAR 657945","H.NO. 199, MAGAR NAGAR, ROURKELA-953620",SUKMA,C.G.,NO,wganesh@example.com,460594622157,,,,GRADUATION,2025,SCIENCE,92398170,810223258,HEMCHAND YADAV UNIVERSITY,500,303,FIRST,60.6,
663/49346,ANAMIKA BASSI,4769995095,M.Sc. (Chemistry - Final),CHEMISTRY,03-02-2026,AARAV ANDRA,VEDHIKA BAWA,SHOPKEEPER,09-02-2008,Female,OBC,,"H.NO. 427, CHERIAN ZILA, LONI 789823","90, LATA, KATNI-554011",JANJGIR-CHAMPA,C.G.,NO,neelprasad@example.com,252087452353,,,,GRADUATION,2021,SCIENCE,06794150,651531034,STATE BOARD,500,357,FIRST,71.4,
616/57516,RAAGINI RATTAN,5960437294,BCA (Bachelor of Computer Applications),COMPUTER,07-01-2026,HARRISON BHAVSAR,ANUSHA SANKARAN,BUSINESS,18-11-2003,Female,ST,,"003, PERI MARG, ANANTAPURAM 469434","H.NO. 295, VARMA STREET, BARASAT 172135",BASTAR,C.G.,YES,samble@example.net,840995411212,,,,12TH,2023,ARTS,29983720,305147996,HEMCHAND YADAV UNIVERSITY,500,288,SECOND,57.6,
497/43442,RONITH WALI,1421432369,B.Sc. Biotechnology,-,09-03-2026,ABDUL RADHAKRISHNAN,BINA VARKEY,ARTIST,20-12-2008,Male,OBC,,"38/760, PINGLE GANJ, NASHIK 491141","02, DUGAL ROAD, MALEGAON 425831",KOREA,C.G.,YES,xbal@example.net,335158111679,,,,12TH,2025,SCIENCE,44394597,713650340,STATE BOARD,500,304,FIRST,60.8,
686/64351,IMARAN BOASE,3084028329,M.Sc. (Chemistry - Final),CHEMISTRY,24-02-2026,LUKE BAVA,ISHANVI SAHOTA,FARMER,22-09-2000,Male,GEN,,"54, SANKAR CIRCLE, JALANDHAR 081404","34, SHARAF STREET, ADONI 663250",SURGUJA,C.G.,NO,ladorinder@example.com,185776449917,,,,GRADUATION,2020,SCIENCE,81466209,028886774,HEMCHAND YADAV UNIVERSITY,500,440,FIRST,88.0,
464/27279,ISHITA TALWAR,4884496675,M.Sc. (Chemistry - Previous),CHEMISTRY,04-03-2026,FARAJ VASA,NIMRAT DARA,PRIVATE JOB,26-01-2006,Female,ST,,"43/360, RAGHAVAN CHOWK, SAMBHAL-774034","287, CHERIAN NAGAR, TENALI 522422",SUKMA,C.G.,NO,keervarsha@example.net,523921052483,,,,GRADUATION,2025,SCIENCE,01847298,575569584,STATE BOARD,500,285,SECOND,57.0,
387/11366,VICTOR SARAN,6023619217,PGDCA (Post Graduate Diploma in Computer Applications),COMPUTER,18-02-2026,GIRINDRA D’ALIA,ANIKA PUROHIT,SELF EMPLOYED,15-03-2002,Male,GEN,,"H.NO. 85, MANGAT MARG, BALLIA 795202","942, DASH CHOWK, DINDIGUL-297034",KANKER,C.G.,YES,manya24@example.net,049989846902,,,,GRADUATION,2021,ARTS,15980163,329421759,STATE BOARD,500,233,SECOND,46.6,
310/79240,LOPA DUTT,4387279864,M.Sc. (Mathematics - Final),MATHEMATICS,24-02-2026,GABRIEL MITAL,VAISHNAVI DIXIT,POLICE,19-03-2007,Female,SC,,"20/95, SIBAL MARG, ROHTAK 659917","H.NO. 90, LOKE CHOWK, KUMBAKONAM 723768",NARAYANPUR,C.G.,NO,riya52@example.org,766311773460,,,,GRADUATION,2021,SCIENCE,29458577,843164817,HEMCHAND YADAV UNIVERSITY,500,467,FIRST,93.4,
893/35487,RAKSHA KADE,7924307903,M.Sc. (Physics - Final),PHYSICS,11-02-2026,REYANSH D’ALIA,DAMINI PAI,TEACHER,14-02-2006,Female,SC,,"26/142, SOOD, GWALIOR 997092","92/070, CHAR ZILA, OZHUKARAI 677168",SUKMA,C.G.,NO,nandatanveer@example.org,253032588172,,,,GRADUATION,2023,SCIENCE,36180814,951967224,STATE BOARD,500,221,THIRD,44.2,
507/67207,ZINAL TANDON,1650340127,M.Sc. (Biotechnology - Previous),-,09-03-2026,KRISHNA SUR,NIKITA SARNA,SHOPKEEPER,07-11-2004,Female,OBC,,"H.NO. 36, DYAL CHOWK, AVADI-576245","646, GOKHALE, PANCHKULA-939965",SURGUJA,C.G.,YES,jatin35@example.net,120707255952,,,,GRADUATION,2020,SCIENCE,80712773,918171592,CBSE,500,203,THIRD,40.6,
896/55515,QUSHI BASU,4972341289,M.Sc. (Physics - Previous),PHYSICS,06-02-2026,OWEN NATT,URVI BARAD,BUSINESS,29-06-2008,Female,GEN,,"47/136, BALAKRISHNAN GANJ, PHAGWARA-629371","640, RATTAN ZILA, NOIDA-896848",BALOD,C.G.,NO,iyerwidisha@example.org,320308156029,,,,GRADUATION,2021,SCIENCE,71209254,738993773,HEMCHAND YADAV UNIVERSITY,500,447,FIRST,89.4,
726/87434,UDANT MANDAL,5406684260,B.Sc. Biotechnology,-,22-01-2026,RISHI DEY,JALSA WALI,DOCTOR,06-08-2004,Male,ST,,"82/38, SHETTY NAGAR, SRI GANGANAGAR 036557","450, HEGDE CIRCLE, AJMER-974303",MAHASAMUND,C.G.,YES,aviganesh@example.net,198094370283,,,,12TH,2022,SCIENCE,86372927,534975124,STATE BOARD,500,451,FIRST,90.2,
984/64257,DAKSHA MODI,1405173314,M.A. (Previous),ARTS,19-01-2026,LOGAN BORDE,BARKHA MITTAL,POLICE,04-01-2004,Female,GEN,,"H.NO. 522, MITTAL MARG, SURENDRANAGAR DUDHREJ 682537","87/93, GILL PATH, NOIDA-580813",RAIPUR,C.G.,NO,krishnahemangini@example.org,067976212999,,,,GRADUATION,2021,ARTS,83116497,954928893,STATE BOARD,500,274,SECOND,54.8,
683/43067,HIRAL DUBEY,9534638518,M.Sc. (Computer Science - Final),COMPUTER,01-01-2026,BALHAAR GROVER,AADHYA DALAL,LAWYER,25-03-2008,Female,SC,,"16/92, SACHDEV STREET, BARDHAMAN-127533","73/840, DIXIT, GUDIVADA-871770",BASTAR,C.G.,YES,xiti03@example.net,244537427443,,,,GRADUATION,2023,SCIENCE,91842939,899421975,HEMCHAND YADAV UNIVERSITY,500,259,SECOND,51.8,
242/14475,UPKAAR GARA,6662530791,B.Sc. Computer Science,COMPUTER,20-01-2026,CHANDRAN RAMESH,VANSHA SANI,FARMER,11-12-2003,Male,ST,,"64, CONTRACTOR ROAD, GOPALPUR 365999","H.NO. 293, DASGUPTA ZILA, KULTI 252642",KORBA,C.G.,YES,skar@example.org,393239057107,,,,12TH,2022,SCIENCE,32664706,588997379,STATE BOARD,500,429,FIRST,85.8,
157/10989,DALAJA PAL,9962371639,B.Lib (Bachelor of Library Science),LIBRARY SCIENCE,17-02-2026,ANSH KHOSLA,SHRAVYA NARANG,GOVT EMPLOYEE,19-02-2007,Female,GEN,,"H.NO. 802, PANCHAL ZILA, PALLAVARAM-921439","08, DESHPANDE PATH, SRINAGAR-908766",JASHPUR,C.G.,YES,soodcaleb@example.net,061897968206,,,,12TH,2024,ARTS,77139679,304212566,HEMCHAND YADAV UNIVERSITY,500,416,FIRST,83.2,
233/69786,OWEN DUBEY,8776527191,M.A. (Previous),ARTS,31-01-2026,DHRUV CHANDER,YASHAWINI BANIK,CARPENTER,01-11-2006,Male,GEN,,"H.NO. 67, BUMB ROAD, ANAND 639335","H.NO. 341, KULKARNI MARG, KATIHAR 264291",RAIPUR,C.G.,NO,yashodharabhargava@example.net,332202593569,,,,GRADUATION,2025,ARTS,80918854,896496998,STATE BOARD,500,494,FIRST,98.8,
362/57766,VICTOR MISRA,2904641249,M.A. (Final),ARTS,30-01-2026,KAI MITAL,NIHARIKA RAVI,FREELANCER,10-10-2007,Male,ST,,"909, MANN ROAD, THANJAVUR 693959","89/80, SETHI NAGAR, INDORE 009503",BALODA BAZAR,C.G.,YES,rajuanay@example.net,797887203187,,,,GRADUATION,2023,ARTS,51301700,004831853,STATE BOARD,500,359,FIRST,71.8,
442/88881,GABRIEL BRAR,3869074393,B.A.,ARTS,06-02-2026,JAGAT BHATNAGAR,AAHANA MITTAL,DRIVER,21-08-2007,Male,GEN,,"97/027, TOOR PATH, RAIPUR-228784","788, MUTTI GANJ, SILIGURI 537235",KORBA,C.G.,YES,jeevikasaha@example.net,952893340406,,,,12TH,2025,ARTS,62797509,759411562,STATE BOARD,500,462,FIRST,92.4,
808/61632,OSCAR DOCTOR,3112790024,B.Sc. (Biology),BIOLOGY,14-02-2026,TEJAS KADAKIA,YAUVANI TIWARI,TEACHER,15-06-2007,Male,OBC,,"66, PUROHIT CIRCLE, BHATPARA 635277","H.NO. 44, BARMAN GANJ, CHANDIGARH-490227",DHAMTARI,C.G.,YES,kandaindira@example.net,929762816637,,,,12TH,2024,SCIENCE,77588508,253797192,HEMCHAND YADAV UNIVERSITY,500,341,FIRST,68.2,
926/68781,UPASNA BATTA,7595307922,M.Sc. (Zoology - Final),ZOOLOGY,19-02-2026,KARAN KAKAR,UPMA PALL,MECHANIC,06-01-2004,Female,SC,,"H.NO. 044, TAK ZILA, BHAVNAGAR-461877","13, NAIR PATH, JHANSI-561351",SUKMA,C.G.,NO,trout@example.com,979246366201,,,,GRADUATION,2023,SCIENCE,28224098,244467908,HEMCHAND YADAV UNIVERSITY,500,478,FIRST,95.6,
303/78529,ROBERT BANSAL,0119973030,M.Sc. (Physics - Previous),PHYSICS,06-03-2026,GUNEET CHAR,IRA TELLA,LABOUR,03-08-2001,Male,SC,,"H.NO. 37, BHATTACHARYYA MARG, DELHI-949825","20/479, PRADHAN CIRCLE, KAVALI-886409",RAJNANDGAON,C.G.,YES,balendra34@example.org,214409901602,,,,GRADUATION,2025,SCIENCE,52149610,010439710,STATE BOARD,500,203,THIRD,40.6,
747/77641,AARNAV BAHRI,2434191315,M.Sc. (Mathematics - Final),MATHEMATICS,14-03-2026,NAVEEN MANI,VARSHA CHAND,TEACHER,17-01-2008,Male,OBC,,"48, MOHAN MARG, KISHANGANJ-726212","H.NO. 71, BHAKTA CIRCLE, SULTAN PUR MAJRA 152269",BEMETARA,C.G.,NO,lipika03@example.com,407022531358,,,,GRADUATION,2023,SCIENCE,58346715,383617030,STATE BOARD,500,390,FIRST,78.0,
694/63791,AMOL RASTOGI,8776707108,BAJMC (Bachelor of Arts in Journalism & Mass Communication),COMMERCE,18-03-2026,DANIEL DHAR,SANAYA KAR,RETIRED,07-02-2008,Male,ST,,"414, DESHPANDE MARG, SAHARANPUR-932907","537, ISSAC ROAD, GANGTOK-446307",KANKER,C.G.,NO,hayernachiket@example.org,818621049954,,,,12TH,2023,ARTS,15896645,551694091,CBSE,500,322,FIRST,64.4,
658/86135,NOAH PRADHAN,7489951318,M.A. (Final),ARTS,09-01-2026,KAI CHANDRAN,MEGHA PRADHAN,DRIVER,12-10-2008,Male,ST,,"H.NO. 54, PALAN CIRCLE, HOSPET 521617","11/58, GROVER, BOKARO 429610",GARIABAND,C.G.,YES,jackson93@example.com,449069649348,,,,GRADUATION,2023,ARTS,02075312,555621593,CBSE,500,357,FIRST,71.4,
742/32233,WIDISHA TAK,7536084254,B.Sc. IT (Information Technology),COMPUTER,02-01-2026,BALHAAR ANNE,SARA PERI,FARMER,16-05-2003,Female,GEN,,"H.NO. 82, ISSAC STREET, DIBRUGARH 548575","H.NO. 43, MANDA STREET, JODHPUR-869656",KORBA,C.G.,NO,bhatnagarhiral@example.net,169825268683,,,,12TH,2021,SCIENCE,04635670,355497398,HEMCHAND YADAV UNIVERSITY,500,413,FIRST,82.6,
557/82315,JAGDISH KHARE,8997840479,M.Sc. (Botany - Previous),BOTANY,26-01-2026,NAVEEN HAYRE,SUHANI MISRA,DRIVER,29-07-2004,Male,GEN,,"81, VIRK CHOWK, BHIWANDI 524967","43/94, SARRAF ROAD, KARIMNAGAR 534808",NARAYANPUR,C.G.,NO,ichander@example.net,156141470962,,,,GRADUATION,2020,SCIENCE,53790422,309455888,HEMCHAND YADAV UNIVERSITY,500,208,THIRD,41.6,
193/10676,AMAIRA NATT,9776432838,M.Sc. (Biotechnology - Previous),-,19-02-2026,OWEN PRABHAKAR,KRISHA BORRA,ELECTRICIAN,01-11-2006,Female,OBC,,"34/65, SOOD ZILA, DHARMAVARAM-280868","74/82, RAMESH STREET, ALWAR 099464",MAHASAMUND,C.G.,NO,srinivasansathvik@example.net,538619331910,,,,GRADUATION,2022,SCIENCE,68292622,397650107,HEMCHAND YADAV UNIVERSITY,500,305,FIRST,61.0,
360/57065,IKSHITA PANDYA,1834215414,M.A. (Final),ARTS,18-01-2026,SIMON SATHE,DEEPA SHAH,SELF EMPLOYED,14-04-2005,Female,GEN,,"48, BAL ZILA, RAIGANJ 000455","H.NO. 72, MODI ZILA, UDAIPUR 686987",BIJAPUR,C.G.,NO,inayahora@example.com,272318612657,,,,GRADUATION,2023,ARTS,04870342,557241708,HEMCHAND YADAV UNIVERSITY,500,423,FIRST,84.6,
543/88861,GAURANGI ZACHARIA,5708950417,M.Sc. (Computer Science - Final),COMPUTER,21-02-2026,GIRINDRA VERMA,ZARNA SIDHU,ELECTRICIAN,06-04-2007,Female,ST,,"H.NO. 98, RANDHAWA CHOWK, DURGAPUR-755086","59/720, AURORA GANJ, JEHANABAD 842038",BASTAR,C.G.,YES,omlakshit@example.org,822184163740,,,,GRADUATION,2023,SCIENCE,82740440,757238640,CBSE,500,312,FIRST,62.4,
279/43626,AYAAN ARYA,9951611790,M.Sc. (Botany - Final),BOTANY,12-02-2026,LABAN MANI,AMARA PAREKH,PLUMBER,08-11-2008,Male,GEN,,"H.NO. 527, TOOR GANJ, RAICHUR-864560","25/25, OOMMEN ZILA, MAHESHTALA-090551",JASHPUR,C.G.,YES,pantvedhika@example.com,858783382261,,,,GRADUATION,2025,SCIENCE,50664745,894247384,CBSE,500,370,FIRST,74.0,
355/72950,MEGHANA SACHDEVA,9897137903,M.Sc. (Botany - Final),BOTANY,09-02-2026,MAANAS VIRK,LILA SHETH,ELECTRICIAN,19-12-2004,Female,SC,,"84/088, SACHDEVA ZILA, SASARAM-218862","77, KARA ZILA, DELHI-509662",JANJGIR-CHAMPA,C.G.,YES,noahtella@example.com,544464068616,,,,GRADUATION,2024,SCIENCE,10519820,392897364,STATE BOARD,500,470,FIRST,94.0,
528/39545,SNEHA APTE,0747986662,BCA (Bachelor of Computer Applications),COMPUTER,03-01-2026,ZAYYAN GOEL,VEDHIKA MODY,ELECTRICIAN,17-07-2001,Female,ST,,"H.NO. 84, BORA CIRCLE, MORENA-512839","55/90, JHA NAGAR, DHULE-644129",RAIPUR,C.G.,NO,noommen@example.net,179445383599,,,,12TH,2023,ARTS,56257411,339571348,STATE BOARD,500,398,FIRST,79.6,
411/26371,KIAAN MAHAJAN,2494272155,M.Com. (Previous),COMMERCE,29-01-2026,OWEN MANGAT,CHAMELI BEN,CLERK,03-07-2004,Male,GEN,,"600, CHOUDHARY PATH, MACHILIPATNAM 249141","H.NO. 16, NARANG, ELURU 230322",GARIABAND,C.G.,NO,yatinpalla@example.net,099462694061,,,,GRADUATION,2021,COMMERCE,75670930,606691834,STATE BOARD,500,346,FIRST,69.2,
656/58551,YACHANA VARMA,6636521687,B.Sc. Biotechnology,-,14-02-2026,TEJAS WARRIOR,VANSHA MOHAN,SHOPKEEPER,26-11-2004,Female,SC,,"10/37, GOLE PATH, RAEBARELI-054515","H.NO. 28, REGE CIRCLE, AMRAVATI 659565",KORBA,C.G.,NO,wdate@example.org,109097871057,,,,12TH,2020,SCIENCE,52535158,275234619,HEMCHAND YADAV UNIVERSITY,500,418,FIRST,83.6,
785/55073,BAGHYAWATI PARMAR,7732950931,M.Com. (Final),COMMERCE,17-03-2026,ROBERT BABU,XALAK KATA,FREELANCER,29-06-2001,Female,GEN,,"19, JOSHI MARG, RAJKOT 246161","598, LALL GANJ, LONI 389397",DHAMTARI,C.G.,YES,gokhalefariq@example.com,734428478988,,,,GRADUATION,2025,COMMERCE,27689074,059647497,STATE BOARD,500,485,FIRST,97.0,
402/68418,NETRA MITTER,2728592945,M.Sc. (Computer Science - Previous),COMPUTER,10-03-2026,ONVEER KRISHNAN,TAMANNA MISRA,PLUMBER,04-06-2001,Female,SC,,"53/832, BALI ZILA, AMBARNATH 598590","H.NO. 78, WAGLE MARG, KHARAGPUR 628785",BALRAMPUR,C.G.,NO,sarthak83@example.com,081339982175,,,,GRADUATION,2024,SCIENCE,98515630,300267254,HEMCHAND YADAV UNIVERSITY,500,326,FIRST,65.2,
130/31283,WRIDDHISH PRASAD,7579256958,M.Sc. (Computer Science - Previous),COMPUTER,04-02-2026,MAANAV CHHABRA,YADAVI GOLA,ARTIST,01-07-2004,Male,SC,,"H.NO. 064, RADHAKRISHNAN, AMARAVATI 118872","H.NO. 920, GANESAN CHOWK, GORAKHPUR-328350",KOREA,C.G.,NO,nandini11@example.org,446544493929,,,,GRADUATION,2021,SCIENCE,06653984,040077295,HEMCHAND YADAV UNIVERSITY,500,435,FIRST,87.0,
795/48801,DARPAN SENGUPTA,4539165711,M.Sc. (Physics - Final),PHYSICS,06-01-2026,HREDHAAN SAXENA,KASHISH PALLA,ELECTRICIAN,16-06-2004,Male,OBC,,"H.NO. 37, SOM ROAD, ETAWAH-100180","56/67, DANI MARG, KARIMNAGAR-566005",BEMETARA,C.G.,YES,dhruvthaman@example.com,870242498007,,,,GRADUATION,2025,SCIENCE,18070473,724791977,CBSE,500,429,FIRST,85.8,
258/26865,SUHANI PALL,9816890395,M.Sc. (Zoology - Final),ZOOLOGY,16-01-2026,MADHAV NIGAM,YAHVI PATLA,ELECTRICIAN,31-10-2000,Female,SC,,"12, TANDON NAGAR, UDAIPUR-931801","H.NO. 805, SANDHU STREET, SIRSA 673197",MAHASAMUND,C.G.,YES,gsastry@example.com,951195180983,,,,GRADUATION,2020,SCIENCE,04593689,306443025,CBSE,500,341,FIRST,68.2,
